protein_name,mutations,evol_indices
Gag_p24,wt,-0.0
Gag_p24,P133A,11.519562
Gag_p24,P133C,15.016724
Gag_p24,P133D,15.046066
Gag_p24,P133E,13.763382
Gag_p24,P133F,14.984283
Gag_p24,P133G,12.817627
Gag_p24,P133H,10.686111
Gag_p24,P133I,14.993301
Gag_p24,P133K,15.089584
Gag_p24,P133L,10.651001
Gag_p24,P133M,12.586899
Gag_p24,P133N,14.544617
Gag_p24,P133Q,14.986404
Gag_p24,P133R,12.321503
Gag_p24,P133S,9.89183
Gag_p24,P133T,13.763809
Gag_p24,P133V,15.075699
Gag_p24,P133W,15.030884
Gag_p24,P133Y,15.077866
Gag_p24,I134A,13.743179
Gag_p24,I134C,13.710556
Gag_p24,I134D,13.723114
Gag_p24,I134E,13.781082
Gag_p24,I134F,12.674759
Gag_p24,I134G,13.6393585
Gag_p24,I134H,13.122391
Gag_p24,I134K,10.190628
Gag_p24,I134L,6.7146606
Gag_p24,I134M,9.13324
Gag_p24,I134N,13.741959
Gag_p24,I134P,13.736038
Gag_p24,I134Q,13.68364
Gag_p24,I134R,13.730896
Gag_p24,I134S,12.7855835
Gag_p24,I134T,10.175705
Gag_p24,I134V,5.426895
Gag_p24,I134W,13.769104
Gag_p24,I134Y,12.362579
Gag_p24,V135A,10.559189
Gag_p24,V135C,13.393585
Gag_p24,V135D,14.226501
Gag_p24,V135E,11.006241
Gag_p24,V135F,14.059967
Gag_p24,V135G,8.947632
Gag_p24,V135H,14.2543335
Gag_p24,V135I,6.2045593
Gag_p24,V135K,13.142166
Gag_p24,V135L,8.237289
Gag_p24,V135M,8.048477
Gag_p24,V135N,14.105209
Gag_p24,V135P,11.384781
Gag_p24,V135Q,14.087967
Gag_p24,V135R,13.075562
Gag_p24,V135S,12.178055
Gag_p24,V135T,14.141983
Gag_p24,V135W,13.996658
Gag_p24,V135Y,13.6358795
Gag_p24,Q136A,10.173889
Gag_p24,Q136C,13.959732
Gag_p24,Q136D,14.026489
Gag_p24,Q136E,10.16124
Gag_p24,Q136F,13.999115
Gag_p24,Q136G,12.940186
Gag_p24,Q136H,8.73381
Gag_p24,Q136I,14.085541
Gag_p24,Q136K,10.362534
Gag_p24,Q136L,12.146561
Gag_p24,Q136M,10.979477
Gag_p24,Q136N,11.868652
Gag_p24,Q136P,9.262817
Gag_p24,Q136R,5.1458893
Gag_p24,Q136S,10.449265
Gag_p24,Q136T,9.383255
Gag_p24,Q136V,13.984482
Gag_p24,Q136W,14.040329
Gag_p24,Q136Y,13.999634
Gag_p24,N137A,14.229904
Gag_p24,N137C,14.196335
Gag_p24,N137D,8.079803
Gag_p24,N137E,14.223129
Gag_p24,N137F,14.240143
Gag_p24,N137G,9.078873
Gag_p24,N137H,9.680298
Gag_p24,N137I,10.602829
Gag_p24,N137K,8.670914
Gag_p24,N137L,14.214661
Gag_p24,N137M,12.972382
Gag_p24,N137P,12.25914
Gag_p24,N137Q,14.047638
Gag_p24,N137R,14.289261
Gag_p24,N137S,7.966446
Gag_p24,N137T,9.588379
Gag_p24,N137V,14.228928
Gag_p24,N137W,14.2973175
Gag_p24,N137Y,11.405884
Gag_p24,L138A,4.012436
Gag_p24,L138C,8.821304
Gag_p24,L138D,10.142563
Gag_p24,L138E,10.330994
Gag_p24,L138F,6.150284
Gag_p24,L138G,7.626404
Gag_p24,L138H,5.479477
Gag_p24,L138I,2.0497284
Gag_p24,L138K,11.249191
Gag_p24,L138M,1.956253
Gag_p24,L138N,9.801422
Gag_p24,L138P,6.242279
Gag_p24,L138Q,7.856186
Gag_p24,L138R,9.950851
Gag_p24,L138S,4.3500214
Gag_p24,L138T,6.4002533
Gag_p24,L138V,3.9747314
Gag_p24,L138W,11.585983
Gag_p24,L138Y,10.070877
Gag_p24,Q139A,12.172699
Gag_p24,Q139C,14.583466
Gag_p24,Q139D,14.5681305
Gag_p24,Q139E,11.366852
Gag_p24,Q139F,14.563049
Gag_p24,Q139G,13.401596
Gag_p24,Q139H,11.092041
Gag_p24,Q139I,14.5954895
Gag_p24,Q139K,9.995316
Gag_p24,Q139L,10.362381
Gag_p24,Q139M,10.898087
Gag_p24,Q139N,14.540741
Gag_p24,Q139P,9.380463
Gag_p24,Q139R,8.219711
Gag_p24,Q139S,14.543121
Gag_p24,Q139T,11.472565
Gag_p24,Q139V,13.921539
Gag_p24,Q139W,14.580582
Gag_p24,Q139Y,14.549942
Gag_p24,G140A,12.136429
Gag_p24,G140C,15.631653
Gag_p24,G140D,15.630615
Gag_p24,G140E,10.384506
Gag_p24,G140F,15.653229
Gag_p24,G140H,15.631332
Gag_p24,G140I,15.556335
Gag_p24,G140K,15.585434
Gag_p24,G140L,15.668182
Gag_p24,G140M,15.565765
Gag_p24,G140N,15.577957
Gag_p24,G140P,15.614838
Gag_p24,G140Q,15.659317
Gag_p24,G140R,9.406052
Gag_p24,G140S,13.843094
Gag_p24,G140T,15.647858
Gag_p24,G140V,14.26709
Gag_p24,G140W,13.040985
Gag_p24,G140Y,15.594406
Gag_p24,Q141A,7.5885773
Gag_p24,Q141C,14.06662
Gag_p24,Q141D,12.453735
Gag_p24,Q141E,10.316391
Gag_p24,Q141F,14.062408
Gag_p24,Q141G,10.597488
Gag_p24,Q141H,7.497528
Gag_p24,Q141I,12.332504
Gag_p24,Q141K,10.441162
Gag_p24,Q141L,9.719452
Gag_p24,Q141M,14.081253
Gag_p24,Q141N,11.701889
Gag_p24,Q141P,9.180557
Gag_p24,Q141R,9.145905
Gag_p24,Q141S,14.086441
Gag_p24,Q141T,11.154327
Gag_p24,Q141V,12.087387
Gag_p24,Q141W,14.075592
Gag_p24,Q141Y,14.079041
Gag_p24,M142A,8.028061
Gag_p24,M142C,13.533936
Gag_p24,M142D,13.475037
Gag_p24,M142E,13.546921
Gag_p24,M142F,9.879166
Gag_p24,M142G,13.519409
Gag_p24,M142H,7.7864532
Gag_p24,M142I,9.571304
Gag_p24,M142K,10.310577
Gag_p24,M142L,7.09964
Gag_p24,M142N,10.153885
Gag_p24,M142P,6.4688416
Gag_p24,M142Q,10.993942
Gag_p24,M142R,9.176758
Gag_p24,M142S,9.849442
Gag_p24,M142T,9.270691
Gag_p24,M142V,8.965332
Gag_p24,M142W,7.0129395
Gag_p24,M142Y,9.997528
Gag_p24,V143A,7.4062347
Gag_p24,V143C,13.545929
Gag_p24,V143D,13.604477
Gag_p24,V143E,9.749252
Gag_p24,V143F,13.111664
Gag_p24,V143G,9.303162
Gag_p24,V143H,13.575439
Gag_p24,V143I,5.202286
Gag_p24,V143K,12.518768
Gag_p24,V143L,9.953354
Gag_p24,V143M,7.728256
Gag_p24,V143N,13.673233
Gag_p24,V143P,11.724915
Gag_p24,V143Q,11.236313
Gag_p24,V143R,13.623245
Gag_p24,V143S,9.088165
Gag_p24,V143T,5.5069275
Gag_p24,V143W,13.651779
Gag_p24,V143Y,12.712662
Gag_p24,H144A,14.31189
Gag_p24,H144C,14.315567
Gag_p24,H144D,12.315659
Gag_p24,H144E,14.327515
Gag_p24,H144F,10.638641
Gag_p24,H144G,14.234573
Gag_p24,H144I,12.812286
Gag_p24,H144K,14.273499
Gag_p24,H144L,8.866852
Gag_p24,H144M,14.278915
Gag_p24,H144N,9.897614
Gag_p24,H144P,9.769302
Gag_p24,H144Q,10.184265
Gag_p24,H144R,8.947769
Gag_p24,H144S,12.017792
Gag_p24,H144T,12.863113
Gag_p24,H144V,14.188705
Gag_p24,H144W,14.301971
Gag_p24,H144Y,6.031479
Gag_p24,Q145A,11.24263
Gag_p24,Q145C,14.396713
Gag_p24,Q145D,14.402206
Gag_p24,Q145E,12.834122
Gag_p24,Q145F,14.392929
Gag_p24,Q145G,13.302277
Gag_p24,Q145H,9.194931
Gag_p24,Q145I,14.434891
Gag_p24,Q145K,14.359863
Gag_p24,Q145L,11.2200775
Gag_p24,Q145M,11.116333
Gag_p24,Q145N,7.643738
Gag_p24,Q145P,9.72731
Gag_p24,Q145R,9.85083
Gag_p24,Q145S,8.406128
Gag_p24,Q145T,9.779083
Gag_p24,Q145V,11.296478
Gag_p24,Q145W,13.753357
Gag_p24,Q145Y,14.390106
Gag_p24,A146C,7.7132874
Gag_p24,A146D,9.883484
Gag_p24,A146E,10.786102
Gag_p24,A146F,12.221451
Gag_p24,A146G,7.323059
Gag_p24,A146H,8.227478
Gag_p24,A146I,10.96756
Gag_p24,A146K,12.089584
Gag_p24,A146L,9.806931
Gag_p24,A146M,12.234299
Gag_p24,A146N,5.7448273
Gag_p24,A146P,0.44891357
Gag_p24,A146Q,12.184128
Gag_p24,A146R,9.600723
Gag_p24,A146S,3.3576965
Gag_p24,A146T,4.922577
Gag_p24,A146V,6.3739777
Gag_p24,A146W,12.124863
Gag_p24,A146Y,11.018372
Gag_p24,I147A,11.43074
Gag_p24,I147C,12.412537
Gag_p24,I147D,12.40567
Gag_p24,I147E,12.441467
Gag_p24,I147F,7.85907
Gag_p24,I147G,10.903152
Gag_p24,I147H,11.972031
Gag_p24,I147K,12.429367
Gag_p24,I147L,1.2793274
Gag_p24,I147M,3.415512
Gag_p24,I147N,12.375946
Gag_p24,I147P,9.245377
Gag_p24,I147Q,12.359741
Gag_p24,I147R,12.416565
Gag_p24,I147S,11.2578125
Gag_p24,I147T,8.8602295
Gag_p24,I147V,5.546112
Gag_p24,I147W,11.548157
Gag_p24,I147Y,11.315704
Gag_p24,S148A,5.1943817
Gag_p24,S148C,12.42218
Gag_p24,S148D,13.044434
Gag_p24,S148E,10.927567
Gag_p24,S148F,13.02597
Gag_p24,S148G,11.19751
Gag_p24,S148H,11.66304
Gag_p24,S148I,12.289291
Gag_p24,S148K,11.44278
Gag_p24,S148L,10.892227
Gag_p24,S148M,11.455765
Gag_p24,S148N,13.12381
Gag_p24,S148P,8.390015
Gag_p24,S148Q,11.656235
Gag_p24,S148R,13.051071
Gag_p24,S148T,4.1010895
Gag_p24,S148V,13.083389
Gag_p24,S148W,13.161484
Gag_p24,S148Y,11.336121
Gag_p24,P149A,5.538727
Gag_p24,P149C,13.949295
Gag_p24,P149D,13.884415
Gag_p24,P149E,13.881485
Gag_p24,P149F,13.918747
Gag_p24,P149G,13.961578
Gag_p24,P149H,12.639618
Gag_p24,P149I,13.971695
Gag_p24,P149K,13.947418
Gag_p24,P149L,9.305313
Gag_p24,P149M,13.910965
Gag_p24,P149N,12.103165
Gag_p24,P149Q,13.94104
Gag_p24,P149R,12.494598
Gag_p24,P149S,9.364136
Gag_p24,P149T,9.4318695
Gag_p24,P149V,13.994171
Gag_p24,P149W,14.015213
Gag_p24,P149Y,12.002884
Gag_p24,R150A,13.251221
Gag_p24,R150C,14.510895
Gag_p24,R150D,13.882828
Gag_p24,R150E,11.395065
Gag_p24,R150F,14.503784
Gag_p24,R150G,9.317062
Gag_p24,R150H,14.497498
Gag_p24,R150I,10.856277
Gag_p24,R150K,7.396332
Gag_p24,R150L,11.787262
Gag_p24,R150M,12.165009
Gag_p24,R150N,13.150467
Gag_p24,R150P,14.393646
Gag_p24,R150Q,14.671646
Gag_p24,R150S,10.317352
Gag_p24,R150T,8.775085
Gag_p24,R150V,14.478775
Gag_p24,R150W,14.549622
Gag_p24,R150Y,14.540802
Gag_p24,T151A,8.303696
Gag_p24,T151C,13.126221
Gag_p24,T151D,14.411606
Gag_p24,T151E,14.472702
Gag_p24,T151F,14.472473
Gag_p24,T151G,13.618362
Gag_p24,T151H,13.655319
Gag_p24,T151I,9.007034
Gag_p24,T151K,13.814499
Gag_p24,T151L,9.147888
Gag_p24,T151M,14.4857025
Gag_p24,T151N,11.011032
Gag_p24,T151P,9.147507
Gag_p24,T151Q,14.476288
Gag_p24,T151R,13.015213
Gag_p24,T151S,10.877029
Gag_p24,T151V,11.521576
Gag_p24,T151W,14.49469
Gag_p24,T151Y,14.608322
Gag_p24,L152A,15.204651
Gag_p24,L152C,15.97876
Gag_p24,L152D,15.980606
Gag_p24,L152E,16.04979
Gag_p24,L152F,10.779358
Gag_p24,L152G,15.973541
Gag_p24,L152H,14.842148
Gag_p24,L152I,15.699631
Gag_p24,L152K,15.957077
Gag_p24,L152M,12.505264
Gag_p24,L152N,15.941391
Gag_p24,L152P,14.24704
Gag_p24,L152Q,15.998642
Gag_p24,L152R,13.510147
Gag_p24,L152S,10.259369
Gag_p24,L152T,15.990219
Gag_p24,L152V,13.376511
Gag_p24,L152W,13.322342
Gag_p24,L152Y,16.028381
Gag_p24,N153A,12.450958
Gag_p24,N153C,14.933807
Gag_p24,N153D,9.981552
Gag_p24,N153E,11.919556
Gag_p24,N153F,14.9470215
Gag_p24,N153G,10.298691
Gag_p24,N153H,12.915573
Gag_p24,N153I,10.515442
Gag_p24,N153K,10.059143
Gag_p24,N153L,15.037506
Gag_p24,N153M,14.95488
Gag_p24,N153P,14.904251
Gag_p24,N153Q,14.936203
Gag_p24,N153R,14.8936615
Gag_p24,N153S,8.80864
Gag_p24,N153T,13.356827
Gag_p24,N153V,14.921234
Gag_p24,N153W,14.81044
Gag_p24,N153Y,11.452042
Gag_p24,A154C,12.374588
Gag_p24,A154D,13.9279175
Gag_p24,A154E,15.467621
Gag_p24,A154F,15.608337
Gag_p24,A154G,12.671692
Gag_p24,A154H,15.679779
Gag_p24,A154I,15.631561
Gag_p24,A154K,15.609772
Gag_p24,A154L,14.217209
Gag_p24,A154M,13.270462
Gag_p24,A154N,15.670822
Gag_p24,A154P,15.03479
Gag_p24,A154Q,14.484268
Gag_p24,A154R,14.867752
Gag_p24,A154S,12.13295
Gag_p24,A154T,9.893387
Gag_p24,A154V,10.542648
Gag_p24,A154W,15.573303
Gag_p24,A154Y,15.579559
Gag_p24,W155A,15.6449585
Gag_p24,W155C,10.890472
Gag_p24,W155D,15.603165
Gag_p24,W155E,14.259003
Gag_p24,W155F,15.516235
Gag_p24,W155G,10.022949
Gag_p24,W155H,14.820679
Gag_p24,W155I,15.529297
Gag_p24,W155K,15.630737
Gag_p24,W155L,10.940491
Gag_p24,W155M,11.630386
Gag_p24,W155N,15.592255
Gag_p24,W155P,15.663971
Gag_p24,W155Q,14.025528
Gag_p24,W155R,11.504395
Gag_p24,W155S,12.678833
Gag_p24,W155T,15.626602
Gag_p24,W155V,15.539001
Gag_p24,W155Y,15.613953
Gag_p24,V156A,8.773758
Gag_p24,V156C,12.830872
Gag_p24,V156D,14.925354
Gag_p24,V156E,10.031891
Gag_p24,V156F,14.867615
Gag_p24,V156G,9.573654
Gag_p24,V156H,14.846115
Gag_p24,V156I,8.800446
Gag_p24,V156K,13.622681
Gag_p24,V156L,10.336182
Gag_p24,V156M,11.476578
Gag_p24,V156N,14.879852
Gag_p24,V156P,14.853897
Gag_p24,V156Q,14.813202
Gag_p24,V156R,14.7929535
Gag_p24,V156S,12.721115
Gag_p24,V156T,14.746902
Gag_p24,V156W,14.598358
Gag_p24,V156Y,14.840439
Gag_p24,K157A,15.208466
Gag_p24,K157C,15.245239
Gag_p24,K157D,15.30513
Gag_p24,K157E,9.686707
Gag_p24,K157F,13.935272
Gag_p24,K157G,13.188156
Gag_p24,K157H,15.195404
Gag_p24,K157I,11.019348
Gag_p24,K157L,15.241394
Gag_p24,K157M,15.301834
Gag_p24,K157N,14.249878
Gag_p24,K157P,15.329575
Gag_p24,K157Q,12.820282
Gag_p24,K157R,8.814682
Gag_p24,K157S,12.946304
Gag_p24,K157T,14.903564
Gag_p24,K157V,12.845123
Gag_p24,K157W,15.272278
Gag_p24,K157Y,15.284927
Gag_p24,V158A,7.4691772
Gag_p24,V158C,14.332336
Gag_p24,V158D,14.307312
Gag_p24,V158E,10.501007
Gag_p24,V158F,14.356491
Gag_p24,V158G,11.384125
Gag_p24,V158H,14.322296
Gag_p24,V158I,9.961136
Gag_p24,V158K,11.682678
Gag_p24,V158L,12.242355
Gag_p24,V158M,10.843262
Gag_p24,V158N,14.360306
Gag_p24,V158P,14.348236
Gag_p24,V158Q,13.916031
Gag_p24,V158R,14.332565
Gag_p24,V158S,10.615952
Gag_p24,V158T,11.395935
Gag_p24,V158W,14.350998
Gag_p24,V158Y,13.251862
Gag_p24,V159A,12.291183
Gag_p24,V159C,11.653946
Gag_p24,V159D,12.421753
Gag_p24,V159E,9.688904
Gag_p24,V159F,11.493866
Gag_p24,V159G,9.55368
Gag_p24,V159H,12.418747
Gag_p24,V159I,1.7614288
Gag_p24,V159K,10.979523
Gag_p24,V159L,9.110123
Gag_p24,V159M,9.761261
Gag_p24,V159N,10.739716
Gag_p24,V159P,12.515961
Gag_p24,V159Q,12.545654
Gag_p24,V159R,12.138779
Gag_p24,V159S,10.750351
Gag_p24,V159T,10.934662
Gag_p24,V159W,11.765488
Gag_p24,V159Y,12.139801
Gag_p24,E160A,11.745102
Gag_p24,E160C,15.0448
Gag_p24,E160D,11.549942
Gag_p24,E160F,14.982956
Gag_p24,E160G,9.617889
Gag_p24,E160H,13.422745
Gag_p24,E160I,15.056427
Gag_p24,E160K,7.7808228
Gag_p24,E160L,11.750092
Gag_p24,E160M,15.010315
Gag_p24,E160N,15.044678
Gag_p24,E160P,14.973785
Gag_p24,E160Q,13.170929
Gag_p24,E160R,10.420883
Gag_p24,E160S,14.9904785
Gag_p24,E160T,15.054138
Gag_p24,E160V,12.118332
Gag_p24,E160W,15.0238495
Gag_p24,E160Y,15.00412
Gag_p24,E161A,10.244705
Gag_p24,E161C,14.216873
Gag_p24,E161D,6.778
Gag_p24,E161F,14.195404
Gag_p24,E161G,8.396149
Gag_p24,E161H,14.305313
Gag_p24,E161I,14.257828
Gag_p24,E161K,7.536331
Gag_p24,E161L,13.12114
Gag_p24,E161M,12.803116
Gag_p24,E161N,14.26709
Gag_p24,E161P,14.336548
Gag_p24,E161Q,11.067291
Gag_p24,E161R,10.035141
Gag_p24,E161S,11.98819
Gag_p24,E161T,14.18071
Gag_p24,E161V,11.097519
Gag_p24,E161W,14.249939
Gag_p24,E161Y,14.197479
Gag_p24,K162A,12.192337
Gag_p24,K162C,12.68634
Gag_p24,K162D,13.0924835
Gag_p24,K162E,8.371155
Gag_p24,K162F,13.803619
Gag_p24,K162G,13.821213
Gag_p24,K162H,13.831604
Gag_p24,K162I,13.89061
Gag_p24,K162L,10.12381
Gag_p24,K162M,9.883881
Gag_p24,K162N,9.616226
Gag_p24,K162P,12.2078705
Gag_p24,K162Q,11.964645
Gag_p24,K162R,6.540283
Gag_p24,K162S,11.19342
Gag_p24,K162T,12.103714
Gag_p24,K162V,13.884491
Gag_p24,K162W,12.793976
Gag_p24,K162Y,13.701706
Gag_p24,A163C,9.901154
Gag_p24,A163D,9.305008
Gag_p24,A163E,11.553879
Gag_p24,A163F,13.053848
Gag_p24,A163G,5.5244293
Gag_p24,A163H,13.26738
Gag_p24,A163I,13.302628
Gag_p24,A163K,12.380615
Gag_p24,A163L,10.345581
Gag_p24,A163M,13.380966
Gag_p24,A163N,5.644211
Gag_p24,A163P,13.310806
Gag_p24,A163Q,8.219177
Gag_p24,A163R,12.475662
Gag_p24,A163S,5.2925873
Gag_p24,A163T,10.402512
Gag_p24,A163V,8.665573
Gag_p24,A163W,13.270264
Gag_p24,A163Y,13.393631
Gag_p24,F164A,14.122253
Gag_p24,F164C,12.905746
Gag_p24,F164D,15.74968
Gag_p24,F164E,15.600571
Gag_p24,F164G,12.1635895
Gag_p24,F164H,15.676987
Gag_p24,F164I,15.63768
Gag_p24,F164K,14.047455
Gag_p24,F164L,10.042862
Gag_p24,F164M,15.717178
Gag_p24,F164N,15.624741
Gag_p24,F164P,15.664932
Gag_p24,F164Q,15.625885
Gag_p24,F164R,12.55957
Gag_p24,F164S,11.488571
Gag_p24,F164T,15.642456
Gag_p24,F164V,10.33049
Gag_p24,F164W,15.746246
Gag_p24,F164Y,13.273193
Gag_p24,S165A,10.620239
Gag_p24,S165C,10.731934
Gag_p24,S165D,13.636154
Gag_p24,S165E,12.68779
Gag_p24,S165F,10.909271
Gag_p24,S165G,9.766113
Gag_p24,S165H,12.691254
Gag_p24,S165I,9.637466
Gag_p24,S165K,8.0950775
Gag_p24,S165L,12.2907715
Gag_p24,S165M,13.501831
Gag_p24,S165N,4.5621033
Gag_p24,S165P,12.8289795
Gag_p24,S165Q,9.559662
Gag_p24,S165R,11.378265
Gag_p24,S165T,9.337738
Gag_p24,S165V,13.612869
Gag_p24,S165W,13.592453
Gag_p24,S165Y,12.47702
Gag_p24,P166A,13.877945
Gag_p24,P166C,16.1801
Gag_p24,P166D,16.067978
Gag_p24,P166E,16.09761
Gag_p24,P166F,14.045288
Gag_p24,P166G,16.153091
Gag_p24,P166H,16.170578
Gag_p24,P166I,15.292664
Gag_p24,P166K,16.19049
Gag_p24,P166L,12.988815
Gag_p24,P166M,16.138046
Gag_p24,P166N,16.168839
Gag_p24,P166Q,11.144836
Gag_p24,P166R,14.3967285
Gag_p24,P166S,11.81041
Gag_p24,P166T,12.388504
Gag_p24,P166V,16.147812
Gag_p24,P166W,16.20076
Gag_p24,P166Y,16.149765
Gag_p24,E167A,13.311905
Gag_p24,E167C,14.887558
Gag_p24,E167D,10.737625
Gag_p24,E167F,14.904129
Gag_p24,E167G,8.686691
Gag_p24,E167H,14.905838
Gag_p24,E167I,14.881088
Gag_p24,E167K,8.334732
Gag_p24,E167L,15.002243
Gag_p24,E167M,14.998657
Gag_p24,E167N,14.969345
Gag_p24,E167P,14.940262
Gag_p24,E167Q,9.651627
Gag_p24,E167R,10.612137
Gag_p24,E167S,14.799774
Gag_p24,E167T,14.892242
Gag_p24,E167V,13.098984
Gag_p24,E167W,14.9640045
Gag_p24,E167Y,14.916779
Gag_p24,V168A,10.208862
Gag_p24,V168C,13.759155
Gag_p24,V168D,13.726349
Gag_p24,V168E,12.47905
Gag_p24,V168F,13.769455
Gag_p24,V168G,12.763367
Gag_p24,V168H,13.733902
Gag_p24,V168I,5.1640167
Gag_p24,V168K,13.588745
Gag_p24,V168L,10.073334
Gag_p24,V168M,10.629257
Gag_p24,V168N,13.76178
Gag_p24,V168P,13.804184
Gag_p24,V168Q,13.752396
Gag_p24,V168R,13.804733
Gag_p24,V168S,11.996216
Gag_p24,V168T,8.606674
Gag_p24,V168W,13.864563
Gag_p24,V168Y,13.82962
Gag_p24,I169A,13.143295
Gag_p24,I169C,14.589615
Gag_p24,I169D,14.708862
Gag_p24,I169E,14.549622
Gag_p24,I169F,13.156937
Gag_p24,I169G,13.13118
Gag_p24,I169H,14.654465
Gag_p24,I169K,10.869202
Gag_p24,I169L,11.075409
Gag_p24,I169M,9.4652405
Gag_p24,I169N,12.432526
Gag_p24,I169P,14.658966
Gag_p24,I169Q,14.510513
Gag_p24,I169R,11.342392
Gag_p24,I169S,14.559204
Gag_p24,I169T,10.661774
Gag_p24,I169V,7.8415527
Gag_p24,I169W,14.528015
Gag_p24,I169Y,12.282974
Gag_p24,P170A,13.608856
Gag_p24,P170C,15.2916565
Gag_p24,P170D,15.2252655
Gag_p24,P170E,15.260941
Gag_p24,P170F,14.462738
Gag_p24,P170G,15.337845
Gag_p24,P170H,11.184937
Gag_p24,P170I,15.247467
Gag_p24,P170K,15.307388
Gag_p24,P170L,9.855545
Gag_p24,P170M,15.362091
Gag_p24,P170N,15.33696
Gag_p24,P170Q,15.30159
Gag_p24,P170R,10.480026
Gag_p24,P170S,9.4431
Gag_p24,P170T,12.804718
Gag_p24,P170V,15.387253
Gag_p24,P170W,15.276581
Gag_p24,P170Y,15.215668
Gag_p24,M171A,14.699707
Gag_p24,M171C,11.9785
Gag_p24,M171D,13.173965
Gag_p24,M171E,13.199066
Gag_p24,M171F,14.624084
Gag_p24,M171G,14.688202
Gag_p24,M171H,12.348892
Gag_p24,M171I,13.874466
Gag_p24,M171K,14.580841
Gag_p24,M171L,10.403473
Gag_p24,M171N,14.724411
Gag_p24,M171P,13.132828
Gag_p24,M171Q,14.633942
Gag_p24,M171R,11.027679
Gag_p24,M171S,14.669907
Gag_p24,M171T,9.299179
Gag_p24,M171V,7.8237762
Gag_p24,M171W,14.636017
Gag_p24,M171Y,14.636185
Gag_p24,F172A,13.394394
Gag_p24,F172C,10.262711
Gag_p24,F172D,14.962051
Gag_p24,F172E,14.854218
Gag_p24,F172G,14.114914
Gag_p24,F172H,14.932922
Gag_p24,F172I,14.035767
Gag_p24,F172K,15.011505
Gag_p24,F172L,8.5013275
Gag_p24,F172M,14.861237
Gag_p24,F172N,14.920227
Gag_p24,F172P,13.521179
Gag_p24,F172Q,13.318466
Gag_p24,F172R,14.963699
Gag_p24,F172S,8.986465
Gag_p24,F172T,14.954803
Gag_p24,F172V,10.0277405
Gag_p24,F172W,14.902069
Gag_p24,F172Y,12.266327
Gag_p24,S173A,2.329544
Gag_p24,S173C,11.189865
Gag_p24,S173D,11.696091
Gag_p24,S173E,11.761383
Gag_p24,S173F,11.310608
Gag_p24,S173G,9.744415
Gag_p24,S173H,11.709198
Gag_p24,S173I,5.5937347
Gag_p24,S173K,11.559891
Gag_p24,S173L,7.9704895
Gag_p24,S173M,7.0138702
Gag_p24,S173N,11.729095
Gag_p24,S173P,7.725952
Gag_p24,S173Q,10.554489
Gag_p24,S173R,11.667221
Gag_p24,S173T,1.4284973
Gag_p24,S173V,5.333435
Gag_p24,S173W,11.715759
Gag_p24,S173Y,11.264389
Gag_p24,A174C,15.739304
Gag_p24,A174D,15.630905
Gag_p24,A174E,15.203766
Gag_p24,A174F,15.8125
Gag_p24,A174G,10.958405
Gag_p24,A174H,13.443832
Gag_p24,A174I,15.749451
Gag_p24,A174K,15.747345
Gag_p24,A174L,13.586945
Gag_p24,A174M,15.681152
Gag_p24,A174N,15.312073
Gag_p24,A174P,11.063339
Gag_p24,A174Q,15.773087
Gag_p24,A174R,15.748642
Gag_p24,A174S,11.981766
Gag_p24,A174T,11.008942
Gag_p24,A174V,11.490219
Gag_p24,A174W,15.753311
Gag_p24,A174Y,15.69722
Gag_p24,L175A,15.360794
Gag_p24,L175C,15.360657
Gag_p24,L175D,15.272751
Gag_p24,L175E,13.853134
Gag_p24,L175F,10.0907135
Gag_p24,L175G,14.693954
Gag_p24,L175H,15.378372
Gag_p24,L175I,11.2877655
Gag_p24,L175K,13.872589
Gag_p24,L175M,15.380783
Gag_p24,L175N,15.341049
Gag_p24,L175P,12.6423645
Gag_p24,L175Q,15.327042
Gag_p24,L175R,15.355484
Gag_p24,L175S,11.401184
Gag_p24,L175T,15.284897
Gag_p24,L175V,9.883362
Gag_p24,L175W,13.330704
Gag_p24,L175Y,11.776627
Gag_p24,S176A,2.99794
Gag_p24,S176C,13.100723
Gag_p24,S176D,13.176331
Gag_p24,S176E,13.135117
Gag_p24,S176F,13.156479
Gag_p24,S176G,13.08606
Gag_p24,S176H,13.187729
Gag_p24,S176I,11.416733
Gag_p24,S176K,12.942459
Gag_p24,S176L,11.626419
Gag_p24,S176M,13.153427
Gag_p24,S176N,13.028
Gag_p24,S176P,9.932999
Gag_p24,S176Q,11.490753
Gag_p24,S176R,13.135025
Gag_p24,S176T,10.178146
Gag_p24,S176V,13.06694
Gag_p24,S176W,13.095215
Gag_p24,S176Y,13.176346
Gag_p24,E177A,9.950989
Gag_p24,E177C,13.752808
Gag_p24,E177D,6.094467
Gag_p24,E177F,13.965851
Gag_p24,E177G,8.473877
Gag_p24,E177H,13.911316
Gag_p24,E177I,14.03331
Gag_p24,E177K,8.757523
Gag_p24,E177L,12.826736
Gag_p24,E177M,13.953888
Gag_p24,E177N,13.968216
Gag_p24,E177P,14.015167
Gag_p24,E177Q,9.684296
Gag_p24,E177R,11.921295
Gag_p24,E177S,13.953171
Gag_p24,E177T,13.797913
Gag_p24,E177V,11.339615
Gag_p24,E177W,14.02803
Gag_p24,E177Y,12.301743
Gag_p24,G178A,11.76004
Gag_p24,G178C,15.306808
Gag_p24,G178D,15.366165
Gag_p24,G178E,9.600052
Gag_p24,G178F,15.336502
Gag_p24,G178H,15.323288
Gag_p24,G178I,15.446411
Gag_p24,G178K,15.362289
Gag_p24,G178L,15.297531
Gag_p24,G178M,15.31839
Gag_p24,G178N,15.294403
Gag_p24,G178P,15.392792
Gag_p24,G178Q,15.290939
Gag_p24,G178R,8.066589
Gag_p24,G178S,13.7300415
Gag_p24,G178T,14.917435
Gag_p24,G178V,13.8573
Gag_p24,G178W,15.3710785
Gag_p24,G178Y,15.3641815
Gag_p24,A179C,8.039749
Gag_p24,A179D,11.877579
Gag_p24,A179E,13.5229645
Gag_p24,A179F,14.485428
Gag_p24,A179G,8.963242
Gag_p24,A179H,14.557266
Gag_p24,A179I,14.516434
Gag_p24,A179K,12.902573
Gag_p24,A179L,14.571182
Gag_p24,A179M,14.519913
Gag_p24,A179N,14.501053
Gag_p24,A179P,10.608017
Gag_p24,A179Q,14.47522
Gag_p24,A179R,14.54303
Gag_p24,A179S,8.57608
Gag_p24,A179T,9.354767
Gag_p24,A179V,8.820587
Gag_p24,A179W,14.50882
Gag_p24,A179Y,14.433792
Gag_p24,T180A,7.7020264
Gag_p24,T180C,14.581284
Gag_p24,T180D,14.6549835
Gag_p24,T180E,13.569336
Gag_p24,T180F,14.687302
Gag_p24,T180G,11.821548
Gag_p24,T180H,11.613678
Gag_p24,T180I,8.775253
Gag_p24,T180K,14.649811
Gag_p24,T180L,10.416504
Gag_p24,T180M,12.947113
Gag_p24,T180N,11.19014
Gag_p24,T180P,9.013702
Gag_p24,T180Q,14.66246
Gag_p24,T180R,14.640976
Gag_p24,T180S,10.070236
Gag_p24,T180V,10.207275
Gag_p24,T180W,14.555649
Gag_p24,T180Y,14.382553
Gag_p24,P181A,13.014694
Gag_p24,P181C,15.381851
Gag_p24,P181D,15.28241
Gag_p24,P181E,15.332916
Gag_p24,P181F,15.261337
Gag_p24,P181G,15.276169
Gag_p24,P181H,15.172623
Gag_p24,P181I,15.302185
Gag_p24,P181K,14.869629
Gag_p24,P181L,11.490463
Gag_p24,P181M,15.29718
Gag_p24,P181N,15.418015
Gag_p24,P181Q,11.762207
Gag_p24,P181R,11.321274
Gag_p24,P181S,8.206268
Gag_p24,P181T,14.879166
Gag_p24,P181V,14.602463
Gag_p24,P181W,15.249191
Gag_p24,P181Y,15.330078
Gag_p24,Q182A,6.393997
Gag_p24,Q182C,10.084045
Gag_p24,Q182D,10.52449
Gag_p24,Q182E,8.497879
Gag_p24,Q182F,9.595673
Gag_p24,Q182G,5.808304
Gag_p24,Q182H,4.774246
Gag_p24,Q182I,13.209366
Gag_p24,Q182K,10.823547
Gag_p24,Q182L,9.737366
Gag_p24,Q182M,13.218582
Gag_p24,Q182N,9.806946
Gag_p24,Q182P,9.197128
Gag_p24,Q182R,8.3905945
Gag_p24,Q182S,5.145996
Gag_p24,Q182T,5.9700775
Gag_p24,Q182V,8.865662
Gag_p24,Q182W,13.1740265
Gag_p24,Q182Y,9.372253
Gag_p24,D183A,12.27475
Gag_p24,D183C,12.782379
Gag_p24,D183E,10.860413
Gag_p24,D183F,15.21933
Gag_p24,D183G,11.115158
Gag_p24,D183H,15.25914
Gag_p24,D183I,14.233398
Gag_p24,D183K,12.872665
Gag_p24,D183L,15.143326
Gag_p24,D183M,14.781143
Gag_p24,D183N,8.795334
Gag_p24,D183P,15.18309
Gag_p24,D183Q,14.453949
Gag_p24,D183R,11.102554
Gag_p24,D183S,12.71788
Gag_p24,D183T,15.235718
Gag_p24,D183V,15.276642
Gag_p24,D183W,15.268463
Gag_p24,D183Y,13.414291
Gag_p24,L184A,14.367859
Gag_p24,L184C,14.410049
Gag_p24,L184D,14.411072
Gag_p24,L184E,14.34491
Gag_p24,L184F,9.318192
Gag_p24,L184G,14.405701
Gag_p24,L184H,14.385223
Gag_p24,L184I,6.3414154
Gag_p24,L184K,14.384354
Gag_p24,L184M,8.643753
Gag_p24,L184N,14.430511
Gag_p24,L184P,11.950684
Gag_p24,L184Q,13.719055
Gag_p24,L184R,14.073761
Gag_p24,L184S,12.360779
Gag_p24,L184T,14.401047
Gag_p24,L184V,10.045029
Gag_p24,L184W,13.599869
Gag_p24,L184Y,11.332077
Gag_p24,N185A,14.996338
Gag_p24,N185C,15.056885
Gag_p24,N185D,10.998489
Gag_p24,N185E,15.067917
Gag_p24,N185F,15.001633
Gag_p24,N185G,14.961182
Gag_p24,N185H,11.627029
Gag_p24,N185I,11.705017
Gag_p24,N185K,10.754517
Gag_p24,N185L,14.942947
Gag_p24,N185M,13.478607
Gag_p24,N185P,14.941391
Gag_p24,N185Q,13.526947
Gag_p24,N185R,14.9760895
Gag_p24,N185S,8.280777
Gag_p24,N185T,11.016663
Gag_p24,N185V,14.999588
Gag_p24,N185W,15.029129
Gag_p24,N185Y,12.0008545
Gag_p24,T186A,7.9604187
Gag_p24,T186C,8.4543915
Gag_p24,T186D,12.309952
Gag_p24,T186E,13.516617
Gag_p24,T186F,13.481949
Gag_p24,T186G,9.721024
Gag_p24,T186H,11.719391
Gag_p24,T186I,7.395218
Gag_p24,T186K,12.16716
Gag_p24,T186L,5.9464874
Gag_p24,T186M,6.131775
Gag_p24,T186N,11.047836
Gag_p24,T186P,9.643158
Gag_p24,T186Q,12.432037
Gag_p24,T186R,11.478104
Gag_p24,T186S,5.7386475
Gag_p24,T186V,7.250702
Gag_p24,T186W,13.479553
Gag_p24,T186Y,13.5013275
Gag_p24,M187A,14.830658
Gag_p24,M187C,12.359238
Gag_p24,M187D,12.971741
Gag_p24,M187E,14.759674
Gag_p24,M187F,12.7092285
Gag_p24,M187G,14.845596
Gag_p24,M187H,13.158722
Gag_p24,M187I,9.708557
Gag_p24,M187K,10.513519
Gag_p24,M187L,10.422165
Gag_p24,M187N,14.778137
Gag_p24,M187P,14.808151
Gag_p24,M187Q,13.312912
Gag_p24,M187R,13.463257
Gag_p24,M187S,14.791534
Gag_p24,M187T,10.080795
Gag_p24,M187V,8.973785
Gag_p24,M187W,13.721527
Gag_p24,M187Y,14.690704
Gag_p24,L188A,13.298416
Gag_p24,L188C,15.132126
Gag_p24,L188D,15.089432
Gag_p24,L188E,15.1358185
Gag_p24,L188F,9.591354
Gag_p24,L188G,15.160797
Gag_p24,L188H,15.04129
Gag_p24,L188I,11.779907
Gag_p24,L188K,15.081696
Gag_p24,L188M,8.7513275
Gag_p24,L188N,14.868301
Gag_p24,L188P,9.428741
Gag_p24,L188Q,15.104095
Gag_p24,L188R,13.389191
Gag_p24,L188S,14.868515
Gag_p24,L188T,14.849777
Gag_p24,L188V,10.64827
Gag_p24,L188W,15.146652
Gag_p24,L188Y,13.676178
Gag_p24,N189A,14.94664
Gag_p24,N189C,14.86261
Gag_p24,N189D,9.786591
Gag_p24,N189E,13.736313
Gag_p24,N189F,14.8762665
Gag_p24,N189G,14.912781
Gag_p24,N189H,11.249405
Gag_p24,N189I,11.542053
Gag_p24,N189K,11.322617
Gag_p24,N189L,14.952179
Gag_p24,N189M,14.901352
Gag_p24,N189P,13.389816
Gag_p24,N189Q,15.007675
Gag_p24,N189R,14.088684
Gag_p24,N189S,9.52594
Gag_p24,N189T,10.17128
Gag_p24,N189V,14.986923
Gag_p24,N189W,14.8919525
Gag_p24,N189Y,10.487366
Gag_p24,T190A,5.405365
Gag_p24,T190C,13.765228
Gag_p24,T190D,13.56546
Gag_p24,T190E,13.753677
Gag_p24,T190F,13.844803
Gag_p24,T190G,13.833328
Gag_p24,T190H,13.143829
Gag_p24,T190I,6.0284424
Gag_p24,T190K,13.157379
Gag_p24,T190L,13.147125
Gag_p24,T190M,11.547363
Gag_p24,T190N,13.776184
Gag_p24,T190P,11.016266
Gag_p24,T190Q,13.268875
Gag_p24,T190R,12.972122
Gag_p24,T190S,7.2904205
Gag_p24,T190V,7.5558167
Gag_p24,T190W,13.79805
Gag_p24,T190Y,12.603195
Gag_p24,V191A,10.595352
Gag_p24,V191C,12.330994
Gag_p24,V191D,13.797913
Gag_p24,V191E,11.087479
Gag_p24,V191F,13.625488
Gag_p24,V191G,9.450485
Gag_p24,V191H,13.699905
Gag_p24,V191I,5.114441
Gag_p24,V191K,13.752457
Gag_p24,V191L,10.474289
Gag_p24,V191M,9.600052
Gag_p24,V191N,13.723511
Gag_p24,V191P,13.689514
Gag_p24,V191Q,13.743805
Gag_p24,V191R,12.720428
Gag_p24,V191S,12.313721
Gag_p24,V191T,13.659866
Gag_p24,V191W,13.850906
Gag_p24,V191Y,13.773544
Gag_p24,G192A,13.9066925
Gag_p24,G192C,15.597214
Gag_p24,G192D,15.5864105
Gag_p24,G192E,12.780548
Gag_p24,G192F,15.54744
Gag_p24,G192H,15.562515
Gag_p24,G192I,15.6670685
Gag_p24,G192K,13.124786
Gag_p24,G192L,15.526291
Gag_p24,G192M,15.651657
Gag_p24,G192N,15.552292
Gag_p24,G192P,15.55925
Gag_p24,G192Q,15.646133
Gag_p24,G192R,8.22934
Gag_p24,G192S,15.566193
Gag_p24,G192T,15.085449
Gag_p24,G192V,15.651596
Gag_p24,G192W,14.802429
Gag_p24,G192Y,15.619553
Gag_p24,G193A,10.546936
Gag_p24,G193C,13.96051
Gag_p24,G193D,8.043625
Gag_p24,G193E,8.564087
Gag_p24,G193F,14.610474
Gag_p24,G193H,14.673737
Gag_p24,G193I,14.65564
Gag_p24,G193K,14.627335
Gag_p24,G193L,14.672516
Gag_p24,G193M,14.685028
Gag_p24,G193N,14.740784
Gag_p24,G193P,14.589386
Gag_p24,G193Q,14.28894
Gag_p24,G193R,10.221527
Gag_p24,G193S,12.306152
Gag_p24,G193T,12.334412
Gag_p24,G193V,14.694031
Gag_p24,G193W,14.242538
Gag_p24,G193Y,14.609879
Gag_p24,H194A,12.294434
Gag_p24,H194C,14.772247
Gag_p24,H194D,13.249374
Gag_p24,H194E,14.682602
Gag_p24,H194F,14.790756
Gag_p24,H194G,14.782043
Gag_p24,H194I,13.837082
Gag_p24,H194K,14.797653
Gag_p24,H194L,10.848282
Gag_p24,H194M,14.686066
Gag_p24,H194N,14.8472595
Gag_p24,H194P,12.185013
Gag_p24,H194Q,11.422485
Gag_p24,H194R,8.136169
Gag_p24,H194S,14.768478
Gag_p24,H194T,11.311737
Gag_p24,H194V,14.733276
Gag_p24,H194W,14.760315
Gag_p24,H194Y,9.087219
Gag_p24,Q195A,15.68129
Gag_p24,Q195C,15.737183
Gag_p24,Q195D,15.598053
Gag_p24,Q195E,12.750549
Gag_p24,Q195F,15.60849
Gag_p24,Q195G,15.701355
Gag_p24,Q195H,10.457855
Gag_p24,Q195I,15.598267
Gag_p24,Q195K,14.545364
Gag_p24,Q195L,13.433441
Gag_p24,Q195M,15.590485
Gag_p24,Q195N,15.5772705
Gag_p24,Q195P,10.913879
Gag_p24,Q195R,9.932846
Gag_p24,Q195S,13.25058
Gag_p24,Q195T,15.23288
Gag_p24,Q195V,15.606186
Gag_p24,Q195W,15.658203
Gag_p24,Q195Y,15.715591
Gag_p24,A196C,14.793091
Gag_p24,A196D,14.6073
Gag_p24,A196E,14.37999
Gag_p24,A196F,14.811752
Gag_p24,A196G,7.6835938
Gag_p24,A196H,13.992065
Gag_p24,A196I,14.827606
Gag_p24,A196K,14.67276
Gag_p24,A196L,14.688141
Gag_p24,A196M,14.69516
Gag_p24,A196N,14.691437
Gag_p24,A196P,12.903183
Gag_p24,A196Q,12.508423
Gag_p24,A196R,13.828629
Gag_p24,A196S,13.804306
Gag_p24,A196T,10.902634
Gag_p24,A196V,9.098343
Gag_p24,A196W,14.687714
Gag_p24,A196Y,14.738083
Gag_p24,A197C,15.522705
Gag_p24,A197D,12.753174
Gag_p24,A197E,15.565079
Gag_p24,A197F,15.658783
Gag_p24,A197G,11.523514
Gag_p24,A197H,15.676041
Gag_p24,A197I,15.213242
Gag_p24,A197K,15.622528
Gag_p24,A197L,14.725357
Gag_p24,A197M,15.547577
Gag_p24,A197N,15.652008
Gag_p24,A197P,9.972992
Gag_p24,A197Q,15.692673
Gag_p24,A197R,15.152435
Gag_p24,A197S,11.42717
Gag_p24,A197T,12.220337
Gag_p24,A197V,11.052429
Gag_p24,A197W,15.657928
Gag_p24,A197Y,15.679291
Gag_p24,M198A,14.891083
Gag_p24,M198C,13.954941
Gag_p24,M198D,14.987778
Gag_p24,M198E,14.504089
Gag_p24,M198F,13.806442
Gag_p24,M198G,14.936478
Gag_p24,M198H,13.992249
Gag_p24,M198I,9.702087
Gag_p24,M198K,14.877914
Gag_p24,M198L,8.734192
Gag_p24,M198N,15.009659
Gag_p24,M198P,14.881363
Gag_p24,M198Q,14.938461
Gag_p24,M198R,13.899353
Gag_p24,M198S,14.873352
Gag_p24,M198T,10.9796295
Gag_p24,M198V,8.502304
Gag_p24,M198W,14.957611
Gag_p24,M198Y,11.5577545
Gag_p24,Q199A,11.161011
Gag_p24,Q199C,14.748138
Gag_p24,Q199D,14.792694
Gag_p24,Q199E,9.920853
Gag_p24,Q199F,14.790649
Gag_p24,Q199G,14.751526
Gag_p24,Q199H,8.280502
Gag_p24,Q199I,14.813065
Gag_p24,Q199K,11.282608
Gag_p24,Q199L,10.278534
Gag_p24,Q199M,14.811386
Gag_p24,Q199N,14.773148
Gag_p24,Q199P,10.896591
Gag_p24,Q199R,9.510147
Gag_p24,Q199S,14.833099
Gag_p24,Q199T,14.79039
Gag_p24,Q199V,14.812592
Gag_p24,Q199W,14.77211
Gag_p24,Q199Y,14.787079
Gag_p24,M200A,13.440216
Gag_p24,M200C,11.479797
Gag_p24,M200D,13.164032
Gag_p24,M200E,13.41954
Gag_p24,M200F,13.394501
Gag_p24,M200G,13.429733
Gag_p24,M200H,13.402084
Gag_p24,M200I,3.9088898
Gag_p24,M200K,12.011597
Gag_p24,M200L,8.37738
Gag_p24,M200N,11.494766
Gag_p24,M200P,13.342712
Gag_p24,M200Q,13.408081
Gag_p24,M200R,11.162827
Gag_p24,M200S,12.694489
Gag_p24,M200T,10.454544
Gag_p24,M200V,9.728958
Gag_p24,M200W,13.4127655
Gag_p24,M200Y,13.3667145
Gag_p24,L201A,15.7677765
Gag_p24,L201C,15.706802
Gag_p24,L201D,15.737488
Gag_p24,L201E,15.827377
Gag_p24,L201F,11.219421
Gag_p24,L201G,15.872406
Gag_p24,L201H,15.904663
Gag_p24,L201I,9.42514
Gag_p24,L201K,15.846832
Gag_p24,L201M,15.860855
Gag_p24,L201N,15.78656
Gag_p24,L201P,15.755692
Gag_p24,L201Q,13.991013
Gag_p24,L201R,15.757996
Gag_p24,L201S,14.455597
Gag_p24,L201T,14.943466
Gag_p24,L201V,10.223953
Gag_p24,L201W,15.8423
Gag_p24,L201Y,15.365845
Gag_p24,K202A,14.983841
Gag_p24,K202C,15.377258
Gag_p24,K202D,15.494354
Gag_p24,K202E,10.174332
Gag_p24,K202F,15.408997
Gag_p24,K202G,15.502457
Gag_p24,K202H,15.441452
Gag_p24,K202I,10.110123
Gag_p24,K202L,15.480423
Gag_p24,K202M,15.501205
Gag_p24,K202N,11.288834
Gag_p24,K202P,15.413528
Gag_p24,K202Q,14.834824
Gag_p24,K202R,9.405365
Gag_p24,K202S,15.4479065
Gag_p24,K202T,12.256134
Gag_p24,K202V,14.596725
Gag_p24,K202W,15.44072
Gag_p24,K202Y,15.317688
Gag_p24,E203A,12.044479
Gag_p24,E203C,12.987747
Gag_p24,E203D,3.5700073
Gag_p24,E203F,12.8954315
Gag_p24,E203G,8.086334
Gag_p24,E203H,12.919662
Gag_p24,E203I,12.418671
Gag_p24,E203K,8.756836
Gag_p24,E203L,12.940567
Gag_p24,E203M,13.094315
Gag_p24,E203N,9.849396
Gag_p24,E203P,13.048691
Gag_p24,E203Q,12.691238
Gag_p24,E203R,12.435074
Gag_p24,E203S,13.017929
Gag_p24,E203T,12.928726
Gag_p24,E203V,12.904495
Gag_p24,E203W,12.508484
Gag_p24,E203Y,13.047104
Gag_p24,T204A,5.8902283
Gag_p24,T204C,13.349731
Gag_p24,T204D,11.374741
Gag_p24,T204E,13.344467
Gag_p24,T204F,13.351227
Gag_p24,T204G,12.848648
Gag_p24,T204H,12.737732
Gag_p24,T204I,9.824646
Gag_p24,T204K,12.947525
Gag_p24,T204L,13.382843
Gag_p24,T204M,13.315628
Gag_p24,T204N,13.196854
Gag_p24,T204P,8.482788
Gag_p24,T204Q,13.363632
Gag_p24,T204R,13.415665
Gag_p24,T204S,8.865616
Gag_p24,T204V,5.1178436
Gag_p24,T204W,13.375107
Gag_p24,T204Y,13.439926
Gag_p24,I205A,14.685455
Gag_p24,I205C,14.831329
Gag_p24,I205D,14.823303
Gag_p24,I205E,14.801453
Gag_p24,I205F,8.877014
Gag_p24,I205G,14.810959
Gag_p24,I205H,14.764572
Gag_p24,I205K,14.812698
Gag_p24,I205L,10.681854
Gag_p24,I205M,14.8077545
Gag_p24,I205N,14.846924
Gag_p24,I205P,12.492874
Gag_p24,I205Q,14.834564
Gag_p24,I205R,14.841705
Gag_p24,I205S,13.097473
Gag_p24,I205T,8.051071
Gag_p24,I205V,11.110535
Gag_p24,I205W,14.63089
Gag_p24,I205Y,14.773178
Gag_p24,N206A,14.594788
Gag_p24,N206C,14.540314
Gag_p24,N206D,9.496445
Gag_p24,N206E,14.582352
Gag_p24,N206F,12.213074
Gag_p24,N206G,14.57489
Gag_p24,N206H,11.000565
Gag_p24,N206I,10.930023
Gag_p24,N206K,11.222717
Gag_p24,N206L,14.602356
Gag_p24,N206M,11.903229
Gag_p24,N206P,14.55368
Gag_p24,N206Q,14.169403
Gag_p24,N206R,14.582886
Gag_p24,N206S,9.302155
Gag_p24,N206T,10.013718
Gag_p24,N206V,14.535233
Gag_p24,N206W,14.494492
Gag_p24,N206Y,10.847656
Gag_p24,E207A,10.937134
Gag_p24,E207C,13.122025
Gag_p24,E207D,3.822281
Gag_p24,E207F,13.130142
Gag_p24,E207G,7.6955414
Gag_p24,E207H,13.089783
Gag_p24,E207I,13.041733
Gag_p24,E207K,8.926315
Gag_p24,E207L,13.142303
Gag_p24,E207M,11.734192
Gag_p24,E207N,13.020203
Gag_p24,E207P,13.139679
Gag_p24,E207Q,12.6167145
Gag_p24,E207R,13.184967
Gag_p24,E207S,13.12738
Gag_p24,E207T,13.169556
Gag_p24,E207V,10.14949
Gag_p24,E207W,13.10434
Gag_p24,E207Y,13.050064
Gag_p24,E208A,13.893204
Gag_p24,E208C,15.139236
Gag_p24,E208D,13.305176
Gag_p24,E208F,15.002853
Gag_p24,E208G,8.966217
Gag_p24,E208H,14.997925
Gag_p24,E208I,15.072754
Gag_p24,E208K,7.8819275
Gag_p24,E208L,14.134369
Gag_p24,E208M,15.025421
Gag_p24,E208N,14.922867
Gag_p24,E208P,15.014542
Gag_p24,E208Q,15.055878
Gag_p24,E208R,11.585907
Gag_p24,E208S,14.660965
Gag_p24,E208T,15.024628
Gag_p24,E208V,10.73085
Gag_p24,E208W,15.029129
Gag_p24,E208Y,15.0746765
Gag_p24,A209C,14.764175
Gag_p24,A209D,13.562927
Gag_p24,A209E,11.471283
Gag_p24,A209F,14.733902
Gag_p24,A209G,11.544052
Gag_p24,A209H,14.748978
Gag_p24,A209I,8.295364
Gag_p24,A209K,13.456558
Gag_p24,A209L,14.81575
Gag_p24,A209M,10.523529
Gag_p24,A209N,14.711792
Gag_p24,A209P,14.740524
Gag_p24,A209Q,14.135376
Gag_p24,A209R,13.854416
Gag_p24,A209S,11.541763
Gag_p24,A209T,9.85936
Gag_p24,A209V,8.981964
Gag_p24,A209W,14.773544
Gag_p24,A209Y,14.324341
Gag_p24,A210C,13.366684
Gag_p24,A210D,13.334839
Gag_p24,A210E,11.581833
Gag_p24,A210F,13.454987
Gag_p24,A210G,7.7207947
Gag_p24,A210H,11.918564
Gag_p24,A210I,8.585342
Gag_p24,A210K,13.410004
Gag_p24,A210L,8.704239
Gag_p24,A210M,13.432816
Gag_p24,A210N,13.4943695
Gag_p24,A210P,11.404999
Gag_p24,A210Q,12.662582
Gag_p24,A210R,13.408005
Gag_p24,A210S,6.8378296
Gag_p24,A210T,8.724426
Gag_p24,A210V,5.8058014
Gag_p24,A210W,13.448288
Gag_p24,A210Y,13.375366
Gag_p24,E211A,10.948639
Gag_p24,E211C,12.804718
Gag_p24,E211D,3.260025
Gag_p24,E211F,12.825058
Gag_p24,E211G,8.555359
Gag_p24,E211H,12.9075775
Gag_p24,E211I,12.715027
Gag_p24,E211K,7.4811707
Gag_p24,E211L,12.709061
Gag_p24,E211M,12.878342
Gag_p24,E211N,9.86879
Gag_p24,E211P,12.865814
Gag_p24,E211Q,10.054916
Gag_p24,E211R,12.755249
Gag_p24,E211S,12.828003
Gag_p24,E211T,12.888611
Gag_p24,E211V,10.994415
Gag_p24,E211W,12.776459
Gag_p24,E211Y,12.745682
Gag_p24,W212A,15.979355
Gag_p24,W212C,14.437164
Gag_p24,W212D,15.918503
Gag_p24,W212E,15.98111
Gag_p24,W212F,15.520416
Gag_p24,W212G,10.117203
Gag_p24,W212H,16.024551
Gag_p24,W212I,15.901901
Gag_p24,W212K,15.9596405
Gag_p24,W212L,15.975861
Gag_p24,W212M,14.788574
Gag_p24,W212N,14.263275
Gag_p24,W212P,15.908783
Gag_p24,W212Q,15.961716
Gag_p24,W212R,10.356003
Gag_p24,W212S,13.916733
Gag_p24,W212T,15.983902
Gag_p24,W212V,15.968277
Gag_p24,W212Y,15.975128
Gag_p24,D213A,12.487625
Gag_p24,D213C,15.085541
Gag_p24,D213E,12.266998
Gag_p24,D213F,15.0103
Gag_p24,D213G,9.022354
Gag_p24,D213H,11.806076
Gag_p24,D213I,13.982422
Gag_p24,D213K,15.137665
Gag_p24,D213L,15.147888
Gag_p24,D213M,15.086456
Gag_p24,D213N,8.313995
Gag_p24,D213P,15.126083
Gag_p24,D213Q,15.156036
Gag_p24,D213R,15.150696
Gag_p24,D213S,15.116028
Gag_p24,D213T,15.164154
Gag_p24,D213V,15.0967865
Gag_p24,D213W,15.133636
Gag_p24,D213Y,14.007797
Gag_p24,R214A,15.352127
Gag_p24,R214C,15.208511
Gag_p24,R214D,15.289337
Gag_p24,R214E,15.270889
Gag_p24,R214F,15.333801
Gag_p24,R214G,9.9561615
Gag_p24,R214H,15.388504
Gag_p24,R214I,15.278427
Gag_p24,R214K,8.07164
Gag_p24,R214L,15.282501
Gag_p24,R214M,15.293976
Gag_p24,R214N,14.247604
Gag_p24,R214P,15.280777
Gag_p24,R214Q,13.727356
Gag_p24,R214S,14.799652
Gag_p24,R214T,11.932892
Gag_p24,R214V,15.270157
Gag_p24,R214W,15.367722
Gag_p24,R214Y,15.367157
Gag_p24,L215A,6.8385468
Gag_p24,L215C,12.553696
Gag_p24,L215D,12.495422
Gag_p24,L215E,12.450043
Gag_p24,L215F,10.648453
Gag_p24,L215G,9.2165985
Gag_p24,L215H,12.519531
Gag_p24,L215I,4.4885406
Gag_p24,L215K,12.513794
Gag_p24,L215M,3.34581
Gag_p24,L215N,10.813126
Gag_p24,L215P,10.207779
Gag_p24,L215Q,6.834427
Gag_p24,L215R,11.075668
Gag_p24,L215S,8.311218
Gag_p24,L215T,4.358078
Gag_p24,L215V,2.5941772
Gag_p24,L215W,12.017441
Gag_p24,L215Y,12.452728
Gag_p24,H216A,14.888733
Gag_p24,H216C,15.306137
Gag_p24,H216D,12.478363
Gag_p24,H216E,15.205429
Gag_p24,H216F,15.383713
Gag_p24,H216G,15.299057
Gag_p24,H216I,14.268829
Gag_p24,H216K,15.325729
Gag_p24,H216L,12.27829
Gag_p24,H216M,15.337677
Gag_p24,H216N,8.794174
Gag_p24,H216P,12.084778
Gag_p24,H216Q,13.373306
Gag_p24,H216R,9.960632
Gag_p24,H216S,15.332016
Gag_p24,H216T,14.521332
Gag_p24,H216V,15.309769
Gag_p24,H216W,15.384689
Gag_p24,H216Y,11.502167
Gag_p24,P217A,15.288834
Gag_p24,P217C,14.647018
Gag_p24,P217D,16.720703
Gag_p24,P217E,16.704803
Gag_p24,P217F,16.705383
Gag_p24,P217G,16.709946
Gag_p24,P217H,16.619965
Gag_p24,P217I,16.584564
Gag_p24,P217K,16.712936
Gag_p24,P217L,13.092957
Gag_p24,P217M,16.714691
Gag_p24,P217N,16.59813
Gag_p24,P217Q,14.922577
Gag_p24,P217R,16.624222
Gag_p24,P217S,11.01889
Gag_p24,P217T,14.717468
Gag_p24,P217V,16.128647
Gag_p24,P217W,16.611526
Gag_p24,P217Y,16.627869
Gag_p24,V218A,4.2634583
Gag_p24,V218C,12.937012
Gag_p24,V218D,12.970886
Gag_p24,V218E,11.012497
Gag_p24,V218F,12.923859
Gag_p24,V218G,12.210114
Gag_p24,V218H,12.9296875
Gag_p24,V218I,5.4486847
Gag_p24,V218K,12.934525
Gag_p24,V218L,7.3300323
Gag_p24,V218M,7.656006
Gag_p24,V218N,12.886322
Gag_p24,V218P,4.775879
Gag_p24,V218Q,7.288254
Gag_p24,V218R,9.692795
Gag_p24,V218S,11.164871
Gag_p24,V218T,7.1366577
Gag_p24,V218W,12.930878
Gag_p24,V218Y,12.911972
Gag_p24,H219A,7.1500397
Gag_p24,H219C,12.348633
Gag_p24,H219D,12.226135
Gag_p24,H219E,11.939941
Gag_p24,H219F,12.287308
Gag_p24,H219G,12.353302
Gag_p24,H219I,12.351639
Gag_p24,H219K,12.124481
Gag_p24,H219L,10.725616
Gag_p24,H219M,12.183044
Gag_p24,H219N,11.99263
Gag_p24,H219P,4.881424
Gag_p24,H219Q,1.7016907
Gag_p24,H219R,8.093094
Gag_p24,H219S,12.306686
Gag_p24,H219T,9.852112
Gag_p24,H219V,11.010956
Gag_p24,H219W,12.368103
Gag_p24,H219Y,9.376602
Gag_p24,A220C,14.230606
Gag_p24,A220D,14.945923
Gag_p24,A220E,14.80098
Gag_p24,A220F,14.921112
Gag_p24,A220G,12.53569
Gag_p24,A220H,14.949722
Gag_p24,A220I,11.700531
Gag_p24,A220K,14.999893
Gag_p24,A220L,14.896439
Gag_p24,A220M,11.080017
Gag_p24,A220N,14.929169
Gag_p24,A220P,15.016632
Gag_p24,A220Q,11.940903
Gag_p24,A220R,14.202301
Gag_p24,A220S,11.426163
Gag_p24,A220T,11.592316
Gag_p24,A220V,8.049454
Gag_p24,A220W,14.959518
Gag_p24,A220Y,14.956039
Gag_p24,G221A,15.9517975
Gag_p24,G221C,15.950409
Gag_p24,G221D,15.948029
Gag_p24,G221E,11.435852
Gag_p24,G221F,15.999817
Gag_p24,G221H,15.870438
Gag_p24,G221I,16.052994
Gag_p24,G221K,16.00409
Gag_p24,G221L,15.93869
Gag_p24,G221M,15.997131
Gag_p24,G221N,15.276459
Gag_p24,G221P,15.433136
Gag_p24,G221Q,15.917175
Gag_p24,G221R,9.589279
Gag_p24,G221S,15.955261
Gag_p24,G221T,15.910812
Gag_p24,G221V,13.216522
Gag_p24,G221W,13.569229
Gag_p24,G221Y,14.051651
Gag_p24,P222A,11.813126
Gag_p24,P222C,15.747208
Gag_p24,P222D,15.742554
Gag_p24,P222E,15.882507
Gag_p24,P222F,15.858017
Gag_p24,P222G,15.315475
Gag_p24,P222H,11.682129
Gag_p24,P222I,15.74559
Gag_p24,P222K,15.291
Gag_p24,P222L,8.921494
Gag_p24,P222M,15.769836
Gag_p24,P222N,14.640884
Gag_p24,P222Q,15.760529
Gag_p24,P222R,15.749054
Gag_p24,P222S,10.665024
Gag_p24,P222T,15.578384
Gag_p24,P222V,15.79129
Gag_p24,P222W,15.71669
Gag_p24,P222Y,15.759659
Gag_p24,I223A,3.336853
Gag_p24,I223C,11.604675
Gag_p24,I223D,9.21463
Gag_p24,I223E,11.457214
Gag_p24,I223F,7.0298157
Gag_p24,I223G,11.6206665
Gag_p24,I223H,4.6957397
Gag_p24,I223K,11.552155
Gag_p24,I223L,5.5937805
Gag_p24,I223M,6.647217
Gag_p24,I223N,3.7859192
Gag_p24,I223P,4.0609894
Gag_p24,I223Q,5.80838
Gag_p24,I223R,11.651688
Gag_p24,I223S,10.101532
Gag_p24,I223T,4.5857086
Gag_p24,I223V,0.6029663
Gag_p24,I223W,11.612106
Gag_p24,I223Y,6.7461853
Gag_p24,A224C,11.797562
Gag_p24,A224D,12.467728
Gag_p24,A224E,12.232758
Gag_p24,A224F,13.4110565
Gag_p24,A224G,12.385574
Gag_p24,A224H,13.017548
Gag_p24,A224I,13.548599
Gag_p24,A224K,13.441132
Gag_p24,A224L,10.790329
Gag_p24,A224M,13.388351
Gag_p24,A224N,13.443024
Gag_p24,A224P,4.1375427
Gag_p24,A224Q,6.7511597
Gag_p24,A224R,12.546661
Gag_p24,A224S,12.062439
Gag_p24,A224T,11.436661
Gag_p24,A224V,7.49704
Gag_p24,A224W,13.385239
Gag_p24,A224Y,13.444489
Gag_p24,P225A,6.6913605
Gag_p24,P225C,13.902405
Gag_p24,P225D,14.141113
Gag_p24,P225E,13.866608
Gag_p24,P225F,14.126404
Gag_p24,P225G,14.151871
Gag_p24,P225H,11.074158
Gag_p24,P225I,14.18988
Gag_p24,P225K,14.101791
Gag_p24,P225L,9.297348
Gag_p24,P225M,14.092941
Gag_p24,P225N,14.161545
Gag_p24,P225Q,7.702133
Gag_p24,P225R,13.045975
Gag_p24,P225S,10.083252
Gag_p24,P225T,11.153488
Gag_p24,P225V,9.28064
Gag_p24,P225W,14.140213
Gag_p24,P225Y,14.200226
Gag_p24,G226A,9.368408
Gag_p24,G226C,14.190506
Gag_p24,G226D,9.548508
Gag_p24,G226E,14.095367
Gag_p24,G226F,14.16745
Gag_p24,G226H,14.192017
Gag_p24,G226I,14.110138
Gag_p24,G226K,14.075516
Gag_p24,G226L,14.118103
Gag_p24,G226M,14.044937
Gag_p24,G226N,7.208023
Gag_p24,G226P,11.690247
Gag_p24,G226Q,14.1167145
Gag_p24,G226R,9.665726
Gag_p24,G226S,11.030579
Gag_p24,G226T,14.141266
Gag_p24,G226V,10.159164
Gag_p24,G226W,14.091904
Gag_p24,G226Y,14.1028595
Gag_p24,Q227A,12.368927
Gag_p24,Q227C,14.669464
Gag_p24,Q227D,14.740677
Gag_p24,Q227E,13.151642
Gag_p24,Q227F,14.722214
Gag_p24,Q227G,14.647415
Gag_p24,Q227H,7.780609
Gag_p24,Q227I,14.7300415
Gag_p24,Q227K,11.952042
Gag_p24,Q227L,11.259048
Gag_p24,Q227M,14.570007
Gag_p24,Q227N,11.978073
Gag_p24,Q227P,10.556259
Gag_p24,Q227R,8.661819
Gag_p24,Q227S,14.307709
Gag_p24,Q227T,13.208969
Gag_p24,Q227V,11.946762
Gag_p24,Q227W,14.17363
Gag_p24,Q227Y,13.982849
Gag_p24,M228A,9.248947
Gag_p24,M228C,12.52771
Gag_p24,M228D,12.440552
Gag_p24,M228E,12.539627
Gag_p24,M228F,10.8647
Gag_p24,M228G,12.400604
Gag_p24,M228H,12.548538
Gag_p24,M228I,3.2424774
Gag_p24,M228K,12.541809
Gag_p24,M228L,3.3414001
Gag_p24,M228N,12.486053
Gag_p24,M228P,9.23584
Gag_p24,M228Q,9.941116
Gag_p24,M228R,10.3767395
Gag_p24,M228S,11.162308
Gag_p24,M228T,8.760605
Gag_p24,M228V,5.1911926
Gag_p24,M228W,12.584457
Gag_p24,M228Y,12.519012
Gag_p24,R229A,14.660828
Gag_p24,R229C,14.969772
Gag_p24,R229D,14.644363
Gag_p24,R229E,13.207016
Gag_p24,R229F,15.127838
Gag_p24,R229G,9.032455
Gag_p24,R229H,15.117706
Gag_p24,R229I,10.320129
Gag_p24,R229K,7.7522736
Gag_p24,R229L,14.707428
Gag_p24,R229M,15.087067
Gag_p24,R229N,15.111832
Gag_p24,R229P,15.139206
Gag_p24,R229Q,14.868927
Gag_p24,R229S,14.484879
Gag_p24,R229T,15.113647
Gag_p24,R229V,15.093353
Gag_p24,R229W,15.126419
Gag_p24,R229Y,15.096405
Gag_p24,E230A,11.540726
Gag_p24,E230C,13.317902
Gag_p24,E230D,3.651703
Gag_p24,E230F,13.375504
Gag_p24,E230G,8.998444
Gag_p24,E230H,13.323288
Gag_p24,E230I,13.299942
Gag_p24,E230K,8.870865
Gag_p24,E230L,13.033691
Gag_p24,E230M,13.410202
Gag_p24,E230N,11.841263
Gag_p24,E230P,13.203857
Gag_p24,E230Q,13.374573
Gag_p24,E230R,12.204941
Gag_p24,E230S,11.986298
Gag_p24,E230T,11.988312
Gag_p24,E230V,11.264435
Gag_p24,E230W,13.245331
Gag_p24,E230Y,13.371765
Gag_p24,P231A,11.977753
Gag_p24,P231C,16.099976
Gag_p24,P231D,16.100021
Gag_p24,P231E,16.06668
Gag_p24,P231F,16.182098
Gag_p24,P231G,13.9023285
Gag_p24,P231H,16.082184
Gag_p24,P231I,16.228638
Gag_p24,P231K,15.55011
Gag_p24,P231L,15.219177
Gag_p24,P231M,16.112885
Gag_p24,P231N,15.647293
Gag_p24,P231Q,15.248489
Gag_p24,P231R,13.88353
Gag_p24,P231S,10.406403
Gag_p24,P231T,12.872116
Gag_p24,P231V,16.10611
Gag_p24,P231W,16.169678
Gag_p24,P231Y,16.149017
Gag_p24,R232A,14.486664
Gag_p24,R232C,14.466904
Gag_p24,R232D,14.445892
Gag_p24,R232E,12.70224
Gag_p24,R232F,14.532227
Gag_p24,R232G,8.906677
Gag_p24,R232H,14.196716
Gag_p24,R232I,14.17334
Gag_p24,R232K,7.4012146
Gag_p24,R232L,14.429352
Gag_p24,R232M,12.268738
Gag_p24,R232N,14.102615
Gag_p24,R232P,14.424881
Gag_p24,R232Q,11.75621
Gag_p24,R232S,9.342499
Gag_p24,R232T,7.396347
Gag_p24,R232V,14.5203705
Gag_p24,R232W,14.034836
Gag_p24,R232Y,14.517883
Gag_p24,G233A,14.552246
Gag_p24,G233C,15.457687
Gag_p24,G233D,14.953537
Gag_p24,G233E,7.920944
Gag_p24,G233F,15.455093
Gag_p24,G233H,15.358536
Gag_p24,G233I,15.284531
Gag_p24,G233K,15.424103
Gag_p24,G233L,14.437927
Gag_p24,G233M,15.401535
Gag_p24,G233N,15.368423
Gag_p24,G233P,15.331253
Gag_p24,G233Q,14.859421
Gag_p24,G233R,9.497604
Gag_p24,G233S,12.157562
Gag_p24,G233T,15.410629
Gag_p24,G233V,15.408783
Gag_p24,G233W,15.364166
Gag_p24,G233Y,15.422592
Gag_p24,S234A,14.717514
Gag_p24,S234C,12.687119
Gag_p24,S234D,15.06221
Gag_p24,S234E,14.020752
Gag_p24,S234F,15.017624
Gag_p24,S234G,7.7902374
Gag_p24,S234H,11.540573
Gag_p24,S234I,14.9665985
Gag_p24,S234K,14.664108
Gag_p24,S234L,13.880463
Gag_p24,S234M,15.060822
Gag_p24,S234N,11.158493
Gag_p24,S234P,14.53038
Gag_p24,S234Q,15.050446
Gag_p24,S234R,9.99205
Gag_p24,S234T,9.279114
Gag_p24,S234V,15.069519
Gag_p24,S234W,15.055618
Gag_p24,S234Y,14.967178
Gag_p24,D235A,10.843338
Gag_p24,D235C,15.214203
Gag_p24,D235E,11.619568
Gag_p24,D235F,15.1740265
Gag_p24,D235G,8.068161
Gag_p24,D235H,15.165146
Gag_p24,D235I,14.703888
Gag_p24,D235K,15.199905
Gag_p24,D235L,15.147171
Gag_p24,D235M,15.230728
Gag_p24,D235N,10.349716
Gag_p24,D235P,15.171173
Gag_p24,D235Q,15.159592
Gag_p24,D235R,15.263916
Gag_p24,D235S,15.196716
Gag_p24,D235T,15.209763
Gag_p24,D235V,13.297867
Gag_p24,D235W,15.216705
Gag_p24,D235Y,14.782761
Gag_p24,I236A,14.862457
Gag_p24,I236C,14.929565
Gag_p24,I236D,14.864227
Gag_p24,I236E,14.325363
Gag_p24,I236F,14.957001
Gag_p24,I236G,14.975357
Gag_p24,I236H,14.926041
Gag_p24,I236K,14.589188
Gag_p24,I236L,9.632629
Gag_p24,I236M,10.201111
Gag_p24,I236N,15.025833
Gag_p24,I236P,14.941208
Gag_p24,I236Q,14.905502
Gag_p24,I236R,14.976654
Gag_p24,I236S,14.962204
Gag_p24,I236T,8.885681
Gag_p24,I236V,8.295197
Gag_p24,I236W,14.964813
Gag_p24,I236Y,14.95697
Gag_p24,A237C,15.165558
Gag_p24,A237D,12.670944
Gag_p24,A237E,12.752716
Gag_p24,A237F,15.145538
Gag_p24,A237G,12.61084
Gag_p24,A237H,14.726379
Gag_p24,A237I,10.245163
Gag_p24,A237K,15.219528
Gag_p24,A237L,15.164932
Gag_p24,A237M,15.175949
Gag_p24,A237N,15.173065
Gag_p24,A237P,12.103973
Gag_p24,A237Q,13.88826
Gag_p24,A237R,15.138596
Gag_p24,A237S,10.302155
Gag_p24,A237T,10.129837
Gag_p24,A237V,9.058609
Gag_p24,A237W,14.003891
Gag_p24,A237Y,15.157166
Gag_p24,G238A,13.6484375
Gag_p24,G238C,15.179764
Gag_p24,G238D,15.573196
Gag_p24,G238E,9.959778
Gag_p24,G238F,15.640106
Gag_p24,G238H,15.70639
Gag_p24,G238I,15.543991
Gag_p24,G238K,15.627991
Gag_p24,G238L,15.632034
Gag_p24,G238M,15.605667
Gag_p24,G238N,15.643967
Gag_p24,G238P,15.6167145
Gag_p24,G238Q,15.718704
Gag_p24,G238R,8.263092
Gag_p24,G238S,15.199966
Gag_p24,G238T,14.999664
Gag_p24,G238V,15.565338
Gag_p24,G238W,15.562973
Gag_p24,G238Y,15.612289
Gag_p24,T239A,6.921509
Gag_p24,T239C,12.592041
Gag_p24,T239D,13.254028
Gag_p24,T239E,12.291138
Gag_p24,T239F,13.031235
Gag_p24,T239G,13.157028
Gag_p24,T239H,13.135498
Gag_p24,T239I,7.037491
Gag_p24,T239K,13.153046
Gag_p24,T239L,13.165329
Gag_p24,T239M,13.129929
Gag_p24,T239N,11.937714
Gag_p24,T239P,9.998215
Gag_p24,T239Q,13.203796
Gag_p24,T239R,13.120178
Gag_p24,T239S,4.420822
Gag_p24,T239V,5.753357
Gag_p24,T239W,13.116119
Gag_p24,T239Y,13.166779
Gag_p24,T240A,8.629471
Gag_p24,T240C,14.615723
Gag_p24,T240D,14.557709
Gag_p24,T240E,14.594666
Gag_p24,T240F,14.563171
Gag_p24,T240G,14.022919
Gag_p24,T240H,14.563873
Gag_p24,T240I,9.606445
Gag_p24,T240K,14.535767
Gag_p24,T240L,14.693283
Gag_p24,T240M,14.618011
Gag_p24,T240N,11.415054
Gag_p24,T240P,11.168457
Gag_p24,T240Q,14.486572
Gag_p24,T240R,14.621613
Gag_p24,T240S,7.7740936
Gag_p24,T240V,14.494766
Gag_p24,T240W,14.193649
Gag_p24,T240Y,14.662689
Gag_p24,S241A,14.618927
Gag_p24,S241C,14.14296
Gag_p24,S241D,15.90712
Gag_p24,S241E,15.802841
Gag_p24,S241F,15.257645
Gag_p24,S241G,10.779968
Gag_p24,S241H,15.759033
Gag_p24,S241I,11.631729
Gag_p24,S241K,15.916519
Gag_p24,S241L,15.792892
Gag_p24,S241M,15.877487
Gag_p24,S241N,11.641678
Gag_p24,S241P,15.827438
Gag_p24,S241Q,15.909653
Gag_p24,S241R,12.720459
Gag_p24,S241T,12.067734
Gag_p24,S241V,15.77449
Gag_p24,S241W,15.417633
Gag_p24,S241Y,12.877213
Gag_p24,T242A,9.093155
Gag_p24,T242C,12.364166
Gag_p24,T242D,12.00061
Gag_p24,T242E,12.946915
Gag_p24,T242F,12.68985
Gag_p24,T242G,12.699142
Gag_p24,T242H,12.73468
Gag_p24,T242I,11.000015
Gag_p24,T242K,10.717529
Gag_p24,T242L,12.628159
Gag_p24,T242M,12.656784
Gag_p24,T242N,2.367218
Gag_p24,T242P,11.287643
Gag_p24,T242Q,12.616837
Gag_p24,T242R,12.634949
Gag_p24,T242S,4.7422028
Gag_p24,T242V,12.461838
Gag_p24,T242W,12.645233
Gag_p24,T242Y,11.648758
Gag_p24,L243A,10.456314
Gag_p24,L243C,14.90184
Gag_p24,L243D,14.827164
Gag_p24,L243E,14.5854645
Gag_p24,L243F,11.385056
Gag_p24,L243G,13.288223
Gag_p24,L243H,10.938309
Gag_p24,L243I,8.101944
Gag_p24,L243K,14.736618
Gag_p24,L243M,10.710159
Gag_p24,L243N,14.798035
Gag_p24,L243P,6.7802277
Gag_p24,L243Q,11.955521
Gag_p24,L243R,13.083481
Gag_p24,L243S,10.49881
Gag_p24,L243T,7.876465
Gag_p24,L243V,8.860428
Gag_p24,L243W,14.818939
Gag_p24,L243Y,14.776367
Gag_p24,Q244A,5.814316
Gag_p24,Q244C,13.459778
Gag_p24,Q244D,8.805801
Gag_p24,Q244E,8.595123
Gag_p24,Q244F,13.444885
Gag_p24,Q244G,11.430023
Gag_p24,Q244H,8.996216
Gag_p24,Q244I,12.8806305
Gag_p24,Q244K,10.822128
Gag_p24,Q244L,9.623199
Gag_p24,Q244M,13.421722
Gag_p24,Q244N,9.147736
Gag_p24,Q244P,8.74115
Gag_p24,Q244R,8.194092
Gag_p24,Q244S,8.01889
Gag_p24,Q244T,8.56488
Gag_p24,Q244V,10.40097
Gag_p24,Q244W,13.38269
Gag_p24,Q244Y,13.143509
Gag_p24,E245A,13.619415
Gag_p24,E245C,14.510757
Gag_p24,E245D,6.2204437
Gag_p24,E245F,14.589203
Gag_p24,E245G,9.170746
Gag_p24,E245H,14.544861
Gag_p24,E245I,14.452744
Gag_p24,E245K,9.645737
Gag_p24,E245L,14.541031
Gag_p24,E245M,14.480606
Gag_p24,E245N,13.359589
Gag_p24,E245P,14.014053
Gag_p24,E245Q,12.068558
Gag_p24,E245R,14.014114
Gag_p24,E245S,14.501282
Gag_p24,E245T,13.899704
Gag_p24,E245V,14.410141
Gag_p24,E245W,14.177902
Gag_p24,E245Y,14.415604
Gag_p24,Q246A,13.976135
Gag_p24,Q246C,15.746399
Gag_p24,Q246D,15.071243
Gag_p24,Q246E,14.279083
Gag_p24,Q246F,15.733963
Gag_p24,Q246G,15.593796
Gag_p24,Q246H,10.009918
Gag_p24,Q246I,15.654022
Gag_p24,Q246K,13.814468
Gag_p24,Q246L,13.6636505
Gag_p24,Q246M,15.684326
Gag_p24,Q246N,15.673416
Gag_p24,Q246P,11.621933
Gag_p24,Q246R,9.137604
Gag_p24,Q246S,15.684799
Gag_p24,Q246T,15.709015
Gag_p24,Q246V,15.722153
Gag_p24,Q246W,15.73378
Gag_p24,Q246Y,15.714294
Gag_p24,I247A,11.611633
Gag_p24,I247C,12.667496
Gag_p24,I247D,13.563202
Gag_p24,I247E,13.343491
Gag_p24,I247F,13.624588
Gag_p24,I247G,13.330719
Gag_p24,I247H,13.593582
Gag_p24,I247K,13.560928
Gag_p24,I247L,7.5641785
Gag_p24,I247M,6.9321594
Gag_p24,I247N,12.44426
Gag_p24,I247P,13.56131
Gag_p24,I247Q,13.628067
Gag_p24,I247R,13.162186
Gag_p24,I247S,13.623108
Gag_p24,I247T,9.211655
Gag_p24,I247V,4.3647614
Gag_p24,I247W,13.636566
Gag_p24,I247Y,13.657639
Gag_p24,G248A,1.3646545
Gag_p24,G248C,11.925156
Gag_p24,G248D,5.2173767
Gag_p24,G248E,6.9306183
Gag_p24,G248F,11.939728
Gag_p24,G248H,8.892395
Gag_p24,G248I,8.663452
Gag_p24,G248K,9.958603
Gag_p24,G248L,11.96991
Gag_p24,G248M,11.938065
Gag_p24,G248N,4.870529
Gag_p24,G248P,10.03009
Gag_p24,G248Q,5.443878
Gag_p24,G248R,6.3934326
Gag_p24,G248S,8.335968
Gag_p24,G248T,4.0824585
Gag_p24,G248V,7.6509247
Gag_p24,G248W,12.027191
Gag_p24,G248Y,11.030853
Gag_p24,W249A,15.474167
Gag_p24,W249C,11.175247
Gag_p24,W249D,15.551895
Gag_p24,W249E,15.554016
Gag_p24,W249F,15.4700165
Gag_p24,W249G,9.302155
Gag_p24,W249H,15.505615
Gag_p24,W249I,14.932556
Gag_p24,W249K,14.994675
Gag_p24,W249L,14.748535
Gag_p24,W249M,15.479706
Gag_p24,W249N,15.456726
Gag_p24,W249P,15.456192
Gag_p24,W249Q,15.487488
Gag_p24,W249R,9.322784
Gag_p24,W249S,13.057953
Gag_p24,W249T,15.434082
Gag_p24,W249V,15.575546
Gag_p24,W249Y,15.504776
Gag_p24,M250A,11.84671
Gag_p24,M250C,13.729813
Gag_p24,M250D,11.754166
Gag_p24,M250E,13.667038
Gag_p24,M250F,13.330307
Gag_p24,M250G,13.683441
Gag_p24,M250H,13.669952
Gag_p24,M250I,5.3290405
Gag_p24,M250K,11.197372
Gag_p24,M250L,12.560455
Gag_p24,M250N,13.118347
Gag_p24,M250P,13.641281
Gag_p24,M250Q,13.822388
Gag_p24,M250R,11.297195
Gag_p24,M250S,11.655914
Gag_p24,M250T,7.048935
Gag_p24,M250V,9.579895
Gag_p24,M250W,13.770859
Gag_p24,M250Y,13.655182
Gag_p24,T251A,8.537491
Gag_p24,T251C,15.207657
Gag_p24,T251D,13.949585
Gag_p24,T251E,13.175461
Gag_p24,T251F,15.240067
Gag_p24,T251G,15.195908
Gag_p24,T251H,15.201767
Gag_p24,T251I,10.055542
Gag_p24,T251K,13.764145
Gag_p24,T251L,15.337372
Gag_p24,T251M,15.220474
Gag_p24,T251N,15.152771
Gag_p24,T251P,13.027863
Gag_p24,T251Q,14.819336
Gag_p24,T251R,13.775085
Gag_p24,T251S,11.1635895
Gag_p24,T251V,12.888977
Gag_p24,T251W,15.270767
Gag_p24,T251Y,15.187866
Gag_p24,H252A,3.2450256
Gag_p24,H252C,10.160187
Gag_p24,H252D,7.554535
Gag_p24,H252E,9.9453125
Gag_p24,H252F,10.011322
Gag_p24,H252G,1.8200684
Gag_p24,H252I,9.1922455
Gag_p24,H252K,6.7568054
Gag_p24,H252L,10.161179
Gag_p24,H252M,8.879074
Gag_p24,H252N,-1.3673706
Gag_p24,H252P,10.160004
Gag_p24,H252Q,5.444153
Gag_p24,H252R,5.316025
Gag_p24,H252S,-0.8297882
Gag_p24,H252T,5.875885
Gag_p24,H252V,9.600342
Gag_p24,H252W,10.163132
Gag_p24,H252Y,8.658325
Gag_p24,N253A,9.211075
Gag_p24,N253C,13.530579
Gag_p24,N253D,9.042435
Gag_p24,N253E,13.379547
Gag_p24,N253F,13.526306
Gag_p24,N253G,11.409729
Gag_p24,N253H,11.142715
Gag_p24,N253I,9.4075165
Gag_p24,N253K,11.60231
Gag_p24,N253L,13.522705
Gag_p24,N253M,13.549728
Gag_p24,N253P,13.564514
Gag_p24,N253Q,9.291367
Gag_p24,N253R,12.653763
Gag_p24,N253S,9.996429
Gag_p24,N253T,5.5530396
Gag_p24,N253V,13.557816
Gag_p24,N253W,12.65506
Gag_p24,N253Y,9.181
Gag_p24,P254A,13.098404
Gag_p24,P254C,15.197098
Gag_p24,P254D,14.079041
Gag_p24,P254E,14.163879
Gag_p24,P254F,15.075867
Gag_p24,P254G,15.23439
Gag_p24,P254H,12.27034
Gag_p24,P254I,15.246628
Gag_p24,P254K,15.223618
Gag_p24,P254L,12.604782
Gag_p24,P254M,15.161697
Gag_p24,P254N,10.834793
Gag_p24,P254Q,8.576065
Gag_p24,P254R,15.234299
Gag_p24,P254S,10.474548
Gag_p24,P254T,11.702499
Gag_p24,P254V,15.15921
Gag_p24,P254W,15.20874
Gag_p24,P254Y,15.24234
Gag_p24,P255A,3.7871857
Gag_p24,P255C,13.0355835
Gag_p24,P255D,12.9266815
Gag_p24,P255E,12.9770355
Gag_p24,P255F,12.919388
Gag_p24,P255G,8.281738
Gag_p24,P255H,12.8641205
Gag_p24,P255I,10.580597
Gag_p24,P255K,13.163361
Gag_p24,P255L,9.678116
Gag_p24,P255M,13.002716
Gag_p24,P255N,12.622253
Gag_p24,P255Q,12.343292
Gag_p24,P255R,11.376602
Gag_p24,P255S,5.703888
Gag_p24,P255T,9.318481
Gag_p24,P255V,7.758911
Gag_p24,P255W,13.022186
Gag_p24,P255Y,13.096878
Gag_p24,I256A,10.509903
Gag_p24,I256C,12.961655
Gag_p24,I256D,11.558456
Gag_p24,I256E,12.383728
Gag_p24,I256F,9.4383545
Gag_p24,I256G,11.979507
Gag_p24,I256H,11.642044
Gag_p24,I256K,12.530319
Gag_p24,I256L,10.220978
Gag_p24,I256M,7.371216
Gag_p24,I256N,11.310104
Gag_p24,I256P,12.856873
Gag_p24,I256Q,12.94693
Gag_p24,I256R,10.4857025
Gag_p24,I256S,11.4227295
Gag_p24,I256T,4.9917145
Gag_p24,I256V,3.4697876
Gag_p24,I256W,12.853867
Gag_p24,I256Y,11.017792
Gag_p24,P257A,9.232697
Gag_p24,P257C,13.517471
Gag_p24,P257D,13.706757
Gag_p24,P257E,13.717041
Gag_p24,P257F,13.99823
Gag_p24,P257G,13.939484
Gag_p24,P257H,13.706833
Gag_p24,P257I,14.044495
Gag_p24,P257K,13.970642
Gag_p24,P257L,8.340866
Gag_p24,P257M,13.889877
Gag_p24,P257N,13.652847
Gag_p24,P257Q,5.46933
Gag_p24,P257R,9.744202
Gag_p24,P257S,9.896484
Gag_p24,P257T,11.959763
Gag_p24,P257V,14.088379
Gag_p24,P257W,14.063171
Gag_p24,P257Y,13.926392
Gag_p24,V258A,8.569504
Gag_p24,V258C,14.617477
Gag_p24,V258D,14.188004
Gag_p24,V258E,12.489929
Gag_p24,V258F,14.21994
Gag_p24,V258G,10.652832
Gag_p24,V258H,14.607452
Gag_p24,V258I,7.120941
Gag_p24,V258K,14.612808
Gag_p24,V258L,11.004898
Gag_p24,V258M,14.305054
Gag_p24,V258N,14.278641
Gag_p24,V258P,14.680252
Gag_p24,V258Q,14.697784
Gag_p24,V258R,14.659912
Gag_p24,V258S,11.684036
Gag_p24,V258T,14.390915
Gag_p24,V258W,13.089935
Gag_p24,V258Y,14.321716
Gag_p24,G259A,11.2300415
Gag_p24,G259C,14.916275
Gag_p24,G259D,15.203842
Gag_p24,G259E,8.002777
Gag_p24,G259F,15.259003
Gag_p24,G259H,15.287247
Gag_p24,G259I,15.299454
Gag_p24,G259K,13.10585
Gag_p24,G259L,15.158203
Gag_p24,G259M,15.231415
Gag_p24,G259N,15.230377
Gag_p24,G259P,14.981598
Gag_p24,G259Q,15.145096
Gag_p24,G259R,8.435379
Gag_p24,G259S,15.285706
Gag_p24,G259T,15.125885
Gag_p24,G259V,15.225235
Gag_p24,G259W,14.00499
Gag_p24,G259Y,15.306091
Gag_p24,E260A,10.615662
Gag_p24,E260C,12.567902
Gag_p24,E260D,2.5871887
Gag_p24,E260F,12.428986
Gag_p24,E260G,7.4417877
Gag_p24,E260H,11.195358
Gag_p24,E260I,12.550217
Gag_p24,E260K,7.112564
Gag_p24,E260L,12.349258
Gag_p24,E260M,12.514114
Gag_p24,E260N,7.7417145
Gag_p24,E260P,11.639862
Gag_p24,E260Q,8.139511
Gag_p24,E260R,9.429184
Gag_p24,E260S,12.461227
Gag_p24,E260T,12.111725
Gag_p24,E260V,12.033737
Gag_p24,E260W,12.450302
Gag_p24,E260Y,12.51416
Gag_p24,I261A,13.978485
Gag_p24,I261C,13.941223
Gag_p24,I261D,14.312241
Gag_p24,I261E,13.9808655
Gag_p24,I261F,10.688004
Gag_p24,I261G,14.104401
Gag_p24,I261H,14.322769
Gag_p24,I261K,14.327911
Gag_p24,I261L,7.8461304
Gag_p24,I261M,9.051956
Gag_p24,I261N,12.873062
Gag_p24,I261P,13.571411
Gag_p24,I261Q,14.344482
Gag_p24,I261R,14.288864
Gag_p24,I261S,11.997498
Gag_p24,I261T,9.939987
Gag_p24,I261V,7.610977
Gag_p24,I261W,14.258606
Gag_p24,I261Y,11.380188
Gag_p24,Y262A,14.731995
Gag_p24,Y262C,10.408966
Gag_p24,Y262D,15.333572
Gag_p24,Y262E,15.726471
Gag_p24,Y262F,9.536453
Gag_p24,Y262G,15.678741
Gag_p24,Y262H,10.893753
Gag_p24,Y262I,12.610962
Gag_p24,Y262K,15.668549
Gag_p24,Y262L,15.67601
Gag_p24,Y262M,15.782303
Gag_p24,Y262N,15.81105
Gag_p24,Y262P,15.7829895
Gag_p24,Y262Q,15.705658
Gag_p24,Y262R,15.8758545
Gag_p24,Y262S,15.751877
Gag_p24,Y262T,15.731491
Gag_p24,Y262V,14.601212
Gag_p24,Y262W,14.846329
Gag_p24,K263A,14.5412445
Gag_p24,K263C,14.533249
Gag_p24,K263D,14.28717
Gag_p24,K263E,10.906097
Gag_p24,K263F,14.590118
Gag_p24,K263G,14.280975
Gag_p24,K263H,14.546265
Gag_p24,K263I,14.58461
Gag_p24,K263L,14.479263
Gag_p24,K263M,14.548584
Gag_p24,K263N,10.052017
Gag_p24,K263P,12.783585
Gag_p24,K263Q,11.719116
Gag_p24,K263R,7.1970825
Gag_p24,K263S,13.185928
Gag_p24,K263T,10.826965
Gag_p24,K263V,14.580139
Gag_p24,K263W,14.527145
Gag_p24,K263Y,14.578018
Gag_p24,R264A,10.960342
Gag_p24,R264C,12.722122
Gag_p24,R264D,12.022827
Gag_p24,R264E,12.375229
Gag_p24,R264F,12.624268
Gag_p24,R264G,5.4123077
Gag_p24,R264H,12.151245
Gag_p24,R264I,9.725601
Gag_p24,R264K,2.64563
Gag_p24,R264L,11.929184
Gag_p24,R264M,12.615753
Gag_p24,R264N,9.863129
Gag_p24,R264P,12.515274
Gag_p24,R264Q,7.016815
Gag_p24,R264S,9.362579
Gag_p24,R264T,9.793579
Gag_p24,R264V,12.771896
Gag_p24,R264W,12.68248
Gag_p24,R264Y,11.818008
Gag_p24,W265A,14.574722
Gag_p24,W265C,14.712341
Gag_p24,W265D,16.347137
Gag_p24,W265E,15.74765
Gag_p24,W265F,16.330566
Gag_p24,W265G,11.652893
Gag_p24,W265H,16.31076
Gag_p24,W265I,16.285904
Gag_p24,W265K,16.286087
Gag_p24,W265L,16.31569
Gag_p24,W265M,16.389328
Gag_p24,W265N,16.332626
Gag_p24,W265P,15.383682
Gag_p24,W265Q,15.822189
Gag_p24,W265R,10.58316
Gag_p24,W265S,13.671143
Gag_p24,W265T,15.370316
Gag_p24,W265V,16.253754
Gag_p24,W265Y,16.325775
Gag_p24,I266A,14.783493
Gag_p24,I266C,14.798553
Gag_p24,I266D,14.788193
Gag_p24,I266E,14.337387
Gag_p24,I266F,11.8480835
Gag_p24,I266G,14.750427
Gag_p24,I266H,14.818756
Gag_p24,I266K,12.230774
Gag_p24,I266L,9.443085
Gag_p24,I266M,12.308914
Gag_p24,I266N,14.833832
Gag_p24,I266P,14.738602
Gag_p24,I266Q,14.847855
Gag_p24,I266R,12.703262
Gag_p24,I266S,14.764999
Gag_p24,I266T,9.901886
Gag_p24,I266V,7.3639526
Gag_p24,I266W,14.819473
Gag_p24,I266Y,13.446899
Gag_p24,I267A,13.309753
Gag_p24,I267C,13.494263
Gag_p24,I267D,12.771973
Gag_p24,I267E,13.154938
Gag_p24,I267F,11.0394745
Gag_p24,I267G,13.51947
Gag_p24,I267H,13.565765
Gag_p24,I267K,13.535751
Gag_p24,I267L,11.648102
Gag_p24,I267M,11.836792
Gag_p24,I267N,13.521698
Gag_p24,I267P,13.275497
Gag_p24,I267Q,13.266541
Gag_p24,I267R,13.53894
Gag_p24,I267S,12.731171
Gag_p24,I267T,9.165756
Gag_p24,I267V,4.29364
Gag_p24,I267W,12.9673
Gag_p24,I267Y,13.586578
Gag_p24,L268A,12.080429
Gag_p24,L268C,12.209091
Gag_p24,L268D,12.19429
Gag_p24,L268E,12.250122
Gag_p24,L268F,11.793503
Gag_p24,L268G,11.657074
Gag_p24,L268H,11.090942
Gag_p24,L268I,3.9535675
Gag_p24,L268K,10.289215
Gag_p24,L268M,1.5648956
Gag_p24,L268N,12.179367
Gag_p24,L268P,8.072815
Gag_p24,L268Q,11.754456
Gag_p24,L268R,9.874252
Gag_p24,L268S,11.864365
Gag_p24,L268T,12.238281
Gag_p24,L268V,8.221603
Gag_p24,L268W,11.238327
Gag_p24,L268Y,12.188629
Gag_p24,G269A,15.845383
Gag_p24,G269C,15.299164
Gag_p24,G269D,15.761261
Gag_p24,G269E,9.342072
Gag_p24,G269F,15.777649
Gag_p24,G269H,13.960266
Gag_p24,G269I,15.79892
Gag_p24,G269K,12.905899
Gag_p24,G269L,14.524628
Gag_p24,G269M,15.872879
Gag_p24,G269N,15.7933655
Gag_p24,G269P,15.827286
Gag_p24,G269Q,15.867065
Gag_p24,G269R,10.679871
Gag_p24,G269S,14.717407
Gag_p24,G269T,15.799667
Gag_p24,G269V,15.654968
Gag_p24,G269W,15.858154
Gag_p24,G269Y,15.755615
Gag_p24,L270A,15.639191
Gag_p24,L270C,15.668091
Gag_p24,L270D,15.617508
Gag_p24,L270E,15.667191
Gag_p24,L270F,7.879425
Gag_p24,L270G,15.582764
Gag_p24,L270H,15.633713
Gag_p24,L270I,12.766541
Gag_p24,L270K,15.133453
Gag_p24,L270M,15.680328
Gag_p24,L270N,15.143738
Gag_p24,L270P,15.618713
Gag_p24,L270Q,15.6414795
Gag_p24,L270R,13.76889
Gag_p24,L270S,11.720627
Gag_p24,L270T,15.58873
Gag_p24,L270V,14.091217
Gag_p24,L270W,13.196762
Gag_p24,L270Y,15.625717
Gag_p24,N271A,12.241379
Gag_p24,N271C,13.389923
Gag_p24,N271D,8.792236
Gag_p24,N271E,12.662323
Gag_p24,N271F,13.996567
Gag_p24,N271G,13.975815
Gag_p24,N271H,6.6625214
Gag_p24,N271I,12.573517
Gag_p24,N271K,10.549545
Gag_p24,N271L,13.932022
Gag_p24,N271M,13.907486
Gag_p24,N271P,13.520859
Gag_p24,N271Q,9.879898
Gag_p24,N271R,13.927002
Gag_p24,N271S,9.010696
Gag_p24,N271T,7.6312256
Gag_p24,N271V,13.968842
Gag_p24,N271W,13.927292
Gag_p24,N271Y,11.729095
Gag_p24,K272A,15.270996
Gag_p24,K272C,15.279953
Gag_p24,K272D,15.2491455
Gag_p24,K272E,10.709717
Gag_p24,K272F,14.533539
Gag_p24,K272G,13.71875
Gag_p24,K272H,14.552429
Gag_p24,K272I,11.55954
Gag_p24,K272L,15.1870575
Gag_p24,K272M,15.214539
Gag_p24,K272N,11.828827
Gag_p24,K272P,14.76384
Gag_p24,K272Q,10.295654
Gag_p24,K272R,8.808533
Gag_p24,K272S,14.171341
Gag_p24,K272T,11.758835
Gag_p24,K272V,15.302628
Gag_p24,K272W,15.217667
Gag_p24,K272Y,15.288132
Gag_p24,I273A,12.80014
Gag_p24,I273C,13.982758
Gag_p24,I273D,13.620117
Gag_p24,I273E,13.315567
Gag_p24,I273F,14.027145
Gag_p24,I273G,13.930344
Gag_p24,I273H,13.944183
Gag_p24,I273K,11.830002
Gag_p24,I273L,8.64769
Gag_p24,I273M,8.880722
Gag_p24,I273N,13.329056
Gag_p24,I273P,13.925369
Gag_p24,I273Q,13.999435
Gag_p24,I273R,13.785477
Gag_p24,I273S,14.009506
Gag_p24,I273T,10.167877
Gag_p24,I273V,5.0250854
Gag_p24,I273W,13.943329
Gag_p24,I273Y,13.943069
Gag_p24,V274A,11.280975
Gag_p24,V274C,14.897995
Gag_p24,V274D,15.622742
Gag_p24,V274E,14.427902
Gag_p24,V274F,15.132034
Gag_p24,V274G,12.753494
Gag_p24,V274H,15.612732
Gag_p24,V274I,9.437851
Gag_p24,V274K,15.60022
Gag_p24,V274L,12.828888
Gag_p24,V274M,15.142685
Gag_p24,V274N,15.632004
Gag_p24,V274P,14.056549
Gag_p24,V274Q,15.093155
Gag_p24,V274R,13.460327
Gag_p24,V274S,14.762543
Gag_p24,V274T,15.5946045
Gag_p24,V274W,15.562256
Gag_p24,V274Y,15.699158
Gag_p24,R275A,14.184662
Gag_p24,R275C,14.190247
Gag_p24,R275D,14.278198
Gag_p24,R275E,14.153915
Gag_p24,R275F,14.224258
Gag_p24,R275G,9.117752
Gag_p24,R275H,14.26358
Gag_p24,R275I,12.112549
Gag_p24,R275K,5.0389404
Gag_p24,R275L,14.19986
Gag_p24,R275M,14.168716
Gag_p24,R275N,13.247223
Gag_p24,R275P,14.281479
Gag_p24,R275Q,12.917557
Gag_p24,R275S,11.244278
Gag_p24,R275T,14.260269
Gag_p24,R275V,12.968201
Gag_p24,R275W,14.221954
Gag_p24,R275Y,12.852615
Gag_p24,M276A,14.605652
Gag_p24,M276C,15.100647
Gag_p24,M276D,15.036942
Gag_p24,M276E,14.475204
Gag_p24,M276F,15.100143
Gag_p24,M276G,14.678986
Gag_p24,M276H,15.096725
Gag_p24,M276I,8.850418
Gag_p24,M276K,10.469086
Gag_p24,M276L,10.426727
Gag_p24,M276N,12.936691
Gag_p24,M276P,12.981384
Gag_p24,M276Q,15.03154
Gag_p24,M276R,13.295029
Gag_p24,M276S,13.633392
Gag_p24,M276T,9.580002
Gag_p24,M276V,11.2165985
Gag_p24,M276W,15.087189
Gag_p24,M276Y,15.128754
Gag_p24,Y277A,15.461578
Gag_p24,Y277C,9.801041
Gag_p24,Y277D,14.666504
Gag_p24,Y277E,15.64534
Gag_p24,Y277F,12.850143
Gag_p24,Y277G,16.123978
Gag_p24,Y277H,13.241409
Gag_p24,Y277I,16.133255
Gag_p24,Y277K,14.841934
Gag_p24,Y277L,13.455872
Gag_p24,Y277M,15.581924
Gag_p24,Y277N,15.960571
Gag_p24,Y277P,16.145615
Gag_p24,Y277Q,14.513092
Gag_p24,Y277R,16.113815
Gag_p24,Y277S,16.114609
Gag_p24,Y277T,14.734375
Gag_p24,Y277V,12.54245
Gag_p24,Y277W,16.150726
Gag_p24,S278A,12.248642
Gag_p24,S278C,6.859146
Gag_p24,S278D,13.05069
Gag_p24,S278E,13.075928
Gag_p24,S278F,14.135941
Gag_p24,S278G,11.322693
Gag_p24,S278H,14.238693
Gag_p24,S278I,12.110733
Gag_p24,S278K,8.884354
Gag_p24,S278L,14.194321
Gag_p24,S278M,14.107529
Gag_p24,S278N,8.10054
Gag_p24,S278P,14.136093
Gag_p24,S278Q,10.298523
Gag_p24,S278R,7.9071198
Gag_p24,S278T,10.672073
Gag_p24,S278V,13.277084
Gag_p24,S278W,14.170151
Gag_p24,S278Y,14.186356
Gag_p24,P279A,11.909042
Gag_p24,P279C,16.211533
Gag_p24,P279D,16.168365
Gag_p24,P279E,15.526413
Gag_p24,P279F,15.681335
Gag_p24,P279G,15.724579
Gag_p24,P279H,12.245544
Gag_p24,P279I,16.164703
Gag_p24,P279K,16.167068
Gag_p24,P279L,10.068298
Gag_p24,P279M,16.075851
Gag_p24,P279N,16.19345
Gag_p24,P279Q,16.09584
Gag_p24,P279R,14.432983
Gag_p24,P279S,12.703461
Gag_p24,P279T,16.057236
Gag_p24,P279V,16.147812
Gag_p24,P279W,16.10878
Gag_p24,P279Y,16.145142
Gag_p24,T280A,3.676773
Gag_p24,T280C,10.490906
Gag_p24,T280D,11.3598175
Gag_p24,T280E,11.381058
Gag_p24,T280F,11.381866
Gag_p24,T280G,9.90947
Gag_p24,T280H,11.33255
Gag_p24,T280I,3.0553894
Gag_p24,T280K,10.722443
Gag_p24,T280L,8.92337
Gag_p24,T280M,11.375992
Gag_p24,T280N,10.87088
Gag_p24,T280P,10.892151
Gag_p24,T280Q,9.158752
Gag_p24,T280R,11.406418
Gag_p24,T280S,2.8251495
Gag_p24,T280V,1.3294678
Gag_p24,T280W,11.344955
Gag_p24,T280Y,11.443115
Gag_p24,S281A,13.411804
Gag_p24,S281C,7.516815
Gag_p24,S281D,11.715668
Gag_p24,S281E,12.709106
Gag_p24,S281F,13.625992
Gag_p24,S281G,5.7249146
Gag_p24,S281H,13.580978
Gag_p24,S281I,13.318863
Gag_p24,S281K,11.763763
Gag_p24,S281L,13.651047
Gag_p24,S281M,13.61499
Gag_p24,S281N,6.966751
Gag_p24,S281P,13.157028
Gag_p24,S281Q,13.108902
Gag_p24,S281R,9.944611
Gag_p24,S281T,10.828506
Gag_p24,S281V,12.180115
Gag_p24,S281W,13.653336
Gag_p24,S281Y,13.610031
Gag_p24,I282A,15.363342
Gag_p24,I282C,15.764145
Gag_p24,I282D,15.765839
Gag_p24,I282E,15.764313
Gag_p24,I282F,11.21846
Gag_p24,I282G,15.729935
Gag_p24,I282H,13.494461
Gag_p24,I282K,15.752457
Gag_p24,I282L,12.9339905
Gag_p24,I282M,14.816559
Gag_p24,I282N,15.344681
Gag_p24,I282P,14.626541
Gag_p24,I282Q,14.946014
Gag_p24,I282R,15.767319
Gag_p24,I282S,12.132828
Gag_p24,I282T,10.036957
Gag_p24,I282V,10.764114
Gag_p24,I282W,15.731949
Gag_p24,I282Y,15.695633
Gag_p24,L283A,15.917755
Gag_p24,L283C,15.870941
Gag_p24,L283D,16.023392
Gag_p24,L283E,13.849991
Gag_p24,L283F,11.127365
Gag_p24,L283G,15.921265
Gag_p24,L283H,15.91333
Gag_p24,L283I,15.096848
Gag_p24,L283K,16.01619
Gag_p24,L283M,14.652084
Gag_p24,L283N,16.017029
Gag_p24,L283P,11.184006
Gag_p24,L283Q,15.880692
Gag_p24,L283R,13.410782
Gag_p24,L283S,11.661682
Gag_p24,L283T,15.991791
Gag_p24,L283V,12.118454
Gag_p24,L283W,12.048843
Gag_p24,L283Y,15.998505
Gag_p24,D284A,12.657715
Gag_p24,D284C,14.576538
Gag_p24,D284E,7.150772
Gag_p24,D284F,14.438751
Gag_p24,D284G,8.25235
Gag_p24,D284H,12.7552185
Gag_p24,D284I,14.512161
Gag_p24,D284K,13.082367
Gag_p24,D284L,14.620773
Gag_p24,D284M,14.5147705
Gag_p24,D284N,9.287491
Gag_p24,D284P,14.068405
Gag_p24,D284Q,14.145721
Gag_p24,D284R,14.52919
Gag_p24,D284S,14.559113
Gag_p24,D284T,14.20665
Gag_p24,D284V,12.1073
Gag_p24,D284W,14.561157
Gag_p24,D284Y,11.120178
Gag_p24,I285A,13.827774
Gag_p24,I285C,13.803177
Gag_p24,I285D,13.702713
Gag_p24,I285E,13.578674
Gag_p24,I285F,13.90303
Gag_p24,I285G,14.146027
Gag_p24,I285H,11.827621
Gag_p24,I285K,14.100052
Gag_p24,I285L,9.820526
Gag_p24,I285M,9.976425
Gag_p24,I285N,14.149139
Gag_p24,I285P,14.127304
Gag_p24,I285Q,14.170303
Gag_p24,I285R,13.025467
Gag_p24,I285S,14.128067
Gag_p24,I285T,8.914673
Gag_p24,I285V,6.9292145
Gag_p24,I285W,14.08284
Gag_p24,I285Y,13.808365
Gag_p24,R286A,11.902283
Gag_p24,R286C,12.095825
Gag_p24,R286D,12.0841675
Gag_p24,R286E,10.069183
Gag_p24,R286F,12.090851
Gag_p24,R286G,9.082291
Gag_p24,R286H,12.143616
Gag_p24,R286I,10.419113
Gag_p24,R286K,0.5588684
Gag_p24,R286L,11.718353
Gag_p24,R286M,11.746674
Gag_p24,R286N,8.596909
Gag_p24,R286P,11.846664
Gag_p24,R286Q,11.128387
Gag_p24,R286S,9.930511
Gag_p24,R286T,9.633194
Gag_p24,R286V,12.04039
Gag_p24,R286W,11.547897
Gag_p24,R286Y,12.067917
Gag_p24,Q287A,16.580841
Gag_p24,Q287C,16.589691
Gag_p24,Q287D,16.578934
Gag_p24,Q287E,14.857452
Gag_p24,Q287F,16.528214
Gag_p24,Q287G,14.663223
Gag_p24,Q287H,13.611252
Gag_p24,Q287I,16.496613
Gag_p24,Q287K,13.714096
Gag_p24,Q287L,14.346054
Gag_p24,Q287M,16.554611
Gag_p24,Q287N,16.520065
Gag_p24,Q287P,13.256302
Gag_p24,Q287R,11.363419
Gag_p24,Q287S,15.639694
Gag_p24,Q287T,14.899246
Gag_p24,Q287V,16.573761
Gag_p24,Q287W,16.521805
Gag_p24,Q287Y,16.606628
Gag_p24,G288A,11.873123
Gag_p24,G288C,15.59906
Gag_p24,G288D,15.648453
Gag_p24,G288E,9.237595
Gag_p24,G288F,15.13269
Gag_p24,G288H,15.583008
Gag_p24,G288I,14.683777
Gag_p24,G288K,15.527557
Gag_p24,G288L,15.624802
Gag_p24,G288M,15.567108
Gag_p24,G288N,13.877838
Gag_p24,G288P,15.593933
Gag_p24,G288Q,15.626373
Gag_p24,G288R,8.777466
Gag_p24,G288S,15.596924
Gag_p24,G288T,15.559387
Gag_p24,G288V,13.322266
Gag_p24,G288W,15.584366
Gag_p24,G288Y,15.56871
Gag_p24,P289A,10.736908
Gag_p24,P289C,15.777679
Gag_p24,P289D,15.860458
Gag_p24,P289E,15.130707
Gag_p24,P289F,15.36853
Gag_p24,P289G,15.901947
Gag_p24,P289H,15.814331
Gag_p24,P289I,15.370804
Gag_p24,P289K,13.675873
Gag_p24,P289L,10.121643
Gag_p24,P289M,15.763748
Gag_p24,P289N,15.769196
Gag_p24,P289Q,11.659058
Gag_p24,P289R,15.861359
Gag_p24,P289S,14.246811
Gag_p24,P289T,11.815567
Gag_p24,P289V,13.85701
Gag_p24,P289W,15.887894
Gag_p24,P289Y,14.281601
Gag_p24,K290A,14.826324
Gag_p24,K290C,15.65538
Gag_p24,K290D,15.21817
Gag_p24,K290E,12.793564
Gag_p24,K290F,14.549698
Gag_p24,K290G,14.175476
Gag_p24,K290H,15.597778
Gag_p24,K290I,14.353027
Gag_p24,K290L,14.662979
Gag_p24,K290M,13.70079
Gag_p24,K290N,13.463806
Gag_p24,K290P,15.680344
Gag_p24,K290Q,12.892441
Gag_p24,K290R,8.397232
Gag_p24,K290S,15.681381
Gag_p24,K290T,11.99118
Gag_p24,K290V,15.6393585
Gag_p24,K290W,15.682037
Gag_p24,K290Y,14.454712
Gag_p24,E291A,14.100616
Gag_p24,E291C,15.661102
Gag_p24,E291D,10.360809
Gag_p24,E291F,15.709854
Gag_p24,E291G,9.520096
Gag_p24,E291H,15.725296
Gag_p24,E291I,15.649368
Gag_p24,E291K,9.947586
Gag_p24,E291L,14.731857
Gag_p24,E291M,15.738846
Gag_p24,E291N,14.400589
Gag_p24,E291P,13.8606415
Gag_p24,E291Q,15.682938
Gag_p24,E291R,12.1306305
Gag_p24,E291S,15.703323
Gag_p24,E291T,12.723206
Gag_p24,E291V,15.71051
Gag_p24,E291W,15.687073
Gag_p24,E291Y,15.730682
Gag_p24,P292A,8.015671
Gag_p24,P292C,13.7986145
Gag_p24,P292D,12.579529
Gag_p24,P292E,13.039551
Gag_p24,P292F,13.741135
Gag_p24,P292G,13.815231
Gag_p24,P292H,12.848404
Gag_p24,P292I,13.176468
Gag_p24,P292K,13.778381
Gag_p24,P292L,13.676941
Gag_p24,P292M,13.822403
Gag_p24,P292N,13.354965
Gag_p24,P292Q,13.815338
Gag_p24,P292R,12.759125
Gag_p24,P292S,4.566757
Gag_p24,P292T,8.043945
Gag_p24,P292V,13.485092
Gag_p24,P292W,13.729706
Gag_p24,P292Y,13.717804
Gag_p24,F293A,15.6627655
Gag_p24,F293C,11.667313
Gag_p24,F293D,15.618149
Gag_p24,F293E,15.572174
Gag_p24,F293G,15.187683
Gag_p24,F293H,15.143753
Gag_p24,F293I,14.152924
Gag_p24,F293K,15.641602
Gag_p24,F293L,9.562988
Gag_p24,F293M,15.534134
Gag_p24,F293N,14.749725
Gag_p24,F293P,12.913071
Gag_p24,F293Q,15.573486
Gag_p24,F293R,13.759705
Gag_p24,F293S,10.473526
Gag_p24,F293T,15.590927
Gag_p24,F293V,12.177948
Gag_p24,F293W,14.179108
Gag_p24,F293Y,13.962036
Gag_p24,R294A,14.866882
Gag_p24,R294C,14.838669
Gag_p24,R294D,14.92424
Gag_p24,R294E,14.001282
Gag_p24,R294F,13.91539
Gag_p24,R294G,10.3736725
Gag_p24,R294H,14.840912
Gag_p24,R294I,11.469742
Gag_p24,R294K,6.5794067
Gag_p24,R294L,12.604736
Gag_p24,R294M,14.911713
Gag_p24,R294N,14.128082
Gag_p24,R294P,14.207352
Gag_p24,R294Q,13.451401
Gag_p24,R294S,13.701218
Gag_p24,R294T,11.729355
Gag_p24,R294V,14.89888
Gag_p24,R294W,14.850281
Gag_p24,R294Y,14.8589325
Gag_p24,D295A,11.34729
Gag_p24,D295C,14.326889
Gag_p24,D295E,6.734421
Gag_p24,D295F,14.359375
Gag_p24,D295G,9.196671
Gag_p24,D295H,13.808975
Gag_p24,D295I,14.38974
Gag_p24,D295K,14.3402405
Gag_p24,D295L,12.542557
Gag_p24,D295M,13.60289
Gag_p24,D295N,8.846054
Gag_p24,D295P,14.263245
Gag_p24,D295Q,14.074966
Gag_p24,D295R,14.354416
Gag_p24,D295S,13.570587
Gag_p24,D295T,13.099152
Gag_p24,D295V,12.272507
Gag_p24,D295W,14.257462
Gag_p24,D295Y,14.027115
Gag_p24,Y296A,15.161163
Gag_p24,Y296C,10.9151
Gag_p24,Y296D,12.690918
Gag_p24,Y296E,15.755417
Gag_p24,Y296F,13.059006
Gag_p24,Y296G,15.726379
Gag_p24,Y296H,10.071808
Gag_p24,Y296I,15.721817
Gag_p24,Y296K,14.283005
Gag_p24,Y296L,12.096909
Gag_p24,Y296M,14.72142
Gag_p24,Y296N,15.760132
Gag_p24,Y296P,14.082642
Gag_p24,Y296Q,15.2860565
Gag_p24,Y296R,14.700485
Gag_p24,Y296S,12.986603
Gag_p24,Y296T,15.022522
Gag_p24,Y296V,15.70546
Gag_p24,Y296W,15.6887665
Gag_p24,V297A,9.807907
Gag_p24,V297C,14.521271
Gag_p24,V297D,15.319565
Gag_p24,V297E,13.63649
Gag_p24,V297F,14.764267
Gag_p24,V297G,10.717911
Gag_p24,V297H,15.374908
Gag_p24,V297I,8.702621
Gag_p24,V297K,15.364655
Gag_p24,V297L,12.138229
Gag_p24,V297M,10.952194
Gag_p24,V297N,15.316727
Gag_p24,V297P,14.479202
Gag_p24,V297Q,15.349213
Gag_p24,V297R,14.374039
Gag_p24,V297S,15.313934
Gag_p24,V297T,13.958069
Gag_p24,V297W,15.306671
Gag_p24,V297Y,15.355774
Gag_p24,D298A,11.027237
Gag_p24,D298C,15.121811
Gag_p24,D298E,12.500931
Gag_p24,D298F,15.168716
Gag_p24,D298G,9.726166
Gag_p24,D298H,15.114685
Gag_p24,D298I,15.122101
Gag_p24,D298K,11.39444
Gag_p24,D298L,15.153168
Gag_p24,D298M,15.14679
Gag_p24,D298N,8.418564
Gag_p24,D298P,13.554077
Gag_p24,D298Q,15.123367
Gag_p24,D298R,13.60437
Gag_p24,D298S,14.59137
Gag_p24,D298T,14.60849
Gag_p24,D298V,10.974243
Gag_p24,D298W,15.205139
Gag_p24,D298Y,11.666748
Gag_p24,R299A,15.433456
Gag_p24,R299C,14.049652
Gag_p24,R299D,14.003006
Gag_p24,R299E,12.970261
Gag_p24,R299F,15.389664
Gag_p24,R299G,10.884796
Gag_p24,R299H,13.399048
Gag_p24,R299I,15.308502
Gag_p24,R299K,9.814896
Gag_p24,R299L,12.272812
Gag_p24,R299M,15.315338
Gag_p24,R299N,14.669388
Gag_p24,R299P,13.630051
Gag_p24,R299Q,10.338348
Gag_p24,R299S,14.957428
Gag_p24,R299T,14.875092
Gag_p24,R299V,15.340866
Gag_p24,R299W,11.601532
Gag_p24,R299Y,14.4296875
Gag_p24,F300A,14.176514
Gag_p24,F300C,11.965591
Gag_p24,F300D,14.999634
Gag_p24,F300E,15.091034
Gag_p24,F300G,12.457214
Gag_p24,F300H,14.470093
Gag_p24,F300I,14.15918
Gag_p24,F300K,13.960953
Gag_p24,F300L,9.791641
Gag_p24,F300M,14.307678
Gag_p24,F300N,14.948898
Gag_p24,F300P,15.041489
Gag_p24,F300Q,15.095245
Gag_p24,F300R,13.448059
Gag_p24,F300S,9.138794
Gag_p24,F300T,15.0265045
Gag_p24,F300V,10.113617
Gag_p24,F300W,10.25119
Gag_p24,F300Y,13.457977
Gag_p24,Y301A,13.734451
Gag_p24,Y301C,12.013351
Gag_p24,Y301D,13.820053
Gag_p24,Y301E,13.42276
Gag_p24,Y301F,5.826126
Gag_p24,Y301G,12.767456
Gag_p24,Y301H,10.889877
Gag_p24,Y301I,13.987061
Gag_p24,Y301K,13.932877
Gag_p24,Y301L,10.047668
Gag_p24,Y301M,13.442032
Gag_p24,Y301N,14.000702
Gag_p24,Y301P,13.637604
Gag_p24,Y301Q,14.033554
Gag_p24,Y301R,13.948669
Gag_p24,Y301S,13.105408
Gag_p24,Y301T,13.7331085
Gag_p24,Y301V,12.393616
Gag_p24,Y301W,12.473434
Gag_p24,K302A,12.748215
Gag_p24,K302C,13.424377
Gag_p24,K302D,13.09314
Gag_p24,K302E,10.197815
Gag_p24,K302F,13.482254
Gag_p24,K302G,13.4730835
Gag_p24,K302H,13.551422
Gag_p24,K302I,11.590012
Gag_p24,K302L,11.905685
Gag_p24,K302M,13.406891
Gag_p24,K302N,9.320816
Gag_p24,K302P,13.383377
Gag_p24,K302Q,10.19873
Gag_p24,K302R,3.899887
Gag_p24,K302S,13.467575
Gag_p24,K302T,11.539352
Gag_p24,K302V,11.621719
Gag_p24,K302W,13.482941
Gag_p24,K302Y,13.394989
Gag_p24,T303A,6.590576
Gag_p24,T303C,5.990677
Gag_p24,T303D,13.086105
Gag_p24,T303E,12.35379
Gag_p24,T303F,12.955933
Gag_p24,T303G,11.926788
Gag_p24,T303H,13.164047
Gag_p24,T303I,6.123596
Gag_p24,T303K,12.310242
Gag_p24,T303L,10.310623
Gag_p24,T303M,13.233002
Gag_p24,T303N,11.982803
Gag_p24,T303P,10.804703
Gag_p24,T303Q,12.748947
Gag_p24,T303R,13.156769
Gag_p24,T303S,9.834381
Gag_p24,T303V,3.234253
Gag_p24,T303W,13.295395
Gag_p24,T303Y,13.202484
Gag_p24,L304A,14.047562
Gag_p24,L304C,15.010574
Gag_p24,L304D,15.022659
Gag_p24,L304E,14.156326
Gag_p24,L304F,9.266541
Gag_p24,L304G,14.915817
Gag_p24,L304H,14.972702
Gag_p24,L304I,8.668732
Gag_p24,L304K,13.424438
Gag_p24,L304M,14.541672
Gag_p24,L304N,14.334702
Gag_p24,L304P,9.883377
Gag_p24,L304Q,15.043594
Gag_p24,L304R,14.7704315
Gag_p24,L304S,14.514069
Gag_p24,L304T,14.57756
Gag_p24,L304V,8.896912
Gag_p24,L304W,14.943802
Gag_p24,L304Y,14.94809
Gag_p24,R305A,15.528244
Gag_p24,R305C,15.512726
Gag_p24,R305D,15.014832
Gag_p24,R305E,11.691696
Gag_p24,R305F,15.475876
Gag_p24,R305G,9.578583
Gag_p24,R305H,15.513565
Gag_p24,R305I,11.6024475
Gag_p24,R305K,8.80928
Gag_p24,R305L,14.7982025
Gag_p24,R305M,14.8089905
Gag_p24,R305N,14.638107
Gag_p24,R305P,14.078751
Gag_p24,R305Q,13.582993
Gag_p24,R305S,12.375504
Gag_p24,R305T,15.163315
Gag_p24,R305V,15.193146
Gag_p24,R305W,15.595734
Gag_p24,R305Y,14.300735
Gag_p24,A306C,15.330093
Gag_p24,A306D,14.181473
Gag_p24,A306E,14.537338
Gag_p24,A306F,15.300293
Gag_p24,A306G,11.596085
Gag_p24,A306H,14.3715515
Gag_p24,A306I,15.267746
Gag_p24,A306K,15.378204
Gag_p24,A306L,12.171616
Gag_p24,A306M,14.806854
Gag_p24,A306N,13.820999
Gag_p24,A306P,13.121216
Gag_p24,A306Q,14.947739
Gag_p24,A306R,14.360977
Gag_p24,A306S,8.658569
Gag_p24,A306T,9.144516
Gag_p24,A306V,9.830383
Gag_p24,A306W,15.30777
Gag_p24,A306Y,14.084412
Gag_p24,E307A,15.4539795
Gag_p24,E307C,15.400726
Gag_p24,E307D,9.604828
Gag_p24,E307F,15.393402
Gag_p24,E307G,9.600861
Gag_p24,E307H,15.3450775
Gag_p24,E307I,15.481659
Gag_p24,E307K,8.679794
Gag_p24,E307L,15.422836
Gag_p24,E307M,15.4817505
Gag_p24,E307N,13.361481
Gag_p24,E307P,15.316635
Gag_p24,E307Q,12.616486
Gag_p24,E307R,14.782227
Gag_p24,E307S,13.843567
Gag_p24,E307T,14.945877
Gag_p24,E307V,13.086853
Gag_p24,E307W,15.494141
Gag_p24,E307Y,15.50029
Gag_p24,Q308A,15.876419
Gag_p24,Q308C,15.786163
Gag_p24,Q308D,15.245361
Gag_p24,Q308E,11.974335
Gag_p24,Q308F,15.800018
Gag_p24,Q308G,15.864639
Gag_p24,Q308H,10.865448
Gag_p24,Q308I,15.765015
Gag_p24,Q308K,11.826202
Gag_p24,Q308L,11.86232
Gag_p24,Q308M,15.755447
Gag_p24,Q308N,15.821716
Gag_p24,Q308P,10.467361
Gag_p24,Q308R,11.591553
Gag_p24,Q308S,12.652267
Gag_p24,Q308T,15.418259
Gag_p24,Q308V,15.704437
Gag_p24,Q308W,15.798035
Gag_p24,Q308Y,15.049316
Gag_p24,A309C,4.714905
Gag_p24,A309D,11.606522
Gag_p24,A309E,11.2786255
Gag_p24,A309F,13.4339905
Gag_p24,A309G,5.960022
Gag_p24,A309H,13.424042
Gag_p24,A309I,13.455704
Gag_p24,A309K,12.476685
Gag_p24,A309L,11.774857
Gag_p24,A309M,12.308777
Gag_p24,A309N,12.47139
Gag_p24,A309P,10.422165
Gag_p24,A309Q,13.461166
Gag_p24,A309R,12.730103
Gag_p24,A309S,7.000946
Gag_p24,A309T,8.092072
Gag_p24,A309V,9.316589
Gag_p24,A309W,13.079178
Gag_p24,A309Y,12.932251
Gag_p24,S310A,7.149582
Gag_p24,S310C,12.758789
Gag_p24,S310D,11.842102
Gag_p24,S310E,12.521652
Gag_p24,S310F,12.738098
Gag_p24,S310G,11.7356415
Gag_p24,S310H,10.733383
Gag_p24,S310I,10.261627
Gag_p24,S310K,12.125153
Gag_p24,S310L,9.924683
Gag_p24,S310M,12.743515
Gag_p24,S310N,11.07634
Gag_p24,S310P,8.922379
Gag_p24,S310Q,10.943802
Gag_p24,S310R,9.24617
Gag_p24,S310T,2.077591
Gag_p24,S310V,12.771515
Gag_p24,S310W,12.481262
Gag_p24,S310Y,12.824982
Gag_p24,Q311A,7.4358063
Gag_p24,Q311C,13.930527
Gag_p24,Q311D,13.544342
Gag_p24,Q311E,10.931122
Gag_p24,Q311F,13.283615
Gag_p24,Q311G,11.763565
Gag_p24,Q311H,10.608246
Gag_p24,Q311I,14.014618
Gag_p24,Q311K,12.712631
Gag_p24,Q311L,8.512604
Gag_p24,Q311M,13.013779
Gag_p24,Q311N,13.120728
Gag_p24,Q311P,6.6552734
Gag_p24,Q311R,8.901703
Gag_p24,Q311S,8.284637
Gag_p24,Q311T,8.7938385
Gag_p24,Q311V,13.458496
Gag_p24,Q311W,14.005524
Gag_p24,Q311Y,13.998016
Gag_p24,E312A,7.3407135
Gag_p24,E312C,12.194641
Gag_p24,E312D,0.40789795
Gag_p24,E312F,12.090607
Gag_p24,E312G,7.631302
Gag_p24,E312H,12.171173
Gag_p24,E312I,11.520691
Gag_p24,E312K,8.569977
Gag_p24,E312L,11.301178
Gag_p24,E312M,12.031586
Gag_p24,E312N,8.556503
Gag_p24,E312P,9.113327
Gag_p24,E312Q,12.123718
Gag_p24,E312R,11.733505
Gag_p24,E312S,11.7304535
Gag_p24,E312T,12.123749
Gag_p24,E312V,12.148819
Gag_p24,E312W,11.973221
Gag_p24,E312Y,12.066879
Gag_p24,V313A,10.6111145
Gag_p24,V313C,14.974396
Gag_p24,V313D,15.71759
Gag_p24,V313E,12.940292
Gag_p24,V313F,15.614944
Gag_p24,V313G,12.3134
Gag_p24,V313H,15.763062
Gag_p24,V313I,9.258774
Gag_p24,V313K,15.74791
Gag_p24,V313L,11.100128
Gag_p24,V313M,15.7265625
Gag_p24,V313N,15.838318
Gag_p24,V313P,15.733582
Gag_p24,V313Q,15.799789
Gag_p24,V313R,15.648941
Gag_p24,V313S,15.680405
Gag_p24,V313T,13.536026
Gag_p24,V313W,15.68045
Gag_p24,V313Y,13.711456
Gag_p24,K314A,13.8246
Gag_p24,K314C,15.082367
Gag_p24,K314D,13.711365
Gag_p24,K314E,10.199646
Gag_p24,K314F,15.501389
Gag_p24,K314G,13.4105835
Gag_p24,K314H,14.656128
Gag_p24,K314I,11.375366
Gag_p24,K314L,13.759659
Gag_p24,K314M,15.495316
Gag_p24,K314N,11.611099
Gag_p24,K314P,14.574829
Gag_p24,K314Q,11.758682
Gag_p24,K314R,11.107437
Gag_p24,K314S,15.555511
Gag_p24,K314T,11.910767
Gag_p24,K314V,15.426468
Gag_p24,K314W,15.4383545
Gag_p24,K314Y,12.582642
Gag_p24,N315A,7.389023
Gag_p24,N315C,11.655167
Gag_p24,N315D,9.712845
Gag_p24,N315E,12.39888
Gag_p24,N315F,12.983322
Gag_p24,N315G,5.763855
Gag_p24,N315H,5.8901978
Gag_p24,N315I,10.381683
Gag_p24,N315K,8.944519
Gag_p24,N315L,10.013809
Gag_p24,N315M,12.978409
Gag_p24,N315P,12.449081
Gag_p24,N315Q,7.726593
Gag_p24,N315R,8.180634
Gag_p24,N315S,5.6966248
Gag_p24,N315T,4.442978
Gag_p24,N315V,9.375534
Gag_p24,N315W,12.965485
Gag_p24,N315Y,12.573303
Gag_p24,W316A,13.934357
Gag_p24,W316C,13.215317
Gag_p24,W316D,15.520706
Gag_p24,W316E,15.546478
Gag_p24,W316F,15.569489
Gag_p24,W316G,12.466278
Gag_p24,W316H,15.560562
Gag_p24,W316I,15.53717
Gag_p24,W316K,14.804794
Gag_p24,W316L,12.279999
Gag_p24,W316M,15.582153
Gag_p24,W316N,15.46048
Gag_p24,W316P,14.491531
Gag_p24,W316Q,11.773315
Gag_p24,W316R,8.472748
Gag_p24,W316S,12.190735
Gag_p24,W316T,15.56778
Gag_p24,W316V,14.959259
Gag_p24,W316Y,15.580597
Gag_p24,M317A,13.325195
Gag_p24,M317C,15.343918
Gag_p24,M317D,13.412048
Gag_p24,M317E,15.413849
Gag_p24,M317F,15.105896
Gag_p24,M317G,14.649078
Gag_p24,M317H,15.261749
Gag_p24,M317I,8.96405
Gag_p24,M317K,10.85321
Gag_p24,M317L,11.294952
Gag_p24,M317N,15.268768
Gag_p24,M317P,13.416275
Gag_p24,M317Q,15.352219
Gag_p24,M317R,13.069412
Gag_p24,M317S,14.47168
Gag_p24,M317T,10.402206
Gag_p24,M317V,9.708115
Gag_p24,M317W,14.564102
Gag_p24,M317Y,15.284363
Gag_p24,T318A,9.173233
Gag_p24,T318C,15.775604
Gag_p24,T318D,13.770874
Gag_p24,T318E,15.329727
Gag_p24,T318F,15.223007
Gag_p24,T318G,15.885101
Gag_p24,T318H,15.877457
Gag_p24,T318I,11.379211
Gag_p24,T318K,15.004929
Gag_p24,T318L,13.933945
Gag_p24,T318M,15.916077
Gag_p24,T318N,14.693283
Gag_p24,T318P,10.999191
Gag_p24,T318Q,13.995346
Gag_p24,T318R,15.779663
Gag_p24,T318S,12.713959
Gag_p24,T318V,16.00589
Gag_p24,T318W,15.86232
Gag_p24,T318Y,13.831848
Gag_p24,E319A,8.691315
Gag_p24,E319C,13.437866
Gag_p24,E319D,4.9647675
Gag_p24,E319F,13.391937
Gag_p24,E319G,8.334
Gag_p24,E319H,11.735184
Gag_p24,E319I,12.640228
Gag_p24,E319K,7.920212
Gag_p24,E319L,13.070328
Gag_p24,E319M,13.402954
Gag_p24,E319N,9.43132
Gag_p24,E319P,13.448227
Gag_p24,E319Q,9.041702
Gag_p24,E319R,10.880234
Gag_p24,E319S,12.434677
Gag_p24,E319T,13.3971405
Gag_p24,E319V,10.322845
Gag_p24,E319W,13.399658
Gag_p24,E319Y,13.376541
Gag_p24,T320A,8.5000305
Gag_p24,T320C,14.785294
Gag_p24,T320D,14.853638
Gag_p24,T320E,13.982895
Gag_p24,T320F,14.81517
Gag_p24,T320G,14.024261
Gag_p24,T320H,12.114914
Gag_p24,T320I,11.253616
Gag_p24,T320K,14.817291
Gag_p24,T320L,13.534958
Gag_p24,T320M,14.820801
Gag_p24,T320N,12.132507
Gag_p24,T320P,11.515091
Gag_p24,T320Q,14.245026
Gag_p24,T320R,12.602234
Gag_p24,T320S,7.585388
Gag_p24,T320V,14.772659
Gag_p24,T320W,14.974716
Gag_p24,T320Y,13.13942
Gag_p24,L321A,15.581726
Gag_p24,L321C,12.842987
Gag_p24,L321D,16.11139
Gag_p24,L321E,13.9839325
Gag_p24,L321F,10.997162
Gag_p24,L321G,15.596069
Gag_p24,L321H,16.099655
Gag_p24,L321I,13.779999
Gag_p24,L321K,15.360962
Gag_p24,L321M,13.668655
Gag_p24,L321N,15.054428
Gag_p24,L321P,15.159653
Gag_p24,L321Q,15.454468
Gag_p24,L321R,16.07956
Gag_p24,L321S,9.568436
Gag_p24,L321T,16.021896
Gag_p24,L321V,12.807159
Gag_p24,L321W,15.759933
Gag_p24,L321Y,16.035309
Gag_p24,L322A,14.912964
Gag_p24,L322C,13.388046
Gag_p24,L322D,14.841904
Gag_p24,L322E,14.117432
Gag_p24,L322F,10.757324
Gag_p24,L322G,14.860519
Gag_p24,L322H,14.872742
Gag_p24,L322I,10.36174
Gag_p24,L322K,14.917374
Gag_p24,L322M,7.6689453
Gag_p24,L322N,14.989578
Gag_p24,L322P,13.960953
Gag_p24,L322Q,12.91394
Gag_p24,L322R,12.261734
Gag_p24,L322S,10.679581
Gag_p24,L322T,14.266174
Gag_p24,L322V,10.212677
Gag_p24,L322W,12.38974
Gag_p24,L322Y,14.876129
Gag_p24,V323A,8.514633
Gag_p24,V323C,12.706375
Gag_p24,V323D,13.740494
Gag_p24,V323E,13.572342
Gag_p24,V323F,10.735199
Gag_p24,V323G,11.504608
Gag_p24,V323H,13.694351
Gag_p24,V323I,4.7543488
Gag_p24,V323K,13.219864
Gag_p24,V323L,9.028656
Gag_p24,V323M,10.780304
Gag_p24,V323N,13.704208
Gag_p24,V323P,12.158707
Gag_p24,V323Q,13.10994
Gag_p24,V323R,12.847565
Gag_p24,V323S,11.26944
Gag_p24,V323T,7.625595
Gag_p24,V323W,12.990585
Gag_p24,V323Y,13.713715
Gag_p24,Q324A,14.553787
Gag_p24,Q324C,15.2352295
Gag_p24,Q324D,15.246048
Gag_p24,Q324E,15.2561035
Gag_p24,Q324F,15.3022
Gag_p24,Q324G,14.300507
Gag_p24,Q324H,9.758759
Gag_p24,Q324I,15.266708
Gag_p24,Q324K,11.136093
Gag_p24,Q324L,9.840454
Gag_p24,Q324M,15.147308
Gag_p24,Q324N,15.299652
Gag_p24,Q324P,10.139053
Gag_p24,Q324R,9.593292
Gag_p24,Q324S,12.124191
Gag_p24,Q324T,12.274017
Gag_p24,Q324V,13.836151
Gag_p24,Q324W,15.240982
Gag_p24,Q324Y,14.565826
Gag_p24,N325A,14.9767
Gag_p24,N325C,14.960831
Gag_p24,N325D,10.014389
Gag_p24,N325E,14.977127
Gag_p24,N325F,11.145782
Gag_p24,N325G,11.887421
Gag_p24,N325H,9.328827
Gag_p24,N325I,12.287231
Gag_p24,N325K,9.709335
Gag_p24,N325L,14.321594
Gag_p24,N325M,13.2877655
Gag_p24,N325P,14.930328
Gag_p24,N325Q,14.96228
Gag_p24,N325R,12.498291
Gag_p24,N325S,9.950806
Gag_p24,N325T,12.576767
Gag_p24,N325V,14.889481
Gag_p24,N325W,14.95459
Gag_p24,N325Y,14.489273
Gag_p24,A326C,9.155838
Gag_p24,A326D,12.168915
Gag_p24,A326E,10.71489
Gag_p24,A326F,12.590225
Gag_p24,A326G,9.502533
Gag_p24,A326H,12.596542
Gag_p24,A326I,11.583221
Gag_p24,A326K,11.751541
Gag_p24,A326L,10.171555
Gag_p24,A326M,10.083008
Gag_p24,A326N,12.650742
Gag_p24,A326P,9.510559
Gag_p24,A326Q,12.572952
Gag_p24,A326R,10.309296
Gag_p24,A326S,2.202362
Gag_p24,A326T,7.154114
Gag_p24,A326V,8.585327
Gag_p24,A326W,12.048752
Gag_p24,A326Y,11.404495
Gag_p24,N327A,14.153992
Gag_p24,N327C,12.70015
Gag_p24,N327D,7.676178
Gag_p24,N327E,12.165009
Gag_p24,N327F,13.070877
Gag_p24,N327G,14.758987
Gag_p24,N327H,12.558792
Gag_p24,N327I,11.465256
Gag_p24,N327K,11.077148
Gag_p24,N327L,14.139206
Gag_p24,N327M,14.736053
Gag_p24,N327P,14.088654
Gag_p24,N327Q,12.642532
Gag_p24,N327R,12.85704
Gag_p24,N327S,8.940369
Gag_p24,N327T,9.516296
Gag_p24,N327V,13.617355
Gag_p24,N327W,14.143539
Gag_p24,N327Y,13.924942
Gag_p24,P328A,12.291794
Gag_p24,P328C,15.905304
Gag_p24,P328D,13.433289
Gag_p24,P328E,15.859421
Gag_p24,P328F,15.758606
Gag_p24,P328G,15.812622
Gag_p24,P328H,13.0716095
Gag_p24,P328I,14.264893
Gag_p24,P328K,15.892487
Gag_p24,P328L,15.099136
Gag_p24,P328M,15.794037
Gag_p24,P328N,15.462769
Gag_p24,P328Q,10.856506
Gag_p24,P328R,12.727005
Gag_p24,P328S,10.949142
Gag_p24,P328T,12.788879
Gag_p24,P328V,15.774521
Gag_p24,P328W,15.95549
Gag_p24,P328Y,15.873077
Gag_p24,D329A,13.006866
Gag_p24,D329C,15.340179
Gag_p24,D329E,10.66597
Gag_p24,D329F,15.336487
Gag_p24,D329G,10.719559
Gag_p24,D329H,9.946167
Gag_p24,D329I,13.213104
Gag_p24,D329K,13.204681
Gag_p24,D329L,13.951492
Gag_p24,D329M,15.350662
Gag_p24,D329N,10.315506
Gag_p24,D329P,13.341858
Gag_p24,D329Q,11.9006195
Gag_p24,D329R,15.289215
Gag_p24,D329S,12.646973
Gag_p24,D329T,15.359528
Gag_p24,D329V,12.901978
Gag_p24,D329W,15.37439
Gag_p24,D329Y,12.185699
Gag_p24,C330A,13.295959
Gag_p24,C330D,14.241684
Gag_p24,C330E,12.975647
Gag_p24,C330F,13.533661
Gag_p24,C330G,10.123383
Gag_p24,C330H,15.134079
Gag_p24,C330I,11.754135
Gag_p24,C330K,15.273682
Gag_p24,C330L,11.96373
Gag_p24,C330M,15.137085
Gag_p24,C330N,12.965408
Gag_p24,C330P,15.235764
Gag_p24,C330Q,15.158691
Gag_p24,C330R,10.177216
Gag_p24,C330S,11.411011
Gag_p24,C330T,15.181442
Gag_p24,C330V,10.622879
Gag_p24,C330W,10.265686
Gag_p24,C330Y,10.427246
Gag_p24,K331A,12.901352
Gag_p24,K331C,13.367813
Gag_p24,K331D,13.329132
Gag_p24,K331E,8.530731
Gag_p24,K331F,13.305054
Gag_p24,K331G,12.083649
Gag_p24,K331H,13.279907
Gag_p24,K331I,12.44664
Gag_p24,K331L,13.35759
Gag_p24,K331M,13.298004
Gag_p24,K331N,10.31456
Gag_p24,K331P,13.329666
Gag_p24,K331Q,9.924164
Gag_p24,K331R,3.6476288
Gag_p24,K331S,12.90416
Gag_p24,K331T,10.302231
Gag_p24,K331V,10.776764
Gag_p24,K331W,13.393875
Gag_p24,K331Y,11.530716
Gag_p24,T332A,5.8278046
Gag_p24,T332C,12.080826
Gag_p24,T332D,12.266129
Gag_p24,T332E,11.438278
Gag_p24,T332F,11.727478
Gag_p24,T332G,8.908264
Gag_p24,T332H,7.22612
Gag_p24,T332I,6.621567
Gag_p24,T332K,13.542664
Gag_p24,T332L,9.027466
Gag_p24,T332M,10.135574
Gag_p24,T332N,5.2579193
Gag_p24,T332P,9.816879
Gag_p24,T332Q,9.629791
Gag_p24,T332R,12.528503
Gag_p24,T332S,5.782715
Gag_p24,T332V,8.604691
Gag_p24,T332W,13.208145
Gag_p24,T332Y,12.687515
Gag_p24,I333A,12.522415
Gag_p24,I333C,14.598434
Gag_p24,I333D,13.504791
Gag_p24,I333E,13.970566
Gag_p24,I333F,10.007278
Gag_p24,I333G,14.578354
Gag_p24,I333H,12.051727
Gag_p24,I333K,14.526291
Gag_p24,I333L,7.557129
Gag_p24,I333M,9.325348
Gag_p24,I333N,10.770111
Gag_p24,I333P,14.553513
Gag_p24,I333Q,14.518936
Gag_p24,I333R,12.994843
Gag_p24,I333S,11.395828
Gag_p24,I333T,10.228714
Gag_p24,I333V,8.575607
Gag_p24,I333W,14.527252
Gag_p24,I333Y,10.40744
Gag_p24,L334A,12.188934
Gag_p24,L334C,15.435776
Gag_p24,L334D,15.414963
Gag_p24,L334E,15.495239
Gag_p24,L334F,8.494858
Gag_p24,L334G,15.438568
Gag_p24,L334H,15.467819
Gag_p24,L334I,10.180954
Gag_p24,L334K,11.987961
Gag_p24,L334M,13.606323
Gag_p24,L334N,13.438461
Gag_p24,L334P,11.555695
Gag_p24,L334Q,15.058945
Gag_p24,L334R,15.484039
Gag_p24,L334S,13.625122
Gag_p24,L334T,14.0390625
Gag_p24,L334V,11.954208
Gag_p24,L334W,15.432816
Gag_p24,L334Y,15.378204
Gag_p24,K335A,11.897888
Gag_p24,K335C,13.432968
Gag_p24,K335D,13.460861
Gag_p24,K335E,9.923904
Gag_p24,K335F,13.458435
Gag_p24,K335G,10.798828
Gag_p24,K335H,13.389328
Gag_p24,K335I,12.162659
Gag_p24,K335L,12.485321
Gag_p24,K335M,13.738327
Gag_p24,K335N,11.833557
Gag_p24,K335P,13.077835
Gag_p24,K335Q,9.739502
Gag_p24,K335R,4.3782043
Gag_p24,K335S,10.534836
Gag_p24,K335T,9.118332
Gag_p24,K335V,12.006302
Gag_p24,K335W,12.770706
Gag_p24,K335Y,13.417038
Gag_p24,A336C,13.836853
Gag_p24,A336D,11.2764435
Gag_p24,A336E,12.79129
Gag_p24,A336F,13.913681
Gag_p24,A336G,6.5306396
Gag_p24,A336H,11.0854645
Gag_p24,A336I,10.442291
Gag_p24,A336K,12.12262
Gag_p24,A336L,12.462204
Gag_p24,A336M,12.523117
Gag_p24,A336N,13.852341
Gag_p24,A336P,11.227264
Gag_p24,A336Q,11.205582
Gag_p24,A336R,10.377518
Gag_p24,A336S,6.622177
Gag_p24,A336T,9.299255
Gag_p24,A336V,10.619675
Gag_p24,A336W,12.847809
Gag_p24,A336Y,13.833542
Gag_p24,L337A,12.180252
Gag_p24,L337C,12.773102
Gag_p24,L337D,12.734985
Gag_p24,L337E,11.203827
Gag_p24,L337F,9.366104
Gag_p24,L337G,14.218277
Gag_p24,L337H,14.190384
Gag_p24,L337I,9.007431
Gag_p24,L337K,11.498215
Gag_p24,L337M,6.3690796
Gag_p24,L337N,14.192474
Gag_p24,L337P,13.229477
Gag_p24,L337Q,12.3714905
Gag_p24,L337R,13.177734
Gag_p24,L337S,9.046814
Gag_p24,L337T,13.791809
Gag_p24,L337V,10.300903
Gag_p24,L337W,10.542587
Gag_p24,L337Y,13.222336
Gag_p24,G338A,10.936081
Gag_p24,G338C,14.7513275
Gag_p24,G338D,9.189728
Gag_p24,G338E,8.254105
Gag_p24,G338F,12.671921
Gag_p24,G338H,13.146988
Gag_p24,G338I,14.771515
Gag_p24,G338K,12.766449
Gag_p24,G338L,14.730148
Gag_p24,G338M,14.69809
Gag_p24,G338N,12.766571
Gag_p24,G338P,14.672379
Gag_p24,G338Q,13.209091
Gag_p24,G338R,7.7701416
Gag_p24,G338S,12.175858
Gag_p24,G338T,11.85762
Gag_p24,G338V,9.986954
Gag_p24,G338W,12.411087
Gag_p24,G338Y,14.697189
Gag_p24,P339A,7.277252
Gag_p24,P339C,14.152527
Gag_p24,P339D,13.906036
Gag_p24,P339E,11.914429
Gag_p24,P339F,14.031326
Gag_p24,P339G,9.885803
Gag_p24,P339H,9.905182
Gag_p24,P339I,9.556198
Gag_p24,P339K,10.199844
Gag_p24,P339L,10.740158
Gag_p24,P339M,10.188507
Gag_p24,P339N,13.162964
Gag_p24,P339Q,6.4353027
Gag_p24,P339R,10.171326
Gag_p24,P339S,6.183563
Gag_p24,P339T,5.7899323
Gag_p24,P339V,7.947769
Gag_p24,P339W,14.054703
Gag_p24,P339Y,14.096481
Gag_p24,G340A,-1.9760437
Gag_p24,G340C,9.625549
Gag_p24,G340D,8.980667
Gag_p24,G340E,6.7598724
Gag_p24,G340F,10.207428
Gag_p24,G340H,6.741989
Gag_p24,G340I,10.496704
Gag_p24,G340K,10.663162
Gag_p24,G340L,10.752213
Gag_p24,G340M,10.669403
Gag_p24,G340N,6.749817
Gag_p24,G340P,7.680252
Gag_p24,G340Q,3.8915558
Gag_p24,G340R,6.566284
Gag_p24,G340S,4.9082794
Gag_p24,G340T,5.9001617
Gag_p24,G340V,6.9380035
Gag_p24,G340W,8.1528015
Gag_p24,G340Y,9.98996
Gag_p24,A341C,7.8584137
Gag_p24,A341D,11.099228
Gag_p24,A341E,10.920517
Gag_p24,A341F,8.671112
Gag_p24,A341G,8.634705
Gag_p24,A341H,12.948639
Gag_p24,A341I,12.376007
Gag_p24,A341K,12.112305
Gag_p24,A341L,11.060333
Gag_p24,A341M,13.92244
Gag_p24,A341N,12.130875
Gag_p24,A341P,7.7492523
Gag_p24,A341Q,13.986908
Gag_p24,A341R,11.475632
Gag_p24,A341S,7.7645264
Gag_p24,A341T,8.232727
Gag_p24,A341V,8.164703
Gag_p24,A341W,13.937088
Gag_p24,A341Y,11.571182
Gag_p24,T342A,8.124207
Gag_p24,T342C,11.638489
Gag_p24,T342D,12.812103
Gag_p24,T342E,11.280579
Gag_p24,T342F,10.2608795
Gag_p24,T342G,12.479645
Gag_p24,T342H,12.667191
Gag_p24,T342I,10.822388
Gag_p24,T342K,10.925491
Gag_p24,T342L,11.576553
Gag_p24,T342M,13.12735
Gag_p24,T342N,6.616684
Gag_p24,T342P,7.132004
Gag_p24,T342Q,9.494415
Gag_p24,T342R,10.42836
Gag_p24,T342S,3.6769104
Gag_p24,T342V,10.941589
Gag_p24,T342W,12.979431
Gag_p24,T342Y,10.197128
Gag_p24,L343A,13.621246
Gag_p24,L343C,13.828613
Gag_p24,L343D,12.985214
Gag_p24,L343E,12.924255
Gag_p24,L343F,10.091629
Gag_p24,L343G,13.835953
Gag_p24,L343H,12.457275
Gag_p24,L343I,6.5086365
Gag_p24,L343K,11.877777
Gag_p24,L343M,11.924789
Gag_p24,L343N,12.978729
Gag_p24,L343P,10.860809
Gag_p24,L343Q,13.700302
Gag_p24,L343R,9.168808
Gag_p24,L343S,9.871948
Gag_p24,L343T,13.873306
Gag_p24,L343V,7.0872955
Gag_p24,L343W,11.840454
Gag_p24,L343Y,12.774384
Gag_p24,E344A,14.1306
Gag_p24,E344C,14.57579
Gag_p24,E344D,10.912216
Gag_p24,E344F,11.656601
Gag_p24,E344G,8.674576
Gag_p24,E344H,14.554413
Gag_p24,E344I,14.584122
Gag_p24,E344K,7.088669
Gag_p24,E344L,13.222397
Gag_p24,E344M,14.621353
Gag_p24,E344N,14.59845
Gag_p24,E344P,11.395706
Gag_p24,E344Q,9.465454
Gag_p24,E344R,9.326401
Gag_p24,E344S,12.44574
Gag_p24,E344T,12.679611
Gag_p24,E344V,12.329971
Gag_p24,E344W,13.536392
Gag_p24,E344Y,14.616165
Gag_p24,E345A,10.732315
Gag_p24,E345C,13.96843
Gag_p24,E345D,5.5858307
Gag_p24,E345F,13.912643
Gag_p24,E345G,8.477844
Gag_p24,E345H,12.784073
Gag_p24,E345I,13.505661
Gag_p24,E345K,7.049835
Gag_p24,E345L,12.392639
Gag_p24,E345M,12.439514
Gag_p24,E345N,12.7469635
Gag_p24,E345P,14.0108795
Gag_p24,E345Q,11.984039
Gag_p24,E345R,9.332382
Gag_p24,E345S,13.0012665
Gag_p24,E345T,12.006775
Gag_p24,E345V,11.22406
Gag_p24,E345W,14.0381775
Gag_p24,E345Y,14.068924
Gag_p24,M346A,12.763275
Gag_p24,M346C,14.5186615
Gag_p24,M346D,13.4058075
Gag_p24,M346E,11.084427
Gag_p24,M346F,14.765442
Gag_p24,M346G,11.669189
Gag_p24,M346H,13.90686
Gag_p24,M346I,7.779419
Gag_p24,M346K,10.080231
Gag_p24,M346L,9.3263855
Gag_p24,M346N,10.824585
Gag_p24,M346P,14.673981
Gag_p24,M346Q,14.584366
Gag_p24,M346R,12.494461
Gag_p24,M346S,12.533432
Gag_p24,M346T,9.752518
Gag_p24,M346V,8.71759
Gag_p24,M346W,13.657898
Gag_p24,M346Y,14.686432
Gag_p24,M347A,14.724686
Gag_p24,M347C,14.683777
Gag_p24,M347D,11.113129
Gag_p24,M347E,12.391388
Gag_p24,M347F,13.097366
Gag_p24,M347G,12.067627
Gag_p24,M347H,14.153717
Gag_p24,M347I,8.284988
Gag_p24,M347K,13.114731
Gag_p24,M347L,8.660507
Gag_p24,M347N,12.884506
Gag_p24,M347P,14.700302
Gag_p24,M347Q,12.121368
Gag_p24,M347R,10.954681
Gag_p24,M347S,12.283127
Gag_p24,M347T,8.54631
Gag_p24,M347V,9.6822815
Gag_p24,M347W,14.653366
Gag_p24,M347Y,13.616959
Gag_p24,T348A,5.213852
Gag_p24,T348C,13.307465
Gag_p24,T348D,10.636459
Gag_p24,T348E,11.640274
Gag_p24,T348F,13.112061
Gag_p24,T348G,11.031265
Gag_p24,T348H,13.200912
Gag_p24,T348I,7.281204
Gag_p24,T348K,12.834137
Gag_p24,T348L,10.143417
Gag_p24,T348M,11.343201
Gag_p24,T348N,12.082367
Gag_p24,T348P,8.845886
Gag_p24,T348Q,10.157623
Gag_p24,T348R,9.425339
Gag_p24,T348S,4.5718384
Gag_p24,T348V,8.048431
Gag_p24,T348W,13.13829
Gag_p24,T348Y,10.956818
Gag_p24,A349C,14.693054
Gag_p24,A349D,14.053406
Gag_p24,A349E,14.698074
Gag_p24,A349F,14.611252
Gag_p24,A349G,11.616486
Gag_p24,A349H,13.417114
Gag_p24,A349I,11.977661
Gag_p24,A349K,14.725555
Gag_p24,A349L,13.936768
Gag_p24,A349M,14.739258
Gag_p24,A349N,14.599518
Gag_p24,A349P,10.076004
Gag_p24,A349Q,11.95224
Gag_p24,A349R,12.840652
Gag_p24,A349S,7.469879
Gag_p24,A349T,11.162842
Gag_p24,A349V,9.00206
Gag_p24,A349W,13.032043
Gag_p24,A349Y,12.219406
Gag_p24,C350A,12.051361
Gag_p24,C350D,14.506592
Gag_p24,C350E,14.959427
Gag_p24,C350F,10.737808
Gag_p24,C350G,12.7356415
Gag_p24,C350H,14.127136
Gag_p24,C350I,14.9014435
Gag_p24,C350K,14.947479
Gag_p24,C350L,10.407349
Gag_p24,C350M,10.64505
Gag_p24,C350N,14.823013
Gag_p24,C350P,14.809341
Gag_p24,C350Q,11.9548645
Gag_p24,C350R,9.246094
Gag_p24,C350S,9.542786
Gag_p24,C350T,12.289581
Gag_p24,C350V,12.456467
Gag_p24,C350W,10.898514
Gag_p24,C350Y,11.341003
Gag_p24,Q351A,13.707825
Gag_p24,Q351C,14.810577
Gag_p24,Q351D,14.696457
Gag_p24,Q351E,10.479584
Gag_p24,Q351F,13.173798
Gag_p24,Q351G,14.705521
Gag_p24,Q351H,8.941605
Gag_p24,Q351I,14.942917
Gag_p24,Q351K,14.595703
Gag_p24,Q351L,10.446136
Gag_p24,Q351M,14.930954
Gag_p24,Q351N,12.982666
Gag_p24,Q351P,9.922287
Gag_p24,Q351R,8.307663
Gag_p24,Q351S,9.654739
Gag_p24,Q351T,13.914154
Gag_p24,Q351V,14.931747
Gag_p24,Q351W,15.010315
Gag_p24,Q351Y,14.854706
Gag_p24,G352A,9.989792
Gag_p24,G352C,15.028671
Gag_p24,G352D,12.423965
Gag_p24,G352E,7.7386627
Gag_p24,G352F,15.094345
Gag_p24,G352H,13.858627
Gag_p24,G352I,14.68454
Gag_p24,G352K,12.135757
Gag_p24,G352L,15.075012
Gag_p24,G352M,15.070206
Gag_p24,G352N,13.152039
Gag_p24,G352P,14.957611
Gag_p24,G352Q,15.006775
Gag_p24,G352R,8.649384
Gag_p24,G352S,13.356415
Gag_p24,G352T,12.025558
Gag_p24,G352V,13.582062
Gag_p24,G352W,15.033707
Gag_p24,G352Y,14.939316
Gag_p24,V353A,8.766556
Gag_p24,V353C,14.616806
Gag_p24,V353D,14.602768
Gag_p24,V353E,10.348907
Gag_p24,V353F,14.595505
Gag_p24,V353G,9.783859
Gag_p24,V353H,14.595703
Gag_p24,V353I,9.986923
Gag_p24,V353K,12.823303
Gag_p24,V353L,11.356674
Gag_p24,V353M,9.634964
Gag_p24,V353N,12.623154
Gag_p24,V353P,13.221649
Gag_p24,V353Q,14.591797
Gag_p24,V353R,11.891281
Gag_p24,V353S,9.291458
Gag_p24,V353T,11.901733
Gag_p24,V353W,10.746216
Gag_p24,V353Y,14.6015625
Gag_p24,G354A,11.461456
Gag_p24,G354C,15.067032
Gag_p24,G354D,14.219177
Gag_p24,G354E,8.515121
Gag_p24,G354F,14.966217
Gag_p24,G354H,14.9964905
Gag_p24,G354I,14.746033
Gag_p24,G354K,12.179016
Gag_p24,G354L,11.244263
Gag_p24,G354M,15.0841675
Gag_p24,G354N,13.911179
Gag_p24,G354P,15.023361
Gag_p24,G354Q,14.974945
Gag_p24,G354R,8.467316
Gag_p24,G354S,12.470337
Gag_p24,G354T,14.075302
Gag_p24,G354V,15.16304
Gag_p24,G354W,14.982193
Gag_p24,G354Y,14.981705
Gag_p24,G355A,11.353577
Gag_p24,G355C,14.877716
Gag_p24,G355D,8.903351
Gag_p24,G355E,8.134811
Gag_p24,G355F,11.300934
Gag_p24,G355H,14.340271
Gag_p24,G355I,14.293472
Gag_p24,G355K,14.664688
Gag_p24,G355L,14.516617
Gag_p24,G355M,14.859863
Gag_p24,G355N,12.424118
Gag_p24,G355P,14.020645
Gag_p24,G355Q,13.487808
Gag_p24,G355R,8.66304
Gag_p24,G355S,14.983673
Gag_p24,G355T,12.998505
Gag_p24,G355V,12.016144
Gag_p24,G355W,14.928009
Gag_p24,G355Y,14.954529
Gag_p24,P356A,9.164215
Gag_p24,P356C,15.089066
Gag_p24,P356D,14.822983
Gag_p24,P356E,14.791153
Gag_p24,P356F,15.0421295
Gag_p24,P356G,10.7260895
Gag_p24,P356H,14.721039
Gag_p24,P356I,14.368912
Gag_p24,P356K,15.114441
Gag_p24,P356L,8.917282
Gag_p24,P356M,15.117477
Gag_p24,P356N,13.1974945
Gag_p24,P356Q,13.517838
Gag_p24,P356R,12.579056
Gag_p24,P356S,11.15332
Gag_p24,P356T,9.922104
Gag_p24,P356V,15.104614
Gag_p24,P356W,15.085632
Gag_p24,P356Y,13.687866
Gag_p24,G357A,4.0838165
Gag_p24,G357C,9.7061
Gag_p24,G357D,8.740784
Gag_p24,G357E,10.533722
Gag_p24,G357F,12.038635
Gag_p24,G357H,10.574066
Gag_p24,G357I,8.980484
Gag_p24,G357K,12.118103
Gag_p24,G357L,10.742798
Gag_p24,G357M,12.122711
Gag_p24,G357N,8.858429
Gag_p24,G357P,10.469452
Gag_p24,G357Q,8.828644
Gag_p24,G357R,8.694305
Gag_p24,G357S,1.1482391
Gag_p24,G357T,6.784485
Gag_p24,G357V,8.611328
Gag_p24,G357W,10.698532
Gag_p24,G357Y,10.23024
Gag_p24,H358A,11.403976
Gag_p24,H358C,14.409225
Gag_p24,H358D,12.160675
Gag_p24,H358E,12.363815
Gag_p24,H358F,13.661133
Gag_p24,H358G,14.243134
Gag_p24,H358I,8.538818
Gag_p24,H358K,12.636612
Gag_p24,H358L,9.515259
Gag_p24,H358M,14.308701
Gag_p24,H358N,10.291046
Gag_p24,H358P,8.906357
Gag_p24,H358Q,9.5849
Gag_p24,H358R,9.18161
Gag_p24,H358S,14.42099
Gag_p24,H358T,9.935852
Gag_p24,H358V,14.421295
Gag_p24,H358W,12.017883
Gag_p24,H358Y,10.258713
Gag_p24,K359A,14.555756
Gag_p24,K359C,14.738831
Gag_p24,K359D,12.534866
Gag_p24,K359E,10.293472
Gag_p24,K359F,15.367691
Gag_p24,K359G,15.438629
Gag_p24,K359H,14.757462
Gag_p24,K359I,12.1319275
Gag_p24,K359L,15.408936
Gag_p24,K359M,15.358795
Gag_p24,K359N,10.800369
Gag_p24,K359P,11.747833
Gag_p24,K359Q,10.863953
Gag_p24,K359R,11.019257
Gag_p24,K359S,12.948273
Gag_p24,K359T,12.671967
Gag_p24,K359V,12.918182
Gag_p24,K359W,12.711014
Gag_p24,K359Y,15.449448
Gag_p24,A360C,14.889603
Gag_p24,A360D,13.487717
Gag_p24,A360E,11.032288
Gag_p24,A360F,13.690079
Gag_p24,A360G,14.736237
Gag_p24,A360H,14.69928
Gag_p24,A360I,11.84259
Gag_p24,A360K,14.7883
Gag_p24,A360L,11.978683
Gag_p24,A360M,14.709198
Gag_p24,A360N,14.693192
Gag_p24,A360P,11.146332
Gag_p24,A360Q,7.988617
Gag_p24,A360R,13.712936
Gag_p24,A360S,10.541885
Gag_p24,A360T,8.994598
Gag_p24,A360V,10.292404
Gag_p24,A360W,14.100403
Gag_p24,A360Y,12.463104
Gag_p24,R361A,13.654465
Gag_p24,R361C,12.8094635
Gag_p24,R361D,9.21109
Gag_p24,R361E,7.8744507
Gag_p24,R361F,13.717361
Gag_p24,R361G,7.8485565
Gag_p24,R361H,13.674576
Gag_p24,R361I,9.258942
Gag_p24,R361K,4.9890747
Gag_p24,R361L,11.744125
Gag_p24,R361M,13.617035
Gag_p24,R361N,10.530899
Gag_p24,R361P,12.930374
Gag_p24,R361Q,12.268906
Gag_p24,R361S,10.871948
Gag_p24,R361T,12.508469
Gag_p24,R361V,12.139832
Gag_p24,R361W,11.555023
Gag_p24,R361Y,13.591904
Gag_p24,V362A,8.258484
Gag_p24,V362C,12.739059
Gag_p24,V362D,11.758179
Gag_p24,V362E,10.824402
Gag_p24,V362F,8.838577
Gag_p24,V362G,11.959091
Gag_p24,V362H,12.878479
Gag_p24,V362I,2.5089874
Gag_p24,V362K,12.734024
Gag_p24,V362L,8.202408
Gag_p24,V362M,9.884857
Gag_p24,V362N,12.679352
Gag_p24,V362P,11.12439
Gag_p24,V362Q,12.431168
Gag_p24,V362R,11.668289
Gag_p24,V362S,9.759399
Gag_p24,V362T,12.651794
Gag_p24,V362W,12.721191
Gag_p24,V362Y,12.738266
Gag_p24,L363A,10.597977
Gag_p24,L363C,14.774826
Gag_p24,L363D,14.907928
Gag_p24,L363E,12.97168
Gag_p24,L363F,9.104187
Gag_p24,L363G,12.524765
Gag_p24,L363H,14.908203
Gag_p24,L363I,13.466568
Gag_p24,L363K,13.200897
Gag_p24,L363M,9.618057
Gag_p24,L363N,13.197006
Gag_p24,L363P,13.727936
Gag_p24,L363Q,15.028061
Gag_p24,L363R,14.978577
Gag_p24,L363S,12.561066
Gag_p24,L363T,15.015045
Gag_p24,L363V,13.973267
Gag_p24,L363W,9.868927
Gag_p24,L363Y,14.316742
