protein_name,mutations,evol_indices
gag_polyprotein,wt,-0.0
gag_polyprotein,M1A,10.805603
gag_polyprotein,M1C,10.773529
gag_polyprotein,M1D,12.010254
gag_polyprotein,M1E,10.831726
gag_polyprotein,M1F,12.03244
gag_polyprotein,M1G,12.051514
gag_polyprotein,M1H,10.737671
gag_polyprotein,M1I,9.271332
gag_polyprotein,M1K,10.225403
gag_polyprotein,M1L,10.74823
gag_polyprotein,M1N,12.005005
gag_polyprotein,M1P,12.0017395
gag_polyprotein,M1Q,10.780579
gag_polyprotein,M1R,9.066315
gag_polyprotein,M1S,12.013153
gag_polyprotein,M1T,9.220245
gag_polyprotein,M1V,9.842072
gag_polyprotein,M1W,12.00827
gag_polyprotein,M1Y,11.013611
gag_polyprotein,G2A,9.787231
gag_polyprotein,G2C,10.88208
gag_polyprotein,G2D,10.10965
gag_polyprotein,G2E,10.136932
gag_polyprotein,G2F,12.026398
gag_polyprotein,G2H,12.065063
gag_polyprotein,G2I,12.131531
gag_polyprotein,G2K,10.732391
gag_polyprotein,G2L,10.726776
gag_polyprotein,G2M,12.055878
gag_polyprotein,G2N,10.824829
gag_polyprotein,G2P,12.091492
gag_polyprotein,G2Q,12.032684
gag_polyprotein,G2R,10.442505
gag_polyprotein,G2S,9.589478
gag_polyprotein,G2T,10.633881
gag_polyprotein,G2V,10.178497
gag_polyprotein,G2W,11.034088
gag_polyprotein,G2Y,12.069397
gag_polyprotein,A3C,11.792267
gag_polyprotein,A3D,11.798492
gag_polyprotein,A3E,10.621246
gag_polyprotein,A3F,11.722656
gag_polyprotein,A3G,8.282257
gag_polyprotein,A3H,11.794403
gag_polyprotein,A3I,11.7258
gag_polyprotein,A3K,9.341492
gag_polyprotein,A3L,10.02005
gag_polyprotein,A3M,11.712433
gag_polyprotein,A3N,11.659027
gag_polyprotein,A3P,11.852203
gag_polyprotein,A3Q,10.597137
gag_polyprotein,A3R,8.746918
gag_polyprotein,A3S,9.123077
gag_polyprotein,A3T,8.908752
gag_polyprotein,A3V,9.193726
gag_polyprotein,A3W,9.877502
gag_polyprotein,A3Y,11.720093
gag_polyprotein,R4A,11.94812
gag_polyprotein,R4C,11.044739
gag_polyprotein,R4D,11.934021
gag_polyprotein,R4E,10.260345
gag_polyprotein,R4F,11.943573
gag_polyprotein,R4G,8.242767
gag_polyprotein,R4H,11.921967
gag_polyprotein,R4I,11.270874
gag_polyprotein,R4K,7.544525
gag_polyprotein,R4L,10.538452
gag_polyprotein,R4M,11.903229
gag_polyprotein,R4N,11.824585
gag_polyprotein,R4P,11.782745
gag_polyprotein,R4Q,11.905365
gag_polyprotein,R4S,7.720703
gag_polyprotein,R4T,11.875214
gag_polyprotein,R4V,11.953918
gag_polyprotein,R4W,11.044128
gag_polyprotein,R4Y,11.833527
gag_polyprotein,A5C,11.986481
gag_polyprotein,A5D,11.998322
gag_polyprotein,A5E,10.495056
gag_polyprotein,A5F,12.1701355
gag_polyprotein,A5G,9.038635
gag_polyprotein,A5H,12.109467
gag_polyprotein,A5I,12.021484
gag_polyprotein,A5K,10.768463
gag_polyprotein,A5L,11.010284
gag_polyprotein,A5M,12.190399
gag_polyprotein,A5N,12.099976
gag_polyprotein,A5P,10.703705
gag_polyprotein,A5Q,12.058044
gag_polyprotein,A5R,8.230591
gag_polyprotein,A5S,9.172272
gag_polyprotein,A5T,8.904816
gag_polyprotein,A5V,8.342316
gag_polyprotein,A5W,12.068237
gag_polyprotein,A5Y,12.033203
gag_polyprotein,S6A,9.170349
gag_polyprotein,S6C,12.017822
gag_polyprotein,S6D,11.989227
gag_polyprotein,S6E,10.329163
gag_polyprotein,S6F,12.147186
gag_polyprotein,S6G,10.705505
gag_polyprotein,S6H,12.075897
gag_polyprotein,S6I,12.029633
gag_polyprotein,S6K,10.737457
gag_polyprotein,S6L,9.55191
gag_polyprotein,S6M,12.011353
gag_polyprotein,S6N,12.140778
gag_polyprotein,S6P,8.690796
gag_polyprotein,S6Q,12.082733
gag_polyprotein,S6R,10.916473
gag_polyprotein,S6T,9.798798
gag_polyprotein,S6V,10.467194
gag_polyprotein,S6W,12.122253
gag_polyprotein,S6Y,11.063293
gag_polyprotein,V7A,7.908844
gag_polyprotein,V7C,10.978546
gag_polyprotein,V7D,10.802795
gag_polyprotein,V7E,9.457336
gag_polyprotein,V7F,10.798126
gag_polyprotein,V7G,9.535004
gag_polyprotein,V7H,10.892181
gag_polyprotein,V7I,2.5915833
gag_polyprotein,V7K,10.02121
gag_polyprotein,V7L,8.147156
gag_polyprotein,V7M,9.437592
gag_polyprotein,V7N,10.205475
gag_polyprotein,V7P,10.827179
gag_polyprotein,V7Q,10.037781
gag_polyprotein,V7R,8.764404
gag_polyprotein,V7S,9.239777
gag_polyprotein,V7T,8.985107
gag_polyprotein,V7W,10.762207
gag_polyprotein,V7Y,10.902344
gag_polyprotein,L8A,9.16571
gag_polyprotein,L8C,11.230774
gag_polyprotein,L8D,10.274811
gag_polyprotein,L8E,11.211426
gag_polyprotein,L8F,7.893341
gag_polyprotein,L8G,9.64093
gag_polyprotein,L8H,10.513306
gag_polyprotein,L8I,4.6954956
gag_polyprotein,L8K,9.64389
gag_polyprotein,L8M,11.184998
gag_polyprotein,L8N,11.347229
gag_polyprotein,L8P,11.341217
gag_polyprotein,L8Q,10.330078
gag_polyprotein,L8R,11.206177
gag_polyprotein,L8S,8.662872
gag_polyprotein,L8T,11.293121
gag_polyprotein,L8V,8.590454
gag_polyprotein,L8W,11.237183
gag_polyprotein,L8Y,10.4844055
gag_polyprotein,S9A,9.900543
gag_polyprotein,S9C,10.857574
gag_polyprotein,S9D,11.237793
gag_polyprotein,S9E,10.217285
gag_polyprotein,S9F,12.130096
gag_polyprotein,S9G,9.741333
gag_polyprotein,S9H,12.113403
gag_polyprotein,S9I,11.053253
gag_polyprotein,S9K,8.438049
gag_polyprotein,S9L,10.510101
gag_polyprotein,S9M,12.243347
gag_polyprotein,S9N,10.171448
gag_polyprotein,S9P,12.146851
gag_polyprotein,S9Q,10.825531
gag_polyprotein,S9R,6.152954
gag_polyprotein,S9T,7.068756
gag_polyprotein,S9V,10.626801
gag_polyprotein,S9W,12.115143
gag_polyprotein,S9Y,11.213379
gag_polyprotein,G10A,4.2250366
gag_polyprotein,G10C,11.033203
gag_polyprotein,G10D,10.901428
gag_polyprotein,G10E,8.533905
gag_polyprotein,G10F,10.8263855
gag_polyprotein,G10H,11.002777
gag_polyprotein,G10I,11.076782
gag_polyprotein,G10K,9.480011
gag_polyprotein,G10L,11.011444
gag_polyprotein,G10M,10.962341
gag_polyprotein,G10N,11.04538
gag_polyprotein,G10P,11.311432
gag_polyprotein,G10Q,10.11618
gag_polyprotein,G10R,6.7911987
gag_polyprotein,G10S,7.3450317
gag_polyprotein,G10T,10.456085
gag_polyprotein,G10V,9.944397
gag_polyprotein,G10W,8.490753
gag_polyprotein,G10Y,11.057709
gag_polyprotein,G11A,9.642151
gag_polyprotein,G11C,11.850433
gag_polyprotein,G11D,8.650848
gag_polyprotein,G11E,6.308655
gag_polyprotein,G11F,10.799866
gag_polyprotein,G11H,11.80722
gag_polyprotein,G11I,11.813629
gag_polyprotein,G11K,8.453461
gag_polyprotein,G11L,10.046143
gag_polyprotein,G11M,11.79187
gag_polyprotein,G11N,11.073059
gag_polyprotein,G11P,11.741211
gag_polyprotein,G11Q,11.817871
gag_polyprotein,G11R,8.699402
gag_polyprotein,G11S,7.4044495
gag_polyprotein,G11T,9.662659
gag_polyprotein,G11V,10.002289
gag_polyprotein,G11W,11.764221
gag_polyprotein,G11Y,11.783234
gag_polyprotein,E12A,5.599518
gag_polyprotein,E12C,9.558105
gag_polyprotein,E12D,3.9437256
gag_polyprotein,E12F,9.5859375
gag_polyprotein,E12G,5.601593
gag_polyprotein,E12H,8.92041
gag_polyprotein,E12I,9.172394
gag_polyprotein,E12K,1.6921692
gag_polyprotein,E12L,9.60614
gag_polyprotein,E12M,9.709045
gag_polyprotein,E12N,5.526581
gag_polyprotein,E12P,8.618622
gag_polyprotein,E12Q,2.749878
gag_polyprotein,E12R,6.221649
gag_polyprotein,E12S,6.017456
gag_polyprotein,E12T,8.181152
gag_polyprotein,E12V,9.485138
gag_polyprotein,E12W,9.643707
gag_polyprotein,E12Y,9.643677
gag_polyprotein,L13A,12.444
gag_polyprotein,L13C,11.472473
gag_polyprotein,L13D,12.416931
gag_polyprotein,L13E,12.376648
gag_polyprotein,L13F,8.85498
gag_polyprotein,L13G,12.39328
gag_polyprotein,L13H,12.327637
gag_polyprotein,L13I,10.813629
gag_polyprotein,L13K,9.567749
gag_polyprotein,L13M,12.470856
gag_polyprotein,L13N,12.436859
gag_polyprotein,L13P,12.462524
gag_polyprotein,L13Q,12.46994
gag_polyprotein,L13R,10.252777
gag_polyprotein,L13S,9.131622
gag_polyprotein,L13T,11.069183
gag_polyprotein,L13V,12.348297
gag_polyprotein,L13W,12.4470215
gag_polyprotein,L13Y,12.386902
gag_polyprotein,D14A,10.755035
gag_polyprotein,D14C,11.968231
gag_polyprotein,D14E,6.8155518
gag_polyprotein,D14F,11.921265
gag_polyprotein,D14G,9.152466
gag_polyprotein,D14H,10.172302
gag_polyprotein,D14I,11.933777
gag_polyprotein,D14K,9.156067
gag_polyprotein,D14L,11.93869
gag_polyprotein,D14M,11.791626
gag_polyprotein,D14N,7.7180786
gag_polyprotein,D14P,11.958252
gag_polyprotein,D14Q,11.916016
gag_polyprotein,D14R,10.933685
gag_polyprotein,D14S,11.881653
gag_polyprotein,D14T,10.386353
gag_polyprotein,D14V,10.251038
gag_polyprotein,D14W,11.860291
gag_polyprotein,D14Y,8.386841
gag_polyprotein,K15A,3.436676
gag_polyprotein,K15C,9.020599
gag_polyprotein,K15D,6.0286255
gag_polyprotein,K15E,5.3795166
gag_polyprotein,K15F,8.384613
gag_polyprotein,K15G,7.974579
gag_polyprotein,K15H,5.148468
gag_polyprotein,K15I,7.5798035
gag_polyprotein,K15L,7.78714
gag_polyprotein,K15M,6.4195557
gag_polyprotein,K15N,6.0908813
gag_polyprotein,K15P,7.1526184
gag_polyprotein,K15Q,3.0854492
gag_polyprotein,K15R,-1.2842712
gag_polyprotein,K15S,3.9728699
gag_polyprotein,K15T,3.9171753
gag_polyprotein,K15V,6.8863525
gag_polyprotein,K15W,9.110046
gag_polyprotein,K15Y,9.020325
gag_polyprotein,W16A,11.781189
gag_polyprotein,W16C,11.839752
gag_polyprotein,W16D,11.782715
gag_polyprotein,W16E,10.829346
gag_polyprotein,W16F,8.143066
gag_polyprotein,W16G,9.518494
gag_polyprotein,W16H,11.726166
gag_polyprotein,W16I,11.848206
gag_polyprotein,W16K,9.453796
gag_polyprotein,W16L,6.463196
gag_polyprotein,W16M,10.923737
gag_polyprotein,W16N,11.811035
gag_polyprotein,W16P,10.711578
gag_polyprotein,W16Q,11.812347
gag_polyprotein,W16R,9.095123
gag_polyprotein,W16S,11.019348
gag_polyprotein,W16T,11.826599
gag_polyprotein,W16V,11.711151
gag_polyprotein,W16Y,11.920044
gag_polyprotein,E17A,11.880066
gag_polyprotein,E17C,11.907318
gag_polyprotein,E17D,9.50116
gag_polyprotein,E17F,12.065186
gag_polyprotein,E17G,7.922638
gag_polyprotein,E17H,11.892914
gag_polyprotein,E17I,11.922028
gag_polyprotein,E17K,6.499878
gag_polyprotein,E17L,10.079987
gag_polyprotein,E17M,11.954163
gag_polyprotein,E17N,12.059387
gag_polyprotein,E17P,11.996155
gag_polyprotein,E17Q,11.00415
gag_polyprotein,E17R,11.835754
gag_polyprotein,E17S,10.835236
gag_polyprotein,E17T,11.937134
gag_polyprotein,E17V,9.758575
gag_polyprotein,E17W,11.902191
gag_polyprotein,E17Y,11.986237
gag_polyprotein,K18A,10.012604
gag_polyprotein,K18C,11.072601
gag_polyprotein,K18D,11.080566
gag_polyprotein,K18E,8.678986
gag_polyprotein,K18F,11.109222
gag_polyprotein,K18G,6.926758
gag_polyprotein,K18H,10.342499
gag_polyprotein,K18I,11.020782
gag_polyprotein,K18L,10.399475
gag_polyprotein,K18M,11.144806
gag_polyprotein,K18N,7.2914734
gag_polyprotein,K18P,11.044037
gag_polyprotein,K18Q,8.984802
gag_polyprotein,K18R,3.375
gag_polyprotein,K18S,9.040863
gag_polyprotein,K18T,8.289978
gag_polyprotein,K18V,11.09436
gag_polyprotein,K18W,11.145447
gag_polyprotein,K18Y,11.076813
gag_polyprotein,I19A,8.899506
gag_polyprotein,I19C,10.434387
gag_polyprotein,I19D,12.111877
gag_polyprotein,I19E,12.022644
gag_polyprotein,I19F,9.542206
gag_polyprotein,I19G,12.036102
gag_polyprotein,I19H,12.048523
gag_polyprotein,I19K,11.898254
gag_polyprotein,I19L,10.006409
gag_polyprotein,I19M,11.169434
gag_polyprotein,I19N,9.040527
gag_polyprotein,I19P,12.037567
gag_polyprotein,I19Q,11.970764
gag_polyprotein,I19R,10.940094
gag_polyprotein,I19S,11.100342
gag_polyprotein,I19T,9.206543
gag_polyprotein,I19V,7.6126404
gag_polyprotein,I19W,11.201324
gag_polyprotein,I19Y,11.9878845
gag_polyprotein,R20A,11.977203
gag_polyprotein,R20C,11.871277
gag_polyprotein,R20D,11.8576355
gag_polyprotein,R20E,10.195404
gag_polyprotein,R20F,11.8785095
gag_polyprotein,R20G,8.763031
gag_polyprotein,R20H,9.023163
gag_polyprotein,R20I,11.833252
gag_polyprotein,R20K,7.7056274
gag_polyprotein,R20L,11.213501
gag_polyprotein,R20M,11.925751
gag_polyprotein,R20N,9.414856
gag_polyprotein,R20P,11.900269
gag_polyprotein,R20Q,5.9858704
gag_polyprotein,R20S,8.243378
gag_polyprotein,R20T,11.340668
gag_polyprotein,R20V,11.835663
gag_polyprotein,R20W,9.7673645
gag_polyprotein,R20Y,8.200226
gag_polyprotein,L21A,12.56015
gag_polyprotein,L21C,12.445251
gag_polyprotein,L21D,12.47052
gag_polyprotein,L21E,9.96347
gag_polyprotein,L21F,10.591431
gag_polyprotein,L21G,12.517609
gag_polyprotein,L21H,12.494293
gag_polyprotein,L21I,10.071808
gag_polyprotein,L21K,11.302338
gag_polyprotein,L21M,12.416199
gag_polyprotein,L21N,12.538666
gag_polyprotein,L21P,12.394775
gag_polyprotein,L21Q,12.557251
gag_polyprotein,L21R,10.436066
gag_polyprotein,L21S,11.171936
gag_polyprotein,L21T,12.453461
gag_polyprotein,L21V,8.829742
gag_polyprotein,L21W,12.480103
gag_polyprotein,L21Y,12.508362
gag_polyprotein,R22A,12.406311
gag_polyprotein,R22C,11.459259
gag_polyprotein,R22D,12.312744
gag_polyprotein,R22E,11.311829
gag_polyprotein,R22F,12.520355
gag_polyprotein,R22G,8.598907
gag_polyprotein,R22H,12.417267
gag_polyprotein,R22I,12.457336
gag_polyprotein,R22K,8.156189
gag_polyprotein,R22L,11.109894
gag_polyprotein,R22M,12.448334
gag_polyprotein,R22N,12.332092
gag_polyprotein,R22P,11.729553
gag_polyprotein,R22Q,12.189178
gag_polyprotein,R22S,9.366272
gag_polyprotein,R22T,11.389648
gag_polyprotein,R22V,12.409668
gag_polyprotein,R22W,12.398102
gag_polyprotein,R22Y,12.475952
gag_polyprotein,P23A,8.144348
gag_polyprotein,P23C,12.09613
gag_polyprotein,P23D,12.153503
gag_polyprotein,P23E,10.721497
gag_polyprotein,P23F,12.210327
gag_polyprotein,P23G,12.173187
gag_polyprotein,P23H,12.282928
gag_polyprotein,P23I,12.157654
gag_polyprotein,P23K,12.13385
gag_polyprotein,P23L,10.5686035
gag_polyprotein,P23M,12.177704
gag_polyprotein,P23N,12.109009
gag_polyprotein,P23Q,7.8741455
gag_polyprotein,P23R,10.227234
gag_polyprotein,P23S,9.592804
gag_polyprotein,P23T,10.579681
gag_polyprotein,P23V,12.195251
gag_polyprotein,P23W,12.188812
gag_polyprotein,P23Y,12.273315
gag_polyprotein,G24A,9.797974
gag_polyprotein,G24C,11.550873
gag_polyprotein,G24D,10.9184265
gag_polyprotein,G24E,6.82251
gag_polyprotein,G24F,11.617126
gag_polyprotein,G24H,11.58432
gag_polyprotein,G24I,11.625916
gag_polyprotein,G24K,11.668182
gag_polyprotein,G24L,11.58255
gag_polyprotein,G24M,6.968689
gag_polyprotein,G24N,11.571991
gag_polyprotein,G24P,10.648102
gag_polyprotein,G24Q,10.444641
gag_polyprotein,G24R,10.092133
gag_polyprotein,G24S,10.672089
gag_polyprotein,G24T,11.655243
gag_polyprotein,G24V,9.013275
gag_polyprotein,G24W,11.640198
gag_polyprotein,G24Y,11.5373535
gag_polyprotein,G25A,11.154877
gag_polyprotein,G25C,11.60083
gag_polyprotein,G25D,10.295715
gag_polyprotein,G25E,8.213074
gag_polyprotein,G25F,11.745453
gag_polyprotein,G25H,10.532166
gag_polyprotein,G25I,9.734711
gag_polyprotein,G25K,11.692932
gag_polyprotein,G25L,10.556427
gag_polyprotein,G25M,11.668274
gag_polyprotein,G25N,10.370026
gag_polyprotein,G25P,11.695251
gag_polyprotein,G25Q,11.653046
gag_polyprotein,G25R,9.049683
gag_polyprotein,G25S,6.7293396
gag_polyprotein,G25T,10.824127
gag_polyprotein,G25V,9.0616455
gag_polyprotein,G25W,11.662598
gag_polyprotein,G25Y,11.652496
gag_polyprotein,K26A,9.521027
gag_polyprotein,K26C,10.578461
gag_polyprotein,K26D,10.273346
gag_polyprotein,K26E,8.663055
gag_polyprotein,K26F,10.629517
gag_polyprotein,K26G,7.87088
gag_polyprotein,K26H,7.332428
gag_polyprotein,K26I,10.605255
gag_polyprotein,K26L,9.521545
gag_polyprotein,K26M,10.629028
gag_polyprotein,K26N,4.4066467
gag_polyprotein,K26P,10.587738
gag_polyprotein,K26Q,9.476837
gag_polyprotein,K26R,3.0307312
gag_polyprotein,K26S,4.137665
gag_polyprotein,K26T,8.43219
gag_polyprotein,K26V,9.854828
gag_polyprotein,K26W,10.644684
gag_polyprotein,K26Y,9.975952
gag_polyprotein,K27A,10.211578
gag_polyprotein,K27C,11.999451
gag_polyprotein,K27D,10.133087
gag_polyprotein,K27E,9.24173
gag_polyprotein,K27F,12.000397
gag_polyprotein,K27G,11.778595
gag_polyprotein,K27H,12.067108
gag_polyprotein,K27I,12.067993
gag_polyprotein,K27L,11.983673
gag_polyprotein,K27M,12.020294
gag_polyprotein,K27N,9.749664
gag_polyprotein,K27P,11.047272
gag_polyprotein,K27Q,9.430176
gag_polyprotein,K27R,8.17514
gag_polyprotein,K27S,9.78064
gag_polyprotein,K27T,9.297333
gag_polyprotein,K27V,11.990753
gag_polyprotein,K27W,11.972351
gag_polyprotein,K27Y,12.062714
gag_polyprotein,Q28A,4.9257507
gag_polyprotein,Q28C,4.0044556
gag_polyprotein,Q28D,7.875946
gag_polyprotein,Q28E,6.135376
gag_polyprotein,Q28F,7.244049
gag_polyprotein,Q28G,5.4668884
gag_polyprotein,Q28H,3.792511
gag_polyprotein,Q28I,7.6630554
gag_polyprotein,Q28K,-2.2608948
gag_polyprotein,Q28L,6.147583
gag_polyprotein,Q28M,5.197693
gag_polyprotein,Q28N,5.345276
gag_polyprotein,Q28P,6.0839844
gag_polyprotein,Q28R,0.10699463
gag_polyprotein,Q28S,4.110901
gag_polyprotein,Q28T,2.2489014
gag_polyprotein,Q28V,8.01004
gag_polyprotein,Q28W,8.041595
gag_polyprotein,Q28Y,6.4944153
gag_polyprotein,Y29A,12.009308
gag_polyprotein,Y29C,9.867004
gag_polyprotein,Y29D,11.985535
gag_polyprotein,Y29E,9.700928
gag_polyprotein,Y29F,9.616852
gag_polyprotein,Y29G,11.9774475
gag_polyprotein,Y29H,9.924408
gag_polyprotein,Y29I,11.992401
gag_polyprotein,Y29K,10.764496
gag_polyprotein,Y29L,10.781555
gag_polyprotein,Y29M,12.104126
gag_polyprotein,Y29N,10.824402
gag_polyprotein,Y29P,11.942596
gag_polyprotein,Y29Q,10.231873
gag_polyprotein,Y29R,10.593842
gag_polyprotein,Y29S,10.645142
gag_polyprotein,Y29T,9.967072
gag_polyprotein,Y29V,11.055115
gag_polyprotein,Y29W,11.973877
gag_polyprotein,K30A,9.632599
gag_polyprotein,K30C,8.54129
gag_polyprotein,K30D,8.41394
gag_polyprotein,K30E,7.733124
gag_polyprotein,K30F,9.651642
gag_polyprotein,K30G,7.3469543
gag_polyprotein,K30H,5.7205505
gag_polyprotein,K30I,8.274872
gag_polyprotein,K30L,7.4984436
gag_polyprotein,K30M,6.147766
gag_polyprotein,K30N,8.150543
gag_polyprotein,K30P,9.575836
gag_polyprotein,K30Q,1.932373
gag_polyprotein,K30R,0.4560547
gag_polyprotein,K30S,6.4710693
gag_polyprotein,K30T,7.848358
gag_polyprotein,K30V,8.582367
gag_polyprotein,K30W,8.970581
gag_polyprotein,K30Y,9.628693
gag_polyprotein,L31A,12.396027
gag_polyprotein,L31C,12.346252
gag_polyprotein,L31D,12.381714
gag_polyprotein,L31E,11.771423
gag_polyprotein,L31F,10.184479
gag_polyprotein,L31G,12.417236
gag_polyprotein,L31H,12.40094
gag_polyprotein,L31I,7.770691
gag_polyprotein,L31K,12.384796
gag_polyprotein,L31M,7.4628296
gag_polyprotein,L31N,11.831268
gag_polyprotein,L31P,10.313232
gag_polyprotein,L31Q,12.35672
gag_polyprotein,L31R,10.996674
gag_polyprotein,L31S,11.586945
gag_polyprotein,L31T,10.454834
gag_polyprotein,L31V,11.3732605
gag_polyprotein,L31W,11.711334
gag_polyprotein,L31Y,12.464386
gag_polyprotein,K32A,10.325134
gag_polyprotein,K32C,12.510315
gag_polyprotein,K32D,12.29538
gag_polyprotein,K32E,9.450012
gag_polyprotein,K32F,12.459015
gag_polyprotein,K32G,12.269989
gag_polyprotein,K32H,11.123322
gag_polyprotein,K32I,10.699036
gag_polyprotein,K32L,11.08667
gag_polyprotein,K32M,12.328857
gag_polyprotein,K32N,10.810089
gag_polyprotein,K32P,11.28067
gag_polyprotein,K32Q,10.26358
gag_polyprotein,K32R,8.234131
gag_polyprotein,K32S,10.631531
gag_polyprotein,K32T,12.240051
gag_polyprotein,K32V,12.286072
gag_polyprotein,K32W,12.343872
gag_polyprotein,K32Y,12.261261
gag_polyprotein,H33A,12.450653
gag_polyprotein,H33C,12.555878
gag_polyprotein,H33D,12.366394
gag_polyprotein,H33E,9.466583
gag_polyprotein,H33F,12.487976
gag_polyprotein,H33G,12.40744
gag_polyprotein,H33I,11.384979
gag_polyprotein,H33K,11.137451
gag_polyprotein,H33L,9.841034
gag_polyprotein,H33M,12.43808
gag_polyprotein,H33N,11.331116
gag_polyprotein,H33P,10.58905
gag_polyprotein,H33Q,12.073608
gag_polyprotein,H33R,9.980286
gag_polyprotein,H33S,10.734894
gag_polyprotein,H33T,10.538971
gag_polyprotein,H33V,12.47702
gag_polyprotein,H33W,12.48465
gag_polyprotein,H33Y,12.309601
gag_polyprotein,I34A,8.5659485
gag_polyprotein,I34C,10.367035
gag_polyprotein,I34D,10.3316345
gag_polyprotein,I34E,10.373871
gag_polyprotein,I34F,8.983276
gag_polyprotein,I34G,10.352997
gag_polyprotein,I34H,10.3811035
gag_polyprotein,I34K,10.351532
gag_polyprotein,I34L,1.9697266
gag_polyprotein,I34M,8.816589
gag_polyprotein,I34N,9.818115
gag_polyprotein,I34P,9.658691
gag_polyprotein,I34Q,9.750916
gag_polyprotein,I34R,10.335571
gag_polyprotein,I34S,9.926422
gag_polyprotein,I34T,9.283356
gag_polyprotein,I34V,3.8869934
gag_polyprotein,I34W,10.3758545
gag_polyprotein,I34Y,10.427795
gag_polyprotein,V35A,9.324341
gag_polyprotein,V35C,11.613678
gag_polyprotein,V35D,11.626434
gag_polyprotein,V35E,9.991669
gag_polyprotein,V35F,11.71167
gag_polyprotein,V35G,10.241425
gag_polyprotein,V35H,11.683746
gag_polyprotein,V35I,5.2440796
gag_polyprotein,V35K,11.5989685
gag_polyprotein,V35L,8.658783
gag_polyprotein,V35M,7.109131
gag_polyprotein,V35N,11.667084
gag_polyprotein,V35P,11.610352
gag_polyprotein,V35Q,11.697235
gag_polyprotein,V35R,10.034912
gag_polyprotein,V35S,11.724243
gag_polyprotein,V35T,11.664551
gag_polyprotein,V35W,11.625946
gag_polyprotein,V35Y,11.598633
gag_polyprotein,W36A,12.89975
gag_polyprotein,W36C,11.605835
gag_polyprotein,W36D,12.864349
gag_polyprotein,W36E,12.860382
gag_polyprotein,W36F,12.866241
gag_polyprotein,W36G,9.206757
gag_polyprotein,W36H,12.787842
gag_polyprotein,W36I,12.892029
gag_polyprotein,W36K,12.726227
gag_polyprotein,W36L,12.792389
gag_polyprotein,W36M,12.922241
gag_polyprotein,W36N,12.829254
gag_polyprotein,W36P,12.812653
gag_polyprotein,W36Q,12.845978
gag_polyprotein,W36R,10.365723
gag_polyprotein,W36S,10.72995
gag_polyprotein,W36T,11.3437195
gag_polyprotein,W36V,12.770935
gag_polyprotein,W36Y,12.798004
gag_polyprotein,A37C,10.9479065
gag_polyprotein,A37D,12.209839
gag_polyprotein,A37E,10.79248
gag_polyprotein,A37F,12.184479
gag_polyprotein,A37G,10.982605
gag_polyprotein,A37H,12.130524
gag_polyprotein,A37I,10.900848
gag_polyprotein,A37K,12.087982
gag_polyprotein,A37L,11.128418
gag_polyprotein,A37M,11.146576
gag_polyprotein,A37N,12.0961
gag_polyprotein,A37P,10.605438
gag_polyprotein,A37Q,12.13797
gag_polyprotein,A37R,11.348755
gag_polyprotein,A37S,11.018402
gag_polyprotein,A37T,9.681488
gag_polyprotein,A37V,8.21994
gag_polyprotein,A37W,12.22168
gag_polyprotein,A37Y,12.237671
gag_polyprotein,S38A,10.8741455
gag_polyprotein,S38C,11.047852
gag_polyprotein,S38D,12.305359
gag_polyprotein,S38E,10.221405
gag_polyprotein,S38F,12.330231
gag_polyprotein,S38G,7.573303
gag_polyprotein,S38H,12.217224
gag_polyprotein,S38I,12.168549
gag_polyprotein,S38K,12.26474
gag_polyprotein,S38L,12.227997
gag_polyprotein,S38M,12.249603
gag_polyprotein,S38N,10.040527
gag_polyprotein,S38P,12.290894
gag_polyprotein,S38Q,12.1875305
gag_polyprotein,S38R,9.818146
gag_polyprotein,S38T,10.7239685
gag_polyprotein,S38V,11.145691
gag_polyprotein,S38W,12.267517
gag_polyprotein,S38Y,12.236542
gag_polyprotein,R39A,11.835876
gag_polyprotein,R39C,11.884033
gag_polyprotein,R39D,10.656525
gag_polyprotein,R39E,8.944977
gag_polyprotein,R39F,11.904602
gag_polyprotein,R39G,8.864929
gag_polyprotein,R39H,10.441345
gag_polyprotein,R39I,10.962555
gag_polyprotein,R39K,6.193329
gag_polyprotein,R39L,10.254303
gag_polyprotein,R39M,11.034058
gag_polyprotein,R39N,9.476624
gag_polyprotein,R39P,11.737152
gag_polyprotein,R39Q,9.250397
gag_polyprotein,R39S,9.247528
gag_polyprotein,R39T,10.862061
gag_polyprotein,R39V,11.813873
gag_polyprotein,R39W,10.5529785
gag_polyprotein,R39Y,11.003143
gag_polyprotein,E40A,10.609833
gag_polyprotein,E40C,12.308472
gag_polyprotein,E40D,10.386627
gag_polyprotein,E40F,12.251007
gag_polyprotein,E40G,8.836334
gag_polyprotein,E40H,12.285553
gag_polyprotein,E40I,12.22876
gag_polyprotein,E40K,9.648315
gag_polyprotein,E40L,11.133545
gag_polyprotein,E40M,12.301086
gag_polyprotein,E40N,12.3090515
gag_polyprotein,E40P,12.253296
gag_polyprotein,E40Q,10.137848
gag_polyprotein,E40R,9.0513
gag_polyprotein,E40S,12.267242
gag_polyprotein,E40T,10.774078
gag_polyprotein,E40V,10.099548
gag_polyprotein,E40W,10.848816
gag_polyprotein,E40Y,12.2966
gag_polyprotein,L41A,12.453735
gag_polyprotein,L41C,10.949738
gag_polyprotein,L41D,12.514252
gag_polyprotein,L41E,12.671814
gag_polyprotein,L41F,12.544281
gag_polyprotein,L41G,11.248444
gag_polyprotein,L41H,12.513916
gag_polyprotein,L41I,12.421509
gag_polyprotein,L41K,12.563477
gag_polyprotein,L41M,9.047791
gag_polyprotein,L41N,12.441254
gag_polyprotein,L41P,10.109772
gag_polyprotein,L41Q,11.076782
gag_polyprotein,L41R,9.313568
gag_polyprotein,L41S,12.542206
gag_polyprotein,L41T,11.221283
gag_polyprotein,L41V,8.907776
gag_polyprotein,L41W,11.545929
gag_polyprotein,L41Y,12.559296
gag_polyprotein,E42A,12.202759
gag_polyprotein,E42C,12.257874
gag_polyprotein,E42D,6.9101257
gag_polyprotein,E42F,12.18454
gag_polyprotein,E42G,8.649048
gag_polyprotein,E42H,12.276855
gag_polyprotein,E42I,12.277008
gag_polyprotein,E42K,8.7656555
gag_polyprotein,E42L,12.232269
gag_polyprotein,E42M,12.23764
gag_polyprotein,E42N,10.927124
gag_polyprotein,E42P,12.226471
gag_polyprotein,E42Q,10.76062
gag_polyprotein,E42R,11.162476
gag_polyprotein,E42S,9.370056
gag_polyprotein,E42T,9.405579
gag_polyprotein,E42V,10.435699
gag_polyprotein,E42W,12.204742
gag_polyprotein,E42Y,12.199188
gag_polyprotein,R43A,12.312805
gag_polyprotein,R43C,12.43866
gag_polyprotein,R43D,12.35733
gag_polyprotein,R43E,12.41803
gag_polyprotein,R43F,12.437805
gag_polyprotein,R43G,9.964203
gag_polyprotein,R43H,10.501221
gag_polyprotein,R43I,12.491089
gag_polyprotein,R43K,8.212433
gag_polyprotein,R43L,12.347504
gag_polyprotein,R43M,12.419556
gag_polyprotein,R43N,10.189545
gag_polyprotein,R43P,10.786896
gag_polyprotein,R43Q,7.8919983
gag_polyprotein,R43S,12.384338
gag_polyprotein,R43T,10.759125
gag_polyprotein,R43V,12.421509
gag_polyprotein,R43W,12.436279
gag_polyprotein,R43Y,12.442963
gag_polyprotein,F44A,12.0937805
gag_polyprotein,F44C,10.841095
gag_polyprotein,F44D,11.117615
gag_polyprotein,F44E,12.131989
gag_polyprotein,F44G,12.020081
gag_polyprotein,F44H,12.096039
gag_polyprotein,F44I,12.044952
gag_polyprotein,F44K,12.119568
gag_polyprotein,F44L,7.8126526
gag_polyprotein,F44M,12.128571
gag_polyprotein,F44N,12.135376
gag_polyprotein,F44P,12.087341
gag_polyprotein,F44Q,12.068146
gag_polyprotein,F44R,12.090454
gag_polyprotein,F44S,9.277039
gag_polyprotein,F44T,10.836731
gag_polyprotein,F44V,10.480743
gag_polyprotein,F44W,11.18866
gag_polyprotein,F44Y,6.551178
gag_polyprotein,A45C,12.439606
gag_polyprotein,A45D,11.070404
gag_polyprotein,A45E,12.400055
gag_polyprotein,A45F,12.472595
gag_polyprotein,A45G,12.5008545
gag_polyprotein,A45H,12.480713
gag_polyprotein,A45I,11.15094
gag_polyprotein,A45K,12.587036
gag_polyprotein,A45L,11.7464905
gag_polyprotein,A45M,12.572754
gag_polyprotein,A45N,12.467041
gag_polyprotein,A45P,8.758057
gag_polyprotein,A45Q,12.482056
gag_polyprotein,A45R,12.510651
gag_polyprotein,A45S,7.171936
gag_polyprotein,A45T,10.090698
gag_polyprotein,A45V,10.104858
gag_polyprotein,A45W,12.539185
gag_polyprotein,A45Y,12.43808
gag_polyprotein,V46A,8.855804
gag_polyprotein,V46C,9.524811
gag_polyprotein,V46D,11.330627
gag_polyprotein,V46E,11.25116
gag_polyprotein,V46F,9.907227
gag_polyprotein,V46G,11.216919
gag_polyprotein,V46H,11.232727
gag_polyprotein,V46I,4.1219177
gag_polyprotein,V46K,11.330078
gag_polyprotein,V46L,4.17453
gag_polyprotein,V46M,11.267609
gag_polyprotein,V46N,11.310822
gag_polyprotein,V46P,9.112335
gag_polyprotein,V46Q,11.289825
gag_polyprotein,V46R,11.351746
gag_polyprotein,V46S,10.524017
gag_polyprotein,V46T,11.275848
gag_polyprotein,V46W,11.307678
gag_polyprotein,V46Y,11.279053
gag_polyprotein,N47A,10.98288
gag_polyprotein,N47C,11.808502
gag_polyprotein,N47D,6.3395386
gag_polyprotein,N47E,10.5065
gag_polyprotein,N47F,11.816559
gag_polyprotein,N47G,11.866852
gag_polyprotein,N47H,10.684906
gag_polyprotein,N47I,11.151306
gag_polyprotein,N47K,9.967255
gag_polyprotein,N47L,11.791504
gag_polyprotein,N47M,11.814697
gag_polyprotein,N47P,11.800934
gag_polyprotein,N47Q,10.932037
gag_polyprotein,N47R,9.630188
gag_polyprotein,N47S,8.556946
gag_polyprotein,N47T,9.50415
gag_polyprotein,N47V,11.8385315
gag_polyprotein,N47W,11.799164
gag_polyprotein,N47Y,9.941498
gag_polyprotein,P48A,8.847351
gag_polyprotein,P48C,12.082794
gag_polyprotein,P48D,12.104004
gag_polyprotein,P48E,12.093048
gag_polyprotein,P48F,12.10733
gag_polyprotein,P48G,12.098389
gag_polyprotein,P48H,10.298492
gag_polyprotein,P48I,12.080353
gag_polyprotein,P48K,11.237091
gag_polyprotein,P48L,9.922058
gag_polyprotein,P48M,12.158752
gag_polyprotein,P48N,11.462402
gag_polyprotein,P48Q,12.159943
gag_polyprotein,P48R,11.21225
gag_polyprotein,P48S,6.8022156
gag_polyprotein,P48T,8.838837
gag_polyprotein,P48V,12.098053
gag_polyprotein,P48W,12.023804
gag_polyprotein,P48Y,12.12735
gag_polyprotein,G49A,6.996338
gag_polyprotein,G49C,8.94165
gag_polyprotein,G49D,7.397278
gag_polyprotein,G49E,9.241486
gag_polyprotein,G49F,10.723602
gag_polyprotein,G49H,11.577393
gag_polyprotein,G49I,10.78714
gag_polyprotein,G49K,11.610138
gag_polyprotein,G49L,11.517639
gag_polyprotein,G49M,11.54483
gag_polyprotein,G49N,7.8979797
gag_polyprotein,G49P,11.501801
gag_polyprotein,G49Q,10.335327
gag_polyprotein,G49R,10.911896
gag_polyprotein,G49S,4.607788
gag_polyprotein,G49T,10.930878
gag_polyprotein,G49V,9.511627
gag_polyprotein,G49W,11.5685425
gag_polyprotein,G49Y,11.5047
gag_polyprotein,L50A,12.591064
gag_polyprotein,L50C,11.601898
gag_polyprotein,L50D,12.473297
gag_polyprotein,L50E,10.989929
gag_polyprotein,L50F,8.919098
gag_polyprotein,L50G,12.554321
gag_polyprotein,L50H,12.516388
gag_polyprotein,L50I,12.561371
gag_polyprotein,L50K,12.649628
gag_polyprotein,L50M,11.70752
gag_polyprotein,L50N,11.372894
gag_polyprotein,L50P,8.420807
gag_polyprotein,L50Q,12.5896
gag_polyprotein,L50R,9.8359375
gag_polyprotein,L50S,12.567352
gag_polyprotein,L50T,12.540161
gag_polyprotein,L50V,11.5937805
gag_polyprotein,L50W,12.630066
gag_polyprotein,L50Y,12.63147
gag_polyprotein,L51A,11.955078
gag_polyprotein,L51C,11.882172
gag_polyprotein,L51D,11.922302
gag_polyprotein,L51E,11.923035
gag_polyprotein,L51F,9.797119
gag_polyprotein,L51G,9.605255
gag_polyprotein,L51H,11.920502
gag_polyprotein,L51I,7.1620483
gag_polyprotein,L51K,11.902893
gag_polyprotein,L51M,7.1526184
gag_polyprotein,L51N,11.882538
gag_polyprotein,L51P,11.830933
gag_polyprotein,L51Q,11.933502
gag_polyprotein,L51R,11.861847
gag_polyprotein,L51S,10.004059
gag_polyprotein,L51T,11.832062
gag_polyprotein,L51V,8.644867
gag_polyprotein,L51W,11.8420105
gag_polyprotein,L51Y,11.82074
gag_polyprotein,E52A,9.560364
gag_polyprotein,E52C,12.235168
gag_polyprotein,E52D,9.375244
gag_polyprotein,E52F,11.175751
gag_polyprotein,E52G,8.629303
gag_polyprotein,E52H,12.237671
gag_polyprotein,E52I,12.223877
gag_polyprotein,E52K,6.6181946
gag_polyprotein,E52L,12.229034
gag_polyprotein,E52M,12.211182
gag_polyprotein,E52N,12.197876
gag_polyprotein,E52P,11.338654
gag_polyprotein,E52Q,11.29718
gag_polyprotein,E52R,12.102051
gag_polyprotein,E52S,11.212463
gag_polyprotein,E52T,12.234192
gag_polyprotein,E52V,12.071411
gag_polyprotein,E52W,12.303253
gag_polyprotein,E52Y,12.223114
gag_polyprotein,T53A,8.419403
gag_polyprotein,T53C,11.843292
gag_polyprotein,T53D,11.947418
gag_polyprotein,T53E,11.909424
gag_polyprotein,T53F,11.858765
gag_polyprotein,T53G,11.831726
gag_polyprotein,T53H,11.8072815
gag_polyprotein,T53I,11.02597
gag_polyprotein,T53K,11.142914
gag_polyprotein,T53L,10.385834
gag_polyprotein,T53M,11.754303
gag_polyprotein,T53N,8.354828
gag_polyprotein,T53P,11.821991
gag_polyprotein,T53Q,11.876526
gag_polyprotein,T53R,11.834045
gag_polyprotein,T53S,4.6246033
gag_polyprotein,T53V,11.92926
gag_polyprotein,T53W,11.845215
gag_polyprotein,T53Y,11.886322
gag_polyprotein,S54A,2.1724548
gag_polyprotein,S54C,10.902161
gag_polyprotein,S54D,10.271454
gag_polyprotein,S54E,7.6918335
gag_polyprotein,S54F,10.338104
gag_polyprotein,S54G,5.9067993
gag_polyprotein,S54H,10.849091
gag_polyprotein,S54I,10.740906
gag_polyprotein,S54K,8.258331
gag_polyprotein,S54L,7.9391785
gag_polyprotein,S54M,9.9096985
gag_polyprotein,S54N,10.796051
gag_polyprotein,S54P,4.9302063
gag_polyprotein,S54Q,9.487213
gag_polyprotein,S54R,8.765717
gag_polyprotein,S54T,4.4472046
gag_polyprotein,S54V,8.411926
gag_polyprotein,S54W,10.806335
gag_polyprotein,S54Y,10.818726
gag_polyprotein,E55A,4.3748474
gag_polyprotein,E55C,10.4305725
gag_polyprotein,E55D,3.377533
gag_polyprotein,E55F,10.32663
gag_polyprotein,E55G,3.0922852
gag_polyprotein,E55H,10.282501
gag_polyprotein,E55I,7.609436
gag_polyprotein,E55K,6.035614
gag_polyprotein,E55L,8.156738
gag_polyprotein,E55M,10.209259
gag_polyprotein,E55N,7.8837585
gag_polyprotein,E55P,9.84787
gag_polyprotein,E55Q,6.061035
gag_polyprotein,E55R,9.885132
gag_polyprotein,E55S,6.927582
gag_polyprotein,E55T,6.5780334
gag_polyprotein,E55V,6.6805725
gag_polyprotein,E55W,10.23938
gag_polyprotein,E55Y,10.310577
gag_polyprotein,G56A,11.6474
gag_polyprotein,G56C,13.210602
gag_polyprotein,G56D,10.184509
gag_polyprotein,G56E,12.871002
gag_polyprotein,G56F,13.181671
gag_polyprotein,G56H,13.20343
gag_polyprotein,G56I,13.236969
gag_polyprotein,G56K,13.210083
gag_polyprotein,G56L,13.185852
gag_polyprotein,G56M,13.160889
gag_polyprotein,G56N,13.166199
gag_polyprotein,G56P,13.266754
gag_polyprotein,G56Q,13.260651
gag_polyprotein,G56R,12.952393
gag_polyprotein,G56S,11.296326
gag_polyprotein,G56T,13.2552185
gag_polyprotein,G56V,10.938446
gag_polyprotein,G56W,13.207581
gag_polyprotein,G56Y,13.206177
gag_polyprotein,C57A,12.537476
gag_polyprotein,C57D,12.427643
gag_polyprotein,C57E,12.538452
gag_polyprotein,C57F,11.080078
gag_polyprotein,C57G,12.534302
gag_polyprotein,C57H,12.501343
gag_polyprotein,C57I,10.679504
gag_polyprotein,C57K,12.52243
gag_polyprotein,C57L,10.548462
gag_polyprotein,C57M,12.588593
gag_polyprotein,C57N,11.473877
gag_polyprotein,C57P,12.4201355
gag_polyprotein,C57Q,12.537048
gag_polyprotein,C57R,8.81134
gag_polyprotein,C57S,9.779449
gag_polyprotein,C57T,11.591431
gag_polyprotein,C57V,12.46817
gag_polyprotein,C57W,11.208954
gag_polyprotein,C57Y,10.931519
gag_polyprotein,R58A,9.833679
gag_polyprotein,R58C,11.300201
gag_polyprotein,R58D,11.320801
gag_polyprotein,R58E,8.166443
gag_polyprotein,R58F,11.287476
gag_polyprotein,R58G,7.8206177
gag_polyprotein,R58H,10.282349
gag_polyprotein,R58I,7.9205017
gag_polyprotein,R58K,3.22052
gag_polyprotein,R58L,9.12384
gag_polyprotein,R58M,9.922821
gag_polyprotein,R58N,9.6684265
gag_polyprotein,R58P,10.337524
gag_polyprotein,R58Q,7.035492
gag_polyprotein,R58S,8.745758
gag_polyprotein,R58T,8.916016
gag_polyprotein,R58V,10.202454
gag_polyprotein,R58W,11.353729
gag_polyprotein,R58Y,11.301178
gag_polyprotein,Q59A,7.7584534
gag_polyprotein,Q59C,10.85614
gag_polyprotein,Q59D,9.157471
gag_polyprotein,Q59E,6.9638977
gag_polyprotein,Q59F,10.934174
gag_polyprotein,Q59G,9.624573
gag_polyprotein,Q59H,9.270905
gag_polyprotein,Q59I,10.894836
gag_polyprotein,Q59K,4.1545105
gag_polyprotein,Q59L,9.340454
gag_polyprotein,Q59M,10.894989
gag_polyprotein,Q59N,9.274475
gag_polyprotein,Q59P,9.909149
gag_polyprotein,Q59R,5.619232
gag_polyprotein,Q59S,8.876099
gag_polyprotein,Q59T,9.406952
gag_polyprotein,Q59V,10.171356
gag_polyprotein,Q59W,10.949005
gag_polyprotein,Q59Y,10.82016
gag_polyprotein,I60A,9.1814575
gag_polyprotein,I60C,12.266571
gag_polyprotein,I60D,12.225037
gag_polyprotein,I60E,12.3654785
gag_polyprotein,I60F,12.331696
gag_polyprotein,I60G,12.335876
gag_polyprotein,I60H,12.382263
gag_polyprotein,I60K,12.287842
gag_polyprotein,I60L,6.646332
gag_polyprotein,I60M,10.716278
gag_polyprotein,I60N,12.422882
gag_polyprotein,I60P,12.317169
gag_polyprotein,I60Q,8.579803
gag_polyprotein,I60R,11.010925
gag_polyprotein,I60S,12.307922
gag_polyprotein,I60T,9.865112
gag_polyprotein,I60V,8.687134
gag_polyprotein,I60W,12.299713
gag_polyprotein,I60Y,11.66748
gag_polyprotein,L61A,11.85556
gag_polyprotein,L61C,11.960876
gag_polyprotein,L61D,12.006561
gag_polyprotein,L61E,12.000214
gag_polyprotein,L61F,11.924316
gag_polyprotein,L61G,11.990326
gag_polyprotein,L61H,11.945679
gag_polyprotein,L61I,4.267456
gag_polyprotein,L61K,11.027679
gag_polyprotein,L61M,5.070343
gag_polyprotein,L61N,11.301971
gag_polyprotein,L61P,11.92807
gag_polyprotein,L61Q,11.896973
gag_polyprotein,L61R,11.374298
gag_polyprotein,L61S,10.802582
gag_polyprotein,L61T,11.242828
gag_polyprotein,L61V,10.027039
gag_polyprotein,L61W,11.307251
gag_polyprotein,L61Y,11.910187
gag_polyprotein,G62A,3.5677795
gag_polyprotein,G62C,8.711609
gag_polyprotein,G62D,7.431305
gag_polyprotein,G62E,2.0825195
gag_polyprotein,G62F,10.055359
gag_polyprotein,G62H,10.011017
gag_polyprotein,G62I,4.650879
gag_polyprotein,G62K,4.9578857
gag_polyprotein,G62L,6.490692
gag_polyprotein,G62M,8.447571
gag_polyprotein,G62N,6.5229797
gag_polyprotein,G62P,9.588867
gag_polyprotein,G62Q,4.9309387
gag_polyprotein,G62R,3.656952
gag_polyprotein,G62S,5.733429
gag_polyprotein,G62T,5.7577515
gag_polyprotein,G62V,4.1622314
gag_polyprotein,G62W,9.244934
gag_polyprotein,G62Y,9.404449
gag_polyprotein,Q63A,7.5396423
gag_polyprotein,Q63C,11.526245
gag_polyprotein,Q63D,10.3280945
gag_polyprotein,Q63E,10.1319275
gag_polyprotein,Q63F,11.504486
gag_polyprotein,Q63G,11.570282
gag_polyprotein,Q63H,6.6368713
gag_polyprotein,Q63I,11.424622
gag_polyprotein,Q63K,8.063812
gag_polyprotein,Q63L,8.82608
gag_polyprotein,Q63M,11.523132
gag_polyprotein,Q63N,11.390076
gag_polyprotein,Q63P,10.358398
gag_polyprotein,Q63R,8.974884
gag_polyprotein,Q63S,8.531433
gag_polyprotein,Q63T,10.357391
gag_polyprotein,Q63V,9.258026
gag_polyprotein,Q63W,10.639557
gag_polyprotein,Q63Y,11.430695
gag_polyprotein,L64A,12.135651
gag_polyprotein,L64C,11.963776
gag_polyprotein,L64D,10.021942
gag_polyprotein,L64E,11.914276
gag_polyprotein,L64F,8.308319
gag_polyprotein,L64G,12.071167
gag_polyprotein,L64H,12.080902
gag_polyprotein,L64I,5.904602
gag_polyprotein,L64K,11.162903
gag_polyprotein,L64M,9.439941
gag_polyprotein,L64N,11.904724
gag_polyprotein,L64P,11.224945
gag_polyprotein,L64Q,12.008484
gag_polyprotein,L64R,11.50296
gag_polyprotein,L64S,10.992096
gag_polyprotein,L64T,12.013428
gag_polyprotein,L64V,9.424652
gag_polyprotein,L64W,11.994141
gag_polyprotein,L64Y,12.010254
gag_polyprotein,Q65A,9.763062
gag_polyprotein,Q65C,11.575684
gag_polyprotein,Q65D,9.751678
gag_polyprotein,Q65E,8.115326
gag_polyprotein,Q65F,11.597076
gag_polyprotein,Q65G,11.588348
gag_polyprotein,Q65H,4.4336853
gag_polyprotein,Q65I,11.580566
gag_polyprotein,Q65K,8.689606
gag_polyprotein,Q65L,9.873291
gag_polyprotein,Q65M,11.612396
gag_polyprotein,Q65N,9.444092
gag_polyprotein,Q65P,8.856628
gag_polyprotein,Q65R,7.816681
gag_polyprotein,Q65S,9.05307
gag_polyprotein,Q65T,8.945923
gag_polyprotein,Q65V,11.642151
gag_polyprotein,Q65W,11.579651
gag_polyprotein,Q65Y,9.634827
gag_polyprotein,P66A,8.356476
gag_polyprotein,P66C,11.710876
gag_polyprotein,P66D,11.659912
gag_polyprotein,P66E,10.707611
gag_polyprotein,P66F,11.668152
gag_polyprotein,P66G,11.659515
gag_polyprotein,P66H,11.741577
gag_polyprotein,P66I,11.642212
gag_polyprotein,P66K,11.660553
gag_polyprotein,P66L,9.932098
gag_polyprotein,P66M,11.805969
gag_polyprotein,P66N,11.014923
gag_polyprotein,P66Q,11.659149
gag_polyprotein,P66R,11.7013855
gag_polyprotein,P66S,4.588745
gag_polyprotein,P66T,9.252441
gag_polyprotein,P66V,11.071503
gag_polyprotein,P66W,11.0755005
gag_polyprotein,P66Y,11.739655
gag_polyprotein,S67A,1.0486145
gag_polyprotein,S67C,8.431305
gag_polyprotein,S67D,10.422119
gag_polyprotein,S67E,10.409851
gag_polyprotein,S67F,8.4938965
gag_polyprotein,S67G,9.115662
gag_polyprotein,S67H,9.551239
gag_polyprotein,S67I,9.057037
gag_polyprotein,S67K,10.383972
gag_polyprotein,S67L,7.7203064
gag_polyprotein,S67M,9.261139
gag_polyprotein,S67N,7.6756287
gag_polyprotein,S67P,7.3811646
gag_polyprotein,S67Q,9.529968
gag_polyprotein,S67R,9.783722
gag_polyprotein,S67T,5.1318054
gag_polyprotein,S67V,7.48645
gag_polyprotein,S67W,10.407806
gag_polyprotein,S67Y,10.417572
gag_polyprotein,L68A,11.565826
gag_polyprotein,L68C,11.500488
gag_polyprotein,L68D,12.313477
gag_polyprotein,L68E,12.28363
gag_polyprotein,L68F,8.711792
gag_polyprotein,L68G,12.299164
gag_polyprotein,L68H,10.852142
gag_polyprotein,L68I,5.128845
gag_polyprotein,L68K,12.196869
gag_polyprotein,L68M,9.727539
gag_polyprotein,L68N,12.300201
gag_polyprotein,L68P,10.081787
gag_polyprotein,L68Q,12.169647
gag_polyprotein,L68R,10.773529
gag_polyprotein,L68S,11.527557
gag_polyprotein,L68T,11.488556
gag_polyprotein,L68V,8.463654
gag_polyprotein,L68W,12.295959
gag_polyprotein,L68Y,10.163452
gag_polyprotein,Q69A,9.716156
gag_polyprotein,Q69C,10.911743
gag_polyprotein,Q69D,9.049103
gag_polyprotein,Q69E,5.7277527
gag_polyprotein,Q69F,10.796082
gag_polyprotein,Q69G,7.6488953
gag_polyprotein,Q69H,7.6075745
gag_polyprotein,Q69I,10.965698
gag_polyprotein,Q69K,3.6353455
gag_polyprotein,Q69L,8.313751
gag_polyprotein,Q69M,10.414551
gag_polyprotein,Q69N,6.492279
gag_polyprotein,Q69P,4.7555237
gag_polyprotein,Q69R,4.615387
gag_polyprotein,Q69S,8.494415
gag_polyprotein,Q69T,9.457275
gag_polyprotein,Q69V,10.838715
gag_polyprotein,Q69W,10.789673
gag_polyprotein,Q69Y,9.49118
gag_polyprotein,T70A,7.46579
gag_polyprotein,T70C,11.939667
gag_polyprotein,T70D,11.980286
gag_polyprotein,T70E,11.909149
gag_polyprotein,T70F,11.961334
gag_polyprotein,T70G,12.002106
gag_polyprotein,T70H,11.950073
gag_polyprotein,T70I,8.579651
gag_polyprotein,T70K,10.983246
gag_polyprotein,T70L,11.991577
gag_polyprotein,T70M,12.043854
gag_polyprotein,T70N,8.648254
gag_polyprotein,T70P,11.322693
gag_polyprotein,T70Q,11.081451
gag_polyprotein,T70R,11.897858
gag_polyprotein,T70S,9.522827
gag_polyprotein,T70V,8.65097
gag_polyprotein,T70W,11.953827
gag_polyprotein,T70Y,11.944672
gag_polyprotein,G71A,8.58728
gag_polyprotein,G71C,12.672852
gag_polyprotein,G71D,12.608154
gag_polyprotein,G71E,10.525696
gag_polyprotein,G71F,12.586426
gag_polyprotein,G71H,12.600342
gag_polyprotein,G71I,12.554932
gag_polyprotein,G71K,11.472839
gag_polyprotein,G71L,12.546295
gag_polyprotein,G71M,11.605804
gag_polyprotein,G71N,12.659882
gag_polyprotein,G71P,12.611664
gag_polyprotein,G71Q,12.657776
gag_polyprotein,G71R,9.938812
gag_polyprotein,G71S,9.581696
gag_polyprotein,G71T,12.580933
gag_polyprotein,G71V,12.593628
gag_polyprotein,G71W,12.630463
gag_polyprotein,G71Y,12.655579
gag_polyprotein,S72A,9.727386
gag_polyprotein,S72C,12.012085
gag_polyprotein,S72D,12.11673
gag_polyprotein,S72E,12.117432
gag_polyprotein,S72F,12.06958
gag_polyprotein,S72G,11.085449
gag_polyprotein,S72H,11.29068
gag_polyprotein,S72I,12.007294
gag_polyprotein,S72K,12.02533
gag_polyprotein,S72L,11.3749695
gag_polyprotein,S72M,12.113922
gag_polyprotein,S72N,12.192627
gag_polyprotein,S72P,10.038727
gag_polyprotein,S72Q,12.081665
gag_polyprotein,S72R,12.023407
gag_polyprotein,S72T,5.3851013
gag_polyprotein,S72V,11.386353
gag_polyprotein,S72W,12.115082
gag_polyprotein,S72Y,12.005554
gag_polyprotein,E73A,10.144592
gag_polyprotein,E73C,12.501312
gag_polyprotein,E73D,8.859985
gag_polyprotein,E73F,12.623688
gag_polyprotein,E73G,9.361359
gag_polyprotein,E73H,12.416382
gag_polyprotein,E73I,12.559357
gag_polyprotein,E73K,8.194611
gag_polyprotein,E73L,12.522186
gag_polyprotein,E73M,12.54306
gag_polyprotein,E73N,11.7343445
gag_polyprotein,E73P,12.498138
gag_polyprotein,E73Q,9.492889
gag_polyprotein,E73R,11.619202
gag_polyprotein,E73S,12.53949
gag_polyprotein,E73T,12.594574
gag_polyprotein,E73V,10.305511
gag_polyprotein,E73W,12.452362
gag_polyprotein,E73Y,12.535278
gag_polyprotein,E74A,9.503113
gag_polyprotein,E74C,12.056488
gag_polyprotein,E74D,7.9101257
gag_polyprotein,E74F,12.084625
gag_polyprotein,E74G,6.2912903
gag_polyprotein,E74H,12.052704
gag_polyprotein,E74I,12.001282
gag_polyprotein,E74K,8.303619
gag_polyprotein,E74L,12.01413
gag_polyprotein,E74M,12.08194
gag_polyprotein,E74N,9.856262
gag_polyprotein,E74P,11.987793
gag_polyprotein,E74Q,11.21582
gag_polyprotein,E74R,11.97583
gag_polyprotein,E74S,11.302338
gag_polyprotein,E74T,9.981964
gag_polyprotein,E74V,11.030579
gag_polyprotein,E74W,12.114075
gag_polyprotein,E74Y,12.016693
gag_polyprotein,L75A,11.114624
gag_polyprotein,L75C,10.003265
gag_polyprotein,L75D,11.115814
gag_polyprotein,L75E,11.160828
gag_polyprotein,L75F,4.678528
gag_polyprotein,L75G,11.134674
gag_polyprotein,L75H,11.168213
gag_polyprotein,L75I,3.9235535
gag_polyprotein,L75K,11.098419
gag_polyprotein,L75M,8.540619
gag_polyprotein,L75N,11.178101
gag_polyprotein,L75P,10.31839
gag_polyprotein,L75Q,11.185242
gag_polyprotein,L75R,7.314026
gag_polyprotein,L75S,11.148468
gag_polyprotein,L75T,11.192627
gag_polyprotein,L75V,6.871887
gag_polyprotein,L75W,11.192017
gag_polyprotein,L75Y,8.556946
gag_polyprotein,R76A,9.704132
gag_polyprotein,R76C,9.046173
gag_polyprotein,R76D,9.568268
gag_polyprotein,R76E,8.709198
gag_polyprotein,R76F,9.646454
gag_polyprotein,R76G,8.082092
gag_polyprotein,R76H,9.589172
gag_polyprotein,R76I,6.644684
gag_polyprotein,R76K,-0.53237915
gag_polyprotein,R76L,7.985718
gag_polyprotein,R76M,8.731781
gag_polyprotein,R76N,7.8121033
gag_polyprotein,R76P,9.523193
gag_polyprotein,R76Q,4.680084
gag_polyprotein,R76S,9.6119995
gag_polyprotein,R76T,5.581909
gag_polyprotein,R76V,9.066681
gag_polyprotein,R76W,8.981415
gag_polyprotein,R76Y,9.662689
gag_polyprotein,S77A,9.117584
gag_polyprotein,S77C,11.781555
gag_polyprotein,S77D,11.477905
gag_polyprotein,S77E,12.984619
gag_polyprotein,S77F,12.917694
gag_polyprotein,S77G,12.903351
gag_polyprotein,S77H,12.960266
gag_polyprotein,S77I,12.92865
gag_polyprotein,S77K,11.753082
gag_polyprotein,S77L,10.176605
gag_polyprotein,S77M,12.930328
gag_polyprotein,S77N,12.840851
gag_polyprotein,S77P,11.379883
gag_polyprotein,S77Q,12.999115
gag_polyprotein,S77R,12.968903
gag_polyprotein,S77T,12.194885
gag_polyprotein,S77V,12.983337
gag_polyprotein,S77W,13.006958
gag_polyprotein,S77Y,12.9079895
gag_polyprotein,L78A,11.770172
gag_polyprotein,L78C,11.719818
gag_polyprotein,L78D,11.785431
gag_polyprotein,L78E,11.7812805
gag_polyprotein,L78F,9.627106
gag_polyprotein,L78G,11.79071
gag_polyprotein,L78H,11.756195
gag_polyprotein,L78I,8.035248
gag_polyprotein,L78K,11.7153015
gag_polyprotein,L78M,11.76413
gag_polyprotein,L78N,11.724731
gag_polyprotein,L78P,11.881592
gag_polyprotein,L78Q,10.80249
gag_polyprotein,L78R,11.780304
gag_polyprotein,L78S,9.487701
gag_polyprotein,L78T,11.723175
gag_polyprotein,L78V,5.403351
gag_polyprotein,L78W,11.838928
gag_polyprotein,L78Y,11.76889
gag_polyprotein,Y79A,10.125153
gag_polyprotein,Y79C,9.386108
gag_polyprotein,Y79D,10.264435
gag_polyprotein,Y79E,10.17038
gag_polyprotein,Y79F,0.8976135
gag_polyprotein,Y79G,10.114227
gag_polyprotein,Y79H,3.9839478
gag_polyprotein,Y79I,10.103577
gag_polyprotein,Y79K,10.148834
gag_polyprotein,Y79L,9.482544
gag_polyprotein,Y79M,10.16626
gag_polyprotein,Y79N,7.8448486
gag_polyprotein,Y79P,9.632904
gag_polyprotein,Y79Q,9.633362
gag_polyprotein,Y79R,10.238495
gag_polyprotein,Y79S,8.114227
gag_polyprotein,Y79T,9.601685
gag_polyprotein,Y79V,9.371429
gag_polyprotein,Y79W,6.7263794
gag_polyprotein,N80A,12.347595
gag_polyprotein,N80C,12.389862
gag_polyprotein,N80D,9.721191
gag_polyprotein,N80E,12.457581
gag_polyprotein,N80F,12.276276
gag_polyprotein,N80G,12.345001
gag_polyprotein,N80H,10.740784
gag_polyprotein,N80I,11.110931
gag_polyprotein,N80K,11.175781
gag_polyprotein,N80L,11.267639
gag_polyprotein,N80M,12.358643
gag_polyprotein,N80P,12.38269
gag_polyprotein,N80Q,12.330444
gag_polyprotein,N80R,11.275452
gag_polyprotein,N80S,8.81308
gag_polyprotein,N80T,9.536255
gag_polyprotein,N80V,12.347992
gag_polyprotein,N80W,12.354095
gag_polyprotein,N80Y,9.843262
gag_polyprotein,T81A,3.6973877
gag_polyprotein,T81C,10.532623
gag_polyprotein,T81D,11.303619
gag_polyprotein,T81E,11.12262
gag_polyprotein,T81F,11.273468
gag_polyprotein,T81G,10.648773
gag_polyprotein,T81H,11.207825
gag_polyprotein,T81I,8.893555
gag_polyprotein,T81K,11.264648
gag_polyprotein,T81L,5.2593994
gag_polyprotein,T81M,9.332825
gag_polyprotein,T81N,11.172638
gag_polyprotein,T81P,9.912567
gag_polyprotein,T81Q,9.83078
gag_polyprotein,T81R,11.156738
gag_polyprotein,T81S,9.009094
gag_polyprotein,T81V,8.478699
gag_polyprotein,T81W,11.262238
gag_polyprotein,T81Y,11.235199
gag_polyprotein,I82A,8.19693
gag_polyprotein,I82C,9.013794
gag_polyprotein,I82D,8.090363
gag_polyprotein,I82E,8.602509
gag_polyprotein,I82F,9.024628
gag_polyprotein,I82G,8.938721
gag_polyprotein,I82H,9.023041
gag_polyprotein,I82K,9.041443
gag_polyprotein,I82L,3.7626343
gag_polyprotein,I82M,6.3683167
gag_polyprotein,I82N,8.486725
gag_polyprotein,I82P,8.461731
gag_polyprotein,I82Q,9.048096
gag_polyprotein,I82R,8.967865
gag_polyprotein,I82S,9.081818
gag_polyprotein,I82T,6.4985046
gag_polyprotein,I82V,-1.6239929
gag_polyprotein,I82W,8.97583
gag_polyprotein,I82Y,9.03418
gag_polyprotein,A83C,10.824921
gag_polyprotein,A83D,12.064453
gag_polyprotein,A83E,11.503845
gag_polyprotein,A83F,12.097992
gag_polyprotein,A83G,10.997528
gag_polyprotein,A83H,11.907532
gag_polyprotein,A83I,10.483154
gag_polyprotein,A83K,11.362305
gag_polyprotein,A83L,12.041382
gag_polyprotein,A83M,12.05365
gag_polyprotein,A83N,12.035919
gag_polyprotein,A83P,10.414124
gag_polyprotein,A83Q,11.991791
gag_polyprotein,A83R,11.972504
gag_polyprotein,A83S,7.6057434
gag_polyprotein,A83T,8.13855
gag_polyprotein,A83V,5.66156
gag_polyprotein,A83W,12.08197
gag_polyprotein,A83Y,12.025726
gag_polyprotein,V84A,5.930603
gag_polyprotein,V84C,9.183685
gag_polyprotein,V84D,9.624603
gag_polyprotein,V84E,9.077393
gag_polyprotein,V84F,9.693512
gag_polyprotein,V84G,9.724976
gag_polyprotein,V84H,9.588898
gag_polyprotein,V84I,8.694916
gag_polyprotein,V84K,9.717926
gag_polyprotein,V84L,8.868683
gag_polyprotein,V84M,9.697235
gag_polyprotein,V84N,8.728241
gag_polyprotein,V84P,8.022156
gag_polyprotein,V84Q,9.654663
gag_polyprotein,V84R,9.729736
gag_polyprotein,V84S,8.499359
gag_polyprotein,V84T,-0.7652588
gag_polyprotein,V84W,9.697601
gag_polyprotein,V84Y,9.68512
gag_polyprotein,L85A,12.1716
gag_polyprotein,L85C,10.879059
gag_polyprotein,L85D,12.180023
gag_polyprotein,L85E,12.131653
gag_polyprotein,L85F,10.517242
gag_polyprotein,L85G,12.133026
gag_polyprotein,L85H,11.62146
gag_polyprotein,L85I,6.6973877
gag_polyprotein,L85K,12.081604
gag_polyprotein,L85M,9.488678
gag_polyprotein,L85N,12.141937
gag_polyprotein,L85P,8.798004
gag_polyprotein,L85Q,12.088074
gag_polyprotein,L85R,12.203705
gag_polyprotein,L85S,11.387604
gag_polyprotein,L85T,12.093842
gag_polyprotein,L85V,9.448761
gag_polyprotein,L85W,12.159271
gag_polyprotein,L85Y,12.144684
gag_polyprotein,Y86A,11.608124
gag_polyprotein,Y86C,7.8334656
gag_polyprotein,Y86D,11.542084
gag_polyprotein,Y86E,11.543701
gag_polyprotein,Y86F,5.1073
gag_polyprotein,Y86G,11.595581
gag_polyprotein,Y86H,9.01239
gag_polyprotein,Y86I,11.465729
gag_polyprotein,Y86K,11.53241
gag_polyprotein,Y86L,7.6958313
gag_polyprotein,Y86M,11.605286
gag_polyprotein,Y86N,11.065155
gag_polyprotein,Y86P,11.569
gag_polyprotein,Y86Q,11.562653
gag_polyprotein,Y86R,10.212494
gag_polyprotein,Y86S,9.1076355
gag_polyprotein,Y86T,10.92334
gag_polyprotein,Y86V,11.544037
gag_polyprotein,Y86W,5.8232727
gag_polyprotein,C87A,12.386169
gag_polyprotein,C87D,12.339478
gag_polyprotein,C87E,11.494446
gag_polyprotein,C87F,8.177002
gag_polyprotein,C87G,9.700989
gag_polyprotein,C87H,12.284302
gag_polyprotein,C87I,12.262482
gag_polyprotein,C87K,12.368256
gag_polyprotein,C87L,11.539124
gag_polyprotein,C87M,12.31604
gag_polyprotein,C87N,12.434601
gag_polyprotein,C87P,12.406891
gag_polyprotein,C87Q,12.347778
gag_polyprotein,C87R,10.255859
gag_polyprotein,C87S,10.430389
gag_polyprotein,C87T,12.292145
gag_polyprotein,C87V,12.353241
gag_polyprotein,C87W,7.6904297
gag_polyprotein,C87Y,8.401428
gag_polyprotein,V88A,10.136505
gag_polyprotein,V88C,11.972534
gag_polyprotein,V88D,11.253265
gag_polyprotein,V88E,11.855347
gag_polyprotein,V88F,12.940643
gag_polyprotein,V88G,11.280457
gag_polyprotein,V88H,12.944214
gag_polyprotein,V88I,8.756592
gag_polyprotein,V88K,12.976868
gag_polyprotein,V88L,10.987854
gag_polyprotein,V88M,12.840729
gag_polyprotein,V88N,12.956787
gag_polyprotein,V88P,12.901978
gag_polyprotein,V88Q,12.906158
gag_polyprotein,V88R,11.680389
gag_polyprotein,V88S,12.949493
gag_polyprotein,V88T,10.90448
gag_polyprotein,V88W,12.995728
gag_polyprotein,V88Y,13.053375
gag_polyprotein,H89A,12.462555
gag_polyprotein,H89C,12.343933
gag_polyprotein,H89D,11.0277405
gag_polyprotein,H89E,12.411377
gag_polyprotein,H89F,12.443329
gag_polyprotein,H89G,12.5355835
gag_polyprotein,H89I,12.48291
gag_polyprotein,H89K,11.496857
gag_polyprotein,H89L,8.811798
gag_polyprotein,H89M,11.501556
gag_polyprotein,H89N,11.493866
gag_polyprotein,H89P,10.086304
gag_polyprotein,H89Q,7.5426636
gag_polyprotein,H89R,9.843353
gag_polyprotein,H89S,12.486145
gag_polyprotein,H89T,11.439453
gag_polyprotein,H89V,12.32196
gag_polyprotein,H89W,12.3750305
gag_polyprotein,H89Y,9.840027
gag_polyprotein,Q90A,7.5183105
gag_polyprotein,Q90C,8.667389
gag_polyprotein,Q90D,11.366425
gag_polyprotein,Q90E,6.447876
gag_polyprotein,Q90F,11.848511
gag_polyprotein,Q90G,9.47406
gag_polyprotein,Q90H,7.761627
gag_polyprotein,Q90I,10.86142
gag_polyprotein,Q90K,5.594879
gag_polyprotein,Q90L,6.8386536
gag_polyprotein,Q90M,10.010529
gag_polyprotein,Q90N,6.959778
gag_polyprotein,Q90P,9.535461
gag_polyprotein,Q90R,4.8624268
gag_polyprotein,Q90S,7.4026794
gag_polyprotein,Q90T,8.498657
gag_polyprotein,Q90V,10.030487
gag_polyprotein,Q90W,11.717316
gag_polyprotein,Q90Y,9.210297
gag_polyprotein,R91A,9.073303
gag_polyprotein,R91C,7.635742
gag_polyprotein,R91D,5.6879883
gag_polyprotein,R91E,4.98468
gag_polyprotein,R91F,9.6675415
gag_polyprotein,R91G,3.077179
gag_polyprotein,R91H,7.6655273
gag_polyprotein,R91I,9.538818
gag_polyprotein,R91K,0.42214966
gag_polyprotein,R91L,9.570038
gag_polyprotein,R91M,6.400543
gag_polyprotein,R91N,3.105835
gag_polyprotein,R91P,9.536682
gag_polyprotein,R91Q,4.2398987
gag_polyprotein,R91S,6.4585266
gag_polyprotein,R91T,8.34613
gag_polyprotein,R91V,9.565399
gag_polyprotein,R91W,9.557922
gag_polyprotein,R91Y,8.850281
gag_polyprotein,I92A,10.625763
gag_polyprotein,I92C,11.357056
gag_polyprotein,I92D,10.687439
gag_polyprotein,I92E,9.037445
gag_polyprotein,I92F,10.398041
gag_polyprotein,I92G,11.392609
gag_polyprotein,I92H,11.381195
gag_polyprotein,I92K,8.076294
gag_polyprotein,I92L,6.8216553
gag_polyprotein,I92M,6.581787
gag_polyprotein,I92N,10.423004
gag_polyprotein,I92P,11.38028
gag_polyprotein,I92Q,11.544525
gag_polyprotein,I92R,9.812408
gag_polyprotein,I92S,10.405579
gag_polyprotein,I92T,7.6259766
gag_polyprotein,I92V,5.506897
gag_polyprotein,I92W,11.358765
gag_polyprotein,I92Y,9.49234
gag_polyprotein,D93A,5.543335
gag_polyprotein,D93C,9.13028
gag_polyprotein,D93E,-0.4543152
gag_polyprotein,D93F,9.696228
gag_polyprotein,D93G,4.7785034
gag_polyprotein,D93H,8.446045
gag_polyprotein,D93I,9.200562
gag_polyprotein,D93K,5.1399536
gag_polyprotein,D93L,8.916473
gag_polyprotein,D93M,7.802002
gag_polyprotein,D93N,4.814911
gag_polyprotein,D93P,6.850891
gag_polyprotein,D93Q,5.616852
gag_polyprotein,D93R,6.7942505
gag_polyprotein,D93S,6.9765015
gag_polyprotein,D93T,5.5414124
gag_polyprotein,D93V,6.973816
gag_polyprotein,D93W,9.635529
gag_polyprotein,D93Y,9.793701
gag_polyprotein,V94A,8.632477
gag_polyprotein,V94C,10.936768
gag_polyprotein,V94D,10.839294
gag_polyprotein,V94E,9.39328
gag_polyprotein,V94F,10.808685
gag_polyprotein,V94G,10.182648
gag_polyprotein,V94H,10.851746
gag_polyprotein,V94I,1.757904
gag_polyprotein,V94K,10.800751
gag_polyprotein,V94L,9.838501
gag_polyprotein,V94M,10.042328
gag_polyprotein,V94N,10.2864685
gag_polyprotein,V94P,9.634888
gag_polyprotein,V94Q,10.878479
gag_polyprotein,V94R,10.128937
gag_polyprotein,V94S,10.804901
gag_polyprotein,V94T,9.691132
gag_polyprotein,V94W,10.333649
gag_polyprotein,V94Y,10.8089905
gag_polyprotein,K95A,6.3387756
gag_polyprotein,K95C,11.066895
gag_polyprotein,K95D,10.59433
gag_polyprotein,K95E,8.633179
gag_polyprotein,K95F,11.059479
gag_polyprotein,K95G,9.157928
gag_polyprotein,K95H,9.156708
gag_polyprotein,K95I,10.356598
gag_polyprotein,K95L,8.684479
gag_polyprotein,K95M,9.924255
gag_polyprotein,K95N,7.626129
gag_polyprotein,K95P,10.481506
gag_polyprotein,K95Q,5.1988525
gag_polyprotein,K95R,2.436554
gag_polyprotein,K95S,8.39563
gag_polyprotein,K95T,6.707367
gag_polyprotein,K95V,9.919128
gag_polyprotein,K95W,11.1250305
gag_polyprotein,K95Y,11.02243
gag_polyprotein,D96A,10.959778
gag_polyprotein,D96C,12.819916
gag_polyprotein,D96E,10.757782
gag_polyprotein,D96F,12.833496
gag_polyprotein,D96G,10.011078
gag_polyprotein,D96H,11.123932
gag_polyprotein,D96I,12.784973
gag_polyprotein,D96K,11.880402
gag_polyprotein,D96L,11.830292
gag_polyprotein,D96M,12.84494
gag_polyprotein,D96N,8.037903
gag_polyprotein,D96P,11.833282
gag_polyprotein,D96Q,12.702698
gag_polyprotein,D96R,11.115051
gag_polyprotein,D96S,12.74353
gag_polyprotein,D96T,12.736603
gag_polyprotein,D96V,12.800354
gag_polyprotein,D96W,12.838959
gag_polyprotein,D96Y,11.863678
gag_polyprotein,T97A,8.730682
gag_polyprotein,T97C,12.895294
gag_polyprotein,T97D,12.931732
gag_polyprotein,T97E,12.9664
gag_polyprotein,T97F,12.889557
gag_polyprotein,T97G,11.82373
gag_polyprotein,T97H,11.853363
gag_polyprotein,T97I,11.752197
gag_polyprotein,T97K,12.876099
gag_polyprotein,T97L,10.910706
gag_polyprotein,T97M,12.887146
gag_polyprotein,T97N,12.830292
gag_polyprotein,T97P,10.673065
gag_polyprotein,T97Q,11.652374
gag_polyprotein,T97R,12.942078
gag_polyprotein,T97S,11.777588
gag_polyprotein,T97V,12.913391
gag_polyprotein,T97W,12.924988
gag_polyprotein,T97Y,12.880646
gag_polyprotein,K98A,9.446136
gag_polyprotein,K98C,10.889587
gag_polyprotein,K98D,11.625793
gag_polyprotein,K98E,9.425171
gag_polyprotein,K98F,11.573853
gag_polyprotein,K98G,11.674164
gag_polyprotein,K98H,10.805054
gag_polyprotein,K98I,11.574432
gag_polyprotein,K98L,11.596954
gag_polyprotein,K98M,9.854462
gag_polyprotein,K98N,7.428009
gag_polyprotein,K98P,9.86142
gag_polyprotein,K98Q,6.7790527
gag_polyprotein,K98R,7.3311768
gag_polyprotein,K98S,8.798706
gag_polyprotein,K98T,7.7839355
gag_polyprotein,K98V,11.629395
gag_polyprotein,K98W,11.554932
gag_polyprotein,K98Y,11.646576
gag_polyprotein,E99A,11.344818
gag_polyprotein,E99C,12.138153
gag_polyprotein,E99D,6.9431763
gag_polyprotein,E99F,12.028076
gag_polyprotein,E99G,8.20694
gag_polyprotein,E99H,12.121735
gag_polyprotein,E99I,12.191254
gag_polyprotein,E99K,8.964813
gag_polyprotein,E99L,10.579987
gag_polyprotein,E99M,12.103516
gag_polyprotein,E99N,11.192902
gag_polyprotein,E99P,12.173492
gag_polyprotein,E99Q,10.346191
gag_polyprotein,E99R,10.459351
gag_polyprotein,E99S,12.198181
gag_polyprotein,E99T,10.995209
gag_polyprotein,E99V,10.744751
gag_polyprotein,E99W,12.115753
gag_polyprotein,E99Y,12.135376
gag_polyprotein,A100C,13.087433
gag_polyprotein,A100D,13.054871
gag_polyprotein,A100E,13.193726
gag_polyprotein,A100F,13.0920105
gag_polyprotein,A100G,11.291748
gag_polyprotein,A100H,12.998077
gag_polyprotein,A100I,11.912903
gag_polyprotein,A100K,13.090332
gag_polyprotein,A100L,10.933441
gag_polyprotein,A100M,13.038727
gag_polyprotein,A100N,13.097778
gag_polyprotein,A100P,11.76944
gag_polyprotein,A100Q,13.1432495
gag_polyprotein,A100R,13.027924
gag_polyprotein,A100S,11.080627
gag_polyprotein,A100T,10.2812195
gag_polyprotein,A100V,10.632751
gag_polyprotein,A100W,13.167999
gag_polyprotein,A100Y,13.1258545
gag_polyprotein,L101A,11.930847
gag_polyprotein,L101C,11.985504
gag_polyprotein,L101D,12.073029
gag_polyprotein,L101E,12.027832
gag_polyprotein,L101F,10.004852
gag_polyprotein,L101G,12.02887
gag_polyprotein,L101H,12.032593
gag_polyprotein,L101I,7.8000793
gag_polyprotein,L101K,12.021545
gag_polyprotein,L101M,11.704346
gag_polyprotein,L101N,12.079498
gag_polyprotein,L101P,10.370026
gag_polyprotein,L101Q,11.9114685
gag_polyprotein,L101R,10.451477
gag_polyprotein,L101S,11.207703
gag_polyprotein,L101T,11.996735
gag_polyprotein,L101V,5.7990417
gag_polyprotein,L101W,12.030304
gag_polyprotein,L101Y,12.027893
gag_polyprotein,D102A,8.23172
gag_polyprotein,D102C,9.850586
gag_polyprotein,D102E,-0.0014038086
gag_polyprotein,D102F,9.872101
gag_polyprotein,D102G,7.0329285
gag_polyprotein,D102H,9.285797
gag_polyprotein,D102I,9.857697
gag_polyprotein,D102K,6.3859253
gag_polyprotein,D102L,9.839233
gag_polyprotein,D102M,9.827942
gag_polyprotein,D102N,6.5175476
gag_polyprotein,D102P,9.868042
gag_polyprotein,D102Q,9.260742
gag_polyprotein,D102R,9.316589
gag_polyprotein,D102S,9.286133
gag_polyprotein,D102T,8.653046
gag_polyprotein,D102V,9.572327
gag_polyprotein,D102W,9.844635
gag_polyprotein,D102Y,9.278503
gag_polyprotein,K103A,9.956055
gag_polyprotein,K103C,9.92804
gag_polyprotein,K103D,10.968445
gag_polyprotein,K103E,7.992401
gag_polyprotein,K103F,11.0217285
gag_polyprotein,K103G,11.057526
gag_polyprotein,K103H,7.7500916
gag_polyprotein,K103I,8.02594
gag_polyprotein,K103L,11.008087
gag_polyprotein,K103M,6.895935
gag_polyprotein,K103N,8.842255
gag_polyprotein,K103P,9.738953
gag_polyprotein,K103Q,6.860016
gag_polyprotein,K103R,3.613556
gag_polyprotein,K103S,11.018829
gag_polyprotein,K103T,7.7864075
gag_polyprotein,K103V,9.746887
gag_polyprotein,K103W,10.060577
gag_polyprotein,K103Y,10.903717
gag_polyprotein,I104A,10.416809
gag_polyprotein,I104C,11.1622925
gag_polyprotein,I104D,11.123505
gag_polyprotein,I104E,10.363159
gag_polyprotein,I104F,11.169556
gag_polyprotein,I104G,11.247131
gag_polyprotein,I104H,11.200104
gag_polyprotein,I104K,10.652679
gag_polyprotein,I104L,5.767029
gag_polyprotein,I104M,6.9306335
gag_polyprotein,I104N,10.19162
gag_polyprotein,I104P,11.1840515
gag_polyprotein,I104Q,10.561371
gag_polyprotein,I104R,9.810791
gag_polyprotein,I104S,11.083466
gag_polyprotein,I104T,8.85611
gag_polyprotein,I104V,2.9248962
gag_polyprotein,I104W,10.450531
gag_polyprotein,I104Y,11.246643
gag_polyprotein,E105A,7.5180664
gag_polyprotein,E105C,11.617767
gag_polyprotein,E105D,9.855652
gag_polyprotein,E105F,11.55658
gag_polyprotein,E105G,7.929535
gag_polyprotein,E105H,11.675964
gag_polyprotein,E105I,11.555908
gag_polyprotein,E105K,6.825165
gag_polyprotein,E105L,11.727936
gag_polyprotein,E105M,11.685547
gag_polyprotein,E105N,11.60553
gag_polyprotein,E105P,11.561249
gag_polyprotein,E105Q,6.3783264
gag_polyprotein,E105R,10.170959
gag_polyprotein,E105S,11.710632
gag_polyprotein,E105T,11.615753
gag_polyprotein,E105V,11.491852
gag_polyprotein,E105W,10.723358
gag_polyprotein,E105Y,11.632904
gag_polyprotein,E106A,9.398132
gag_polyprotein,E106C,12.458923
gag_polyprotein,E106D,9.818573
gag_polyprotein,E106F,12.417511
gag_polyprotein,E106G,8.97403
gag_polyprotein,E106H,12.472595
gag_polyprotein,E106I,12.480133
gag_polyprotein,E106K,6.686249
gag_polyprotein,E106L,11.657227
gag_polyprotein,E106M,12.435699
gag_polyprotein,E106N,12.461212
gag_polyprotein,E106P,11.571869
gag_polyprotein,E106Q,10.602386
gag_polyprotein,E106R,11.442688
gag_polyprotein,E106S,11.471497
gag_polyprotein,E106T,12.372955
gag_polyprotein,E106V,10.760254
gag_polyprotein,E106W,12.497437
gag_polyprotein,E106Y,12.362061
gag_polyprotein,E107A,8.739227
gag_polyprotein,E107C,13.03833
gag_polyprotein,E107D,10.261963
gag_polyprotein,E107F,13.003479
gag_polyprotein,E107G,9.925995
gag_polyprotein,E107H,13.034119
gag_polyprotein,E107I,8.35968
gag_polyprotein,E107K,9.1484375
gag_polyprotein,E107L,9.109192
gag_polyprotein,E107M,8.995361
gag_polyprotein,E107N,12.057556
gag_polyprotein,E107P,12.310028
gag_polyprotein,E107Q,10.717163
gag_polyprotein,E107R,10.185272
gag_polyprotein,E107S,10.954651
gag_polyprotein,E107T,11.581604
gag_polyprotein,E107V,8.07608
gag_polyprotein,E107W,13.127197
gag_polyprotein,E107Y,13.049957
gag_polyprotein,Q108A,11.765137
gag_polyprotein,Q108C,11.842529
gag_polyprotein,Q108D,11.791412
gag_polyprotein,Q108E,9.325653
gag_polyprotein,Q108F,11.7578125
gag_polyprotein,Q108G,11.817139
gag_polyprotein,Q108H,9.371643
gag_polyprotein,Q108I,11.713654
gag_polyprotein,Q108K,6.46286
gag_polyprotein,Q108L,10.240173
gag_polyprotein,Q108M,11.074768
gag_polyprotein,Q108N,10.501465
gag_polyprotein,Q108P,10.726898
gag_polyprotein,Q108R,6.41864
gag_polyprotein,Q108S,11.857819
gag_polyprotein,Q108T,10.507141
gag_polyprotein,Q108V,11.779205
gag_polyprotein,Q108W,10.6492
gag_polyprotein,Q108Y,11.338654
gag_polyprotein,N109A,7.275543
gag_polyprotein,N109C,10.624176
gag_polyprotein,N109D,5.9844666
gag_polyprotein,N109E,8.162781
gag_polyprotein,N109F,11.558502
gag_polyprotein,N109G,9.275726
gag_polyprotein,N109H,8.378754
gag_polyprotein,N109I,8.123138
gag_polyprotein,N109K,6.60968
gag_polyprotein,N109L,11.49295
gag_polyprotein,N109M,11.492126
gag_polyprotein,N109P,10.803589
gag_polyprotein,N109Q,8.763306
gag_polyprotein,N109R,9.122681
gag_polyprotein,N109S,4.867523
gag_polyprotein,N109T,6.7178345
gag_polyprotein,N109V,11.5035095
gag_polyprotein,N109W,11.455383
gag_polyprotein,N109Y,10.014404
gag_polyprotein,K110A,9.68396
gag_polyprotein,K110C,11.180969
gag_polyprotein,K110D,11.264404
gag_polyprotein,K110E,5.44693
gag_polyprotein,K110F,11.125305
gag_polyprotein,K110G,9.361053
gag_polyprotein,K110H,11.038116
gag_polyprotein,K110I,8.596741
gag_polyprotein,K110L,11.143097
gag_polyprotein,K110M,10.236572
gag_polyprotein,K110N,5.7527466
gag_polyprotein,K110P,11.142059
gag_polyprotein,K110Q,6.1497803
gag_polyprotein,K110R,5.298004
gag_polyprotein,K110S,9.341278
gag_polyprotein,K110T,7.862976
gag_polyprotein,K110V,11.191956
gag_polyprotein,K110W,11.216949
gag_polyprotein,K110Y,11.095215
gag_polyprotein,S111A,7.9078064
gag_polyprotein,S111C,4.059723
gag_polyprotein,S111D,9.545959
gag_polyprotein,S111E,9.298828
gag_polyprotein,S111F,8.796783
gag_polyprotein,S111G,6.133606
gag_polyprotein,S111H,8.496399
gag_polyprotein,S111I,5.357239
gag_polyprotein,S111K,7.9703064
gag_polyprotein,S111L,10.974884
gag_polyprotein,S111M,8.593079
gag_polyprotein,S111N,5.8279114
gag_polyprotein,S111P,11.161255
gag_polyprotein,S111Q,8.699951
gag_polyprotein,S111R,6.8945923
gag_polyprotein,S111T,8.049927
gag_polyprotein,S111V,6.966339
gag_polyprotein,S111W,11.093628
gag_polyprotein,S111Y,8.494293
gag_polyprotein,K112A,9.378204
gag_polyprotein,K112C,11.698944
gag_polyprotein,K112D,11.647186
gag_polyprotein,K112E,7.7954407
gag_polyprotein,K112F,10.6875
gag_polyprotein,K112G,10.917236
gag_polyprotein,K112H,10.900726
gag_polyprotein,K112I,10.497284
gag_polyprotein,K112L,10.489746
gag_polyprotein,K112M,8.621887
gag_polyprotein,K112N,7.0585938
gag_polyprotein,K112P,10.207367
gag_polyprotein,K112Q,6.854553
gag_polyprotein,K112R,6.7039795
gag_polyprotein,K112S,10.056427
gag_polyprotein,K112T,8.208649
gag_polyprotein,K112V,11.656036
gag_polyprotein,K112W,11.010681
gag_polyprotein,K112Y,11.034058
gag_polyprotein,K113A,7.9937134
gag_polyprotein,K113C,9.982605
gag_polyprotein,K113D,10.111633
gag_polyprotein,K113E,4.707245
gag_polyprotein,K113F,9.878479
gag_polyprotein,K113G,10.252991
gag_polyprotein,K113H,8.515839
gag_polyprotein,K113I,10.776703
gag_polyprotein,K113L,9.068146
gag_polyprotein,K113M,8.786865
gag_polyprotein,K113N,6.6185913
gag_polyprotein,K113P,8.166077
gag_polyprotein,K113Q,4.753357
gag_polyprotein,K113R,5.3641663
gag_polyprotein,K113S,7.923218
gag_polyprotein,K113T,6.8157654
gag_polyprotein,K113V,9.274628
gag_polyprotein,K113W,10.780457
gag_polyprotein,K113Y,10.735443
gag_polyprotein,K114A,6.204193
gag_polyprotein,K114C,10.600128
gag_polyprotein,K114D,10.032196
gag_polyprotein,K114E,6.840393
gag_polyprotein,K114F,10.716522
gag_polyprotein,K114G,7.5329895
gag_polyprotein,K114H,10.667572
gag_polyprotein,K114I,8.602356
gag_polyprotein,K114L,10.094147
gag_polyprotein,K114M,7.3983765
gag_polyprotein,K114N,6.1740723
gag_polyprotein,K114P,9.595581
gag_polyprotein,K114Q,5.1482544
gag_polyprotein,K114R,3.3865356
gag_polyprotein,K114S,9.399628
gag_polyprotein,K114T,6.2102966
gag_polyprotein,K114V,9.506683
gag_polyprotein,K114W,10.697266
gag_polyprotein,K114Y,10.6414795
gag_polyprotein,A115C,9.583862
gag_polyprotein,A115D,9.998077
gag_polyprotein,A115E,4.6983337
gag_polyprotein,A115F,11.075287
gag_polyprotein,A115G,8.704803
gag_polyprotein,A115H,10.567871
gag_polyprotein,A115I,7.0309753
gag_polyprotein,A115K,7.4747925
gag_polyprotein,A115L,9.088013
gag_polyprotein,A115M,7.7814026
gag_polyprotein,A115N,9.4817505
gag_polyprotein,A115P,8.3003845
gag_polyprotein,A115Q,7.7665405
gag_polyprotein,A115R,9.093597
gag_polyprotein,A115S,8.111511
gag_polyprotein,A115T,3.870575
gag_polyprotein,A115V,4.279175
gag_polyprotein,A115W,11.117157
gag_polyprotein,A115Y,11.094177
gag_polyprotein,Q116A,8.178986
gag_polyprotein,Q116C,11.950012
gag_polyprotein,Q116D,10.712219
gag_polyprotein,Q116E,7.654175
gag_polyprotein,Q116F,11.933228
gag_polyprotein,Q116G,10.47583
gag_polyprotein,Q116H,9.596527
gag_polyprotein,Q116I,11.20108
gag_polyprotein,Q116K,7.4474792
gag_polyprotein,Q116L,10.556305
gag_polyprotein,Q116M,10.247101
gag_polyprotein,Q116N,10.114532
gag_polyprotein,Q116P,6.431732
gag_polyprotein,Q116R,8.101746
gag_polyprotein,Q116S,10.061615
gag_polyprotein,Q116T,9.419312
gag_polyprotein,Q116V,11.961334
gag_polyprotein,Q116W,11.858063
gag_polyprotein,Q116Y,11.988556
gag_polyprotein,Q117A,5.8404846
gag_polyprotein,Q117C,11.11438
gag_polyprotein,Q117D,9.357086
gag_polyprotein,Q117E,7.79245
gag_polyprotein,Q117F,11.139832
gag_polyprotein,Q117G,11.038208
gag_polyprotein,Q117H,7.454254
gag_polyprotein,Q117I,11.1475525
gag_polyprotein,Q117K,6.4451904
gag_polyprotein,Q117L,7.203003
gag_polyprotein,Q117M,9.929565
gag_polyprotein,Q117N,9.373871
gag_polyprotein,Q117P,4.866852
gag_polyprotein,Q117R,7.480194
gag_polyprotein,Q117S,8.564941
gag_polyprotein,Q117T,8.467926
gag_polyprotein,Q117V,9.625916
gag_polyprotein,Q117W,11.173645
gag_polyprotein,Q117Y,11.068481
gag_polyprotein,A118C,11.122986
gag_polyprotein,A118D,9.02713
gag_polyprotein,A118E,6.3019714
gag_polyprotein,A118F,11.066223
gag_polyprotein,A118G,8.755615
gag_polyprotein,A118H,10.446472
gag_polyprotein,A118I,8.902954
gag_polyprotein,A118K,6.728302
gag_polyprotein,A118L,10.015228
gag_polyprotein,A118M,10.087952
gag_polyprotein,A118N,11.084259
gag_polyprotein,A118P,7.6022034
gag_polyprotein,A118Q,7.971161
gag_polyprotein,A118R,10.97168
gag_polyprotein,A118S,8.160034
gag_polyprotein,A118T,3.9033508
gag_polyprotein,A118V,5.377533
gag_polyprotein,A118W,11.027466
gag_polyprotein,A118Y,11.027252
gag_polyprotein,A119C,11.321411
gag_polyprotein,A119D,7.690155
gag_polyprotein,A119E,5.4617004
gag_polyprotein,A119F,11.245575
gag_polyprotein,A119G,8.007751
gag_polyprotein,A119H,11.251404
gag_polyprotein,A119I,9.64209
gag_polyprotein,A119K,7.415497
gag_polyprotein,A119L,11.272095
gag_polyprotein,A119M,11.278839
gag_polyprotein,A119N,9.185791
gag_polyprotein,A119P,8.519684
gag_polyprotein,A119Q,7.5917053
gag_polyprotein,A119R,9.445831
gag_polyprotein,A119S,7.596344
gag_polyprotein,A119T,3.7926025
gag_polyprotein,A119V,5.1702576
gag_polyprotein,A119W,11.282532
gag_polyprotein,A119Y,11.199432
gag_polyprotein,A120C,10.851227
gag_polyprotein,A120D,6.9223022
gag_polyprotein,A120E,8.228088
gag_polyprotein,A120F,11.52771
gag_polyprotein,A120G,7.184265
gag_polyprotein,A120H,11.5190735
gag_polyprotein,A120I,9.808899
gag_polyprotein,A120K,8.708649
gag_polyprotein,A120L,10.423309
gag_polyprotein,A120M,10.177277
gag_polyprotein,A120N,8.317352
gag_polyprotein,A120P,7.3822327
gag_polyprotein,A120Q,8.1371765
gag_polyprotein,A120R,10.59668
gag_polyprotein,A120S,9.334137
gag_polyprotein,A120T,4.539673
gag_polyprotein,A120V,7.7549133
gag_polyprotein,A120W,11.588501
gag_polyprotein,A120Y,10.7829895
gag_polyprotein,D121A,3.9381104
gag_polyprotein,D121C,8.980133
gag_polyprotein,D121E,6.453308
gag_polyprotein,D121F,10.6214905
gag_polyprotein,D121G,2.654663
gag_polyprotein,D121H,10.037262
gag_polyprotein,D121I,10.588989
gag_polyprotein,D121K,8.601959
gag_polyprotein,D121L,10.613251
gag_polyprotein,D121M,10.124084
gag_polyprotein,D121N,3.5153503
gag_polyprotein,D121P,8.876251
gag_polyprotein,D121Q,7.4135437
gag_polyprotein,D121R,10.062439
gag_polyprotein,D121S,5.616791
gag_polyprotein,D121T,6.940857
gag_polyprotein,D121V,8.164856
gag_polyprotein,D121W,10.042297
gag_polyprotein,D121Y,10.643616
gag_polyprotein,T122A,2.38443
gag_polyprotein,T122C,10.784302
gag_polyprotein,T122D,7.6532288
gag_polyprotein,T122E,6.621399
gag_polyprotein,T122F,10.860626
gag_polyprotein,T122G,7.5903015
gag_polyprotein,T122H,10.848999
gag_polyprotein,T122I,5.77124
gag_polyprotein,T122K,5.1931763
gag_polyprotein,T122L,8.505676
gag_polyprotein,T122M,8.217346
gag_polyprotein,T122N,8.72287
gag_polyprotein,T122P,5.0091248
gag_polyprotein,T122Q,8.382477
gag_polyprotein,T122R,7.1162415
gag_polyprotein,T122S,5.9305115
gag_polyprotein,T122V,6.845001
gag_polyprotein,T122W,10.810852
gag_polyprotein,T122Y,10.251984
gag_polyprotein,G123A,5.115967
gag_polyprotein,G123C,10.488037
gag_polyprotein,G123D,7.341461
gag_polyprotein,G123E,4.081665
gag_polyprotein,G123F,10.525879
gag_polyprotein,G123H,10.5372925
gag_polyprotein,G123I,9.433105
gag_polyprotein,G123K,5.3038635
gag_polyprotein,G123L,10.545349
gag_polyprotein,G123M,10.053223
gag_polyprotein,G123N,6.8994446
gag_polyprotein,G123P,8.332733
gag_polyprotein,G123Q,8.588776
gag_polyprotein,G123R,4.552246
gag_polyprotein,G123S,7.458374
gag_polyprotein,G123T,7.0650024
gag_polyprotein,G123V,6.90213
gag_polyprotein,G123W,10.539215
gag_polyprotein,G123Y,10.487366
gag_polyprotein,N124A,7.115906
gag_polyprotein,N124C,8.002686
gag_polyprotein,N124D,4.73053
gag_polyprotein,N124E,7.4114075
gag_polyprotein,N124F,9.45459
gag_polyprotein,N124G,7.190277
gag_polyprotein,N124H,5.2793274
gag_polyprotein,N124I,9.018585
gag_polyprotein,N124K,3.6329956
gag_polyprotein,N124L,10.13501
gag_polyprotein,N124M,10.018005
gag_polyprotein,N124P,7.45813
gag_polyprotein,N124Q,7.624298
gag_polyprotein,N124R,8.061005
gag_polyprotein,N124S,3.1075134
gag_polyprotein,N124T,4.8728027
gag_polyprotein,N124V,8.446503
gag_polyprotein,N124W,10.048065
gag_polyprotein,N124Y,10.005432
gag_polyprotein,N125A,5.735443
gag_polyprotein,N125C,7.139038
gag_polyprotein,N125D,4.0946045
gag_polyprotein,N125E,7.517395
gag_polyprotein,N125F,7.942383
gag_polyprotein,N125G,2.7018127
gag_polyprotein,N125H,5.24942
gag_polyprotein,N125I,5.8068237
gag_polyprotein,N125K,2.9806824
gag_polyprotein,N125L,7.986084
gag_polyprotein,N125M,8.06073
gag_polyprotein,N125P,7.2757263
gag_polyprotein,N125Q,7.007019
gag_polyprotein,N125R,3.4970093
gag_polyprotein,N125S,-2.3785706
gag_polyprotein,N125T,3.312317
gag_polyprotein,N125V,6.567505
gag_polyprotein,N125W,8.002289
gag_polyprotein,N125Y,7.431122
gag_polyprotein,S126A,8.696381
gag_polyprotein,S126C,8.315918
gag_polyprotein,S126D,7.982544
gag_polyprotein,S126E,8.017059
gag_polyprotein,S126F,10.242004
gag_polyprotein,S126G,4.070801
gag_polyprotein,S126H,10.219971
gag_polyprotein,S126I,8.643402
gag_polyprotein,S126K,4.3795166
gag_polyprotein,S126L,10.231354
gag_polyprotein,S126M,9.665955
gag_polyprotein,S126N,2.610138
gag_polyprotein,S126P,10.267456
gag_polyprotein,S126Q,8.125214
gag_polyprotein,S126R,4.615509
gag_polyprotein,S126T,6.969879
gag_polyprotein,S126V,9.185669
gag_polyprotein,S126W,10.3697815
gag_polyprotein,S126Y,9.512604
gag_polyprotein,Q127A,7.5230713
gag_polyprotein,Q127C,10.44455
gag_polyprotein,Q127D,10.080414
gag_polyprotein,Q127E,7.503174
gag_polyprotein,Q127F,9.894745
gag_polyprotein,Q127G,8.043945
gag_polyprotein,Q127H,6.3593445
gag_polyprotein,Q127I,8.814941
gag_polyprotein,Q127K,2.8205261
gag_polyprotein,Q127L,8.675781
gag_polyprotein,Q127M,8.847778
gag_polyprotein,Q127N,4.681244
gag_polyprotein,Q127P,4.0625
gag_polyprotein,Q127R,7.550171
gag_polyprotein,Q127S,6.1419983
gag_polyprotein,Q127T,5.9165344
gag_polyprotein,Q127V,8.300568
gag_polyprotein,Q127W,10.442017
gag_polyprotein,Q127Y,9.905762
gag_polyprotein,V128A,4.014984
gag_polyprotein,V128C,8.835663
gag_polyprotein,V128D,8.022522
gag_polyprotein,V128E,8.697632
gag_polyprotein,V128F,8.392059
gag_polyprotein,V128G,6.1493835
gag_polyprotein,V128H,10.827698
gag_polyprotein,V128I,4.883789
gag_polyprotein,V128K,9.48764
gag_polyprotein,V128L,8.266388
gag_polyprotein,V128M,10.268127
gag_polyprotein,V128N,8.686737
gag_polyprotein,V128P,9.062134
gag_polyprotein,V128Q,9.926392
gag_polyprotein,V128R,10.853088
gag_polyprotein,V128S,6.4824524
gag_polyprotein,V128T,5.703003
gag_polyprotein,V128W,10.697388
gag_polyprotein,V128Y,10.794403
gag_polyprotein,S129A,12.55603
gag_polyprotein,S129C,12.6987915
gag_polyprotein,S129D,11.674927
gag_polyprotein,S129E,12.637756
gag_polyprotein,S129F,12.63623
gag_polyprotein,S129G,9.164276
gag_polyprotein,S129H,12.625458
gag_polyprotein,S129I,10.18927
gag_polyprotein,S129K,12.877014
gag_polyprotein,S129L,12.622528
gag_polyprotein,S129M,12.683807
gag_polyprotein,S129N,9.894501
gag_polyprotein,S129P,11.647491
gag_polyprotein,S129Q,12.647583
gag_polyprotein,S129R,10.074738
gag_polyprotein,S129T,10.1297
gag_polyprotein,S129V,11.772156
gag_polyprotein,S129W,12.603546
gag_polyprotein,S129Y,11.675018
gag_polyprotein,Q130A,11.135986
gag_polyprotein,Q130C,9.724884
gag_polyprotein,Q130D,11.214111
gag_polyprotein,Q130E,10.170593
gag_polyprotein,Q130F,11.144226
gag_polyprotein,Q130G,10.070221
gag_polyprotein,Q130H,4.573639
gag_polyprotein,Q130I,11.215485
gag_polyprotein,Q130K,7.157379
gag_polyprotein,Q130L,8.041382
gag_polyprotein,Q130M,11.157196
gag_polyprotein,Q130N,11.185669
gag_polyprotein,Q130P,9.853516
gag_polyprotein,Q130R,5.440033
gag_polyprotein,Q130S,10.271454
gag_polyprotein,Q130T,10.192627
gag_polyprotein,Q130V,10.16153
gag_polyprotein,Q130W,11.157776
gag_polyprotein,Q130Y,8.719666
gag_polyprotein,N131A,13.05368
gag_polyprotein,N131C,13.026215
gag_polyprotein,N131D,9.458832
gag_polyprotein,N131E,13.098022
gag_polyprotein,N131F,13.0711975
gag_polyprotein,N131G,13.090088
gag_polyprotein,N131H,11.305603
gag_polyprotein,N131I,10.304352
gag_polyprotein,N131K,12.039764
gag_polyprotein,N131L,13.020752
gag_polyprotein,N131M,13.056091
gag_polyprotein,N131P,13.092773
gag_polyprotein,N131Q,13.000214
gag_polyprotein,N131R,12.985138
gag_polyprotein,N131S,10.575226
gag_polyprotein,N131T,12.990601
gag_polyprotein,N131V,13.049286
gag_polyprotein,N131W,13.141052
gag_polyprotein,N131Y,11.080933
gag_polyprotein,Y132A,10.906738
gag_polyprotein,Y132C,9.633881
gag_polyprotein,Y132D,10.917603
gag_polyprotein,Y132E,11.627197
gag_polyprotein,Y132F,3.9806519
gag_polyprotein,Y132G,11.474182
gag_polyprotein,Y132H,9.716095
gag_polyprotein,Y132I,10.463226
gag_polyprotein,Y132K,11.539978
gag_polyprotein,Y132L,10.46283
gag_polyprotein,Y132M,11.599731
gag_polyprotein,Y132N,10.8289795
gag_polyprotein,Y132P,11.677948
gag_polyprotein,Y132Q,11.697968
gag_polyprotein,Y132R,11.621002
gag_polyprotein,Y132S,10.417328
gag_polyprotein,Y132T,11.686218
gag_polyprotein,Y132V,11.661316
gag_polyprotein,Y132W,10.884399
gag_polyprotein,P133A,10.837677
gag_polyprotein,P133C,13.086731
gag_polyprotein,P133D,13.278961
gag_polyprotein,P133E,11.9953
gag_polyprotein,P133F,13.229614
gag_polyprotein,P133G,13.195496
gag_polyprotein,P133H,13.234314
gag_polyprotein,P133I,13.203613
gag_polyprotein,P133K,13.252899
gag_polyprotein,P133L,10.917206
gag_polyprotein,P133M,13.240662
gag_polyprotein,P133N,11.230774
gag_polyprotein,P133Q,13.195404
gag_polyprotein,P133R,13.216766
gag_polyprotein,P133S,10.732788
gag_polyprotein,P133T,13.181793
gag_polyprotein,P133V,13.206451
gag_polyprotein,P133W,13.169922
gag_polyprotein,P133Y,13.282684
gag_polyprotein,I134A,12.1553955
gag_polyprotein,I134C,12.242249
gag_polyprotein,I134D,12.193726
gag_polyprotein,I134E,12.301544
gag_polyprotein,I134F,11.350739
gag_polyprotein,I134G,12.186005
gag_polyprotein,I134H,11.392944
gag_polyprotein,I134K,10.469025
gag_polyprotein,I134L,7.470398
gag_polyprotein,I134M,10.367279
gag_polyprotein,I134N,12.243103
gag_polyprotein,I134P,12.108704
gag_polyprotein,I134Q,12.174042
gag_polyprotein,I134R,12.175629
gag_polyprotein,I134S,11.390289
gag_polyprotein,I134T,10.139404
gag_polyprotein,I134V,6.504364
gag_polyprotein,I134W,12.201233
gag_polyprotein,I134Y,11.4687805
gag_polyprotein,V135A,10.703125
gag_polyprotein,V135C,12.04068
gag_polyprotein,V135D,12.973267
gag_polyprotein,V135E,12.831024
gag_polyprotein,V135F,12.905701
gag_polyprotein,V135G,10.059265
gag_polyprotein,V135H,12.928101
gag_polyprotein,V135I,8.812958
gag_polyprotein,V135K,12.007904
gag_polyprotein,V135L,9.950623
gag_polyprotein,V135M,10.019104
gag_polyprotein,V135N,12.91687
gag_polyprotein,V135P,12.995514
gag_polyprotein,V135Q,12.170349
gag_polyprotein,V135R,12.04483
gag_polyprotein,V135S,11.533356
gag_polyprotein,V135T,11.970367
gag_polyprotein,V135W,12.03183
gag_polyprotein,V135Y,12.866028
gag_polyprotein,Q136A,10.39566
gag_polyprotein,Q136C,12.138519
gag_polyprotein,Q136D,12.092255
gag_polyprotein,Q136E,11.208466
gag_polyprotein,Q136F,12.041351
gag_polyprotein,Q136G,11.160858
gag_polyprotein,Q136H,9.217102
gag_polyprotein,Q136I,12.049133
gag_polyprotein,Q136K,9.490997
gag_polyprotein,Q136L,12.052704
gag_polyprotein,Q136M,12.058777
gag_polyprotein,Q136N,12.115845
gag_polyprotein,Q136P,9.570831
gag_polyprotein,Q136R,5.4511414
gag_polyprotein,Q136S,10.374054
gag_polyprotein,Q136T,9.554749
gag_polyprotein,Q136V,12.074982
gag_polyprotein,Q136W,12.048553
gag_polyprotein,Q136Y,12.038696
gag_polyprotein,N137A,12.880707
gag_polyprotein,N137C,12.809296
gag_polyprotein,N137D,9.580994
gag_polyprotein,N137E,12.764404
gag_polyprotein,N137F,12.814606
gag_polyprotein,N137G,10.309692
gag_polyprotein,N137H,12.869904
gag_polyprotein,N137I,11.831665
gag_polyprotein,N137K,9.404022
gag_polyprotein,N137L,12.833069
gag_polyprotein,N137M,11.729431
gag_polyprotein,N137P,12.742706
gag_polyprotein,N137Q,11.867706
gag_polyprotein,N137R,12.863251
gag_polyprotein,N137S,8.628265
gag_polyprotein,N137T,11.1094055
gag_polyprotein,N137V,12.905273
gag_polyprotein,N137W,12.781952
gag_polyprotein,N137Y,12.816498
gag_polyprotein,L138A,5.2761536
gag_polyprotein,L138C,8.743347
gag_polyprotein,L138D,9.657257
gag_polyprotein,L138E,9.610291
gag_polyprotein,L138F,7.0090637
gag_polyprotein,L138G,8.289124
gag_polyprotein,L138H,5.5171204
gag_polyprotein,L138I,1.632843
gag_polyprotein,L138K,9.602844
gag_polyprotein,L138M,1.7931519
gag_polyprotein,L138N,7.375244
gag_polyprotein,L138P,7.063629
gag_polyprotein,L138Q,7.9315796
gag_polyprotein,L138R,9.14328
gag_polyprotein,L138S,4.8292236
gag_polyprotein,L138T,6.784149
gag_polyprotein,L138V,4.5488586
gag_polyprotein,L138W,9.639404
gag_polyprotein,L138Y,9.649933
gag_polyprotein,Q139A,12.847992
gag_polyprotein,Q139C,12.773041
gag_polyprotein,Q139D,12.80896
gag_polyprotein,Q139E,12.773071
gag_polyprotein,Q139F,12.833527
gag_polyprotein,Q139G,12.791962
gag_polyprotein,Q139H,10.913239
gag_polyprotein,Q139I,12.947632
gag_polyprotein,Q139K,10.71582
gag_polyprotein,Q139L,11.734955
gag_polyprotein,Q139M,10.100098
gag_polyprotein,Q139N,12.840088
gag_polyprotein,Q139P,9.745483
gag_polyprotein,Q139R,9.557251
gag_polyprotein,Q139S,12.911804
gag_polyprotein,Q139T,11.802002
gag_polyprotein,Q139V,12.89621
gag_polyprotein,Q139W,12.870575
gag_polyprotein,Q139Y,12.86264
gag_polyprotein,G140A,13.522156
gag_polyprotein,G140C,13.630066
gag_polyprotein,G140D,12.256775
gag_polyprotein,G140E,12.24884
gag_polyprotein,G140F,13.437653
gag_polyprotein,G140H,13.528656
gag_polyprotein,G140I,13.54834
gag_polyprotein,G140K,13.560089
gag_polyprotein,G140L,13.418854
gag_polyprotein,G140M,13.535126
gag_polyprotein,G140N,13.568024
gag_polyprotein,G140P,13.519928
gag_polyprotein,G140Q,13.488495
gag_polyprotein,G140R,10.264465
gag_polyprotein,G140S,13.476379
gag_polyprotein,G140T,13.6432495
gag_polyprotein,G140V,12.231293
gag_polyprotein,G140W,13.20285
gag_polyprotein,G140Y,13.447937
gag_polyprotein,Q141A,10.661438
gag_polyprotein,Q141C,12.68454
gag_polyprotein,Q141D,12.9216
gag_polyprotein,Q141E,11.123505
gag_polyprotein,Q141F,12.7977295
gag_polyprotein,Q141G,11.716644
gag_polyprotein,Q141H,9.3342285
gag_polyprotein,Q141I,12.735138
gag_polyprotein,Q141K,10.9913025
gag_polyprotein,Q141L,10.8819275
gag_polyprotein,Q141M,12.685455
gag_polyprotein,Q141N,11.772919
gag_polyprotein,Q141P,10.654785
gag_polyprotein,Q141R,9.372253
gag_polyprotein,Q141S,12.801361
gag_polyprotein,Q141T,11.738403
gag_polyprotein,Q141V,12.666504
gag_polyprotein,Q141W,12.798401
gag_polyprotein,Q141Y,12.797852
gag_polyprotein,M142A,8.588898
gag_polyprotein,M142C,12.071381
gag_polyprotein,M142D,12.193848
gag_polyprotein,M142E,12.145172
gag_polyprotein,M142F,10.57193
gag_polyprotein,M142G,12.076904
gag_polyprotein,M142H,8.295044
gag_polyprotein,M142I,9.683624
gag_polyprotein,M142K,11.355896
gag_polyprotein,M142L,8.475067
gag_polyprotein,M142N,11.424774
gag_polyprotein,M142P,8.216248
gag_polyprotein,M142Q,10.641754
gag_polyprotein,M142R,10.049286
gag_polyprotein,M142S,10.865051
gag_polyprotein,M142T,10.0008545
gag_polyprotein,M142V,8.99231
gag_polyprotein,M142W,9.013153
gag_polyprotein,M142Y,11.310791
gag_polyprotein,V143A,8.986206
gag_polyprotein,V143C,12.057556
gag_polyprotein,V143D,12.164978
gag_polyprotein,V143E,11.435791
gag_polyprotein,V143F,11.351593
gag_polyprotein,V143G,9.979797
gag_polyprotein,V143H,12.171631
gag_polyprotein,V143I,6.0636597
gag_polyprotein,V143K,12.129822
gag_polyprotein,V143L,10.444031
gag_polyprotein,V143M,8.301483
gag_polyprotein,V143N,12.211395
gag_polyprotein,V143P,11.404053
gag_polyprotein,V143Q,10.936066
gag_polyprotein,V143R,12.066315
gag_polyprotein,V143S,9.891937
gag_polyprotein,V143T,6.8045044
gag_polyprotein,V143W,12.10437
gag_polyprotein,V143Y,12.061401
gag_polyprotein,H144A,12.574097
gag_polyprotein,H144C,12.564789
gag_polyprotein,H144D,12.582916
gag_polyprotein,H144E,12.53598
gag_polyprotein,H144F,12.546051
gag_polyprotein,H144G,12.5104065
gag_polyprotein,H144I,12.57962
gag_polyprotein,H144K,11.699829
gag_polyprotein,H144L,9.444763
gag_polyprotein,H144M,12.518951
gag_polyprotein,H144N,11.256836
gag_polyprotein,H144P,10.190704
gag_polyprotein,H144Q,10.101288
gag_polyprotein,H144R,9.32074
gag_polyprotein,H144S,11.828705
gag_polyprotein,H144T,11.82959
gag_polyprotein,H144V,12.572601
gag_polyprotein,H144W,12.532959
gag_polyprotein,H144Y,7.264862
gag_polyprotein,Q145A,12.928162
gag_polyprotein,Q145C,12.94278
gag_polyprotein,Q145D,12.903778
gag_polyprotein,Q145E,12.024628
gag_polyprotein,Q145F,12.94693
gag_polyprotein,Q145G,12.907593
gag_polyprotein,Q145H,9.375977
gag_polyprotein,Q145I,12.845215
gag_polyprotein,Q145K,11.930359
gag_polyprotein,Q145L,11.660065
gag_polyprotein,Q145M,12.087189
gag_polyprotein,Q145N,9.544098
gag_polyprotein,Q145P,9.876129
gag_polyprotein,Q145R,10.624878
gag_polyprotein,Q145S,10.244476
gag_polyprotein,Q145T,11.416351
gag_polyprotein,Q145V,10.5928955
gag_polyprotein,Q145W,12.939758
gag_polyprotein,Q145Y,12.941437
gag_polyprotein,A146C,9.808533
gag_polyprotein,A146D,10.345154
gag_polyprotein,A146E,10.411682
gag_polyprotein,A146F,11.108826
gag_polyprotein,A146G,9.637604
gag_polyprotein,A146H,9.336639
gag_polyprotein,A146I,11.044647
gag_polyprotein,A146K,11.04895
gag_polyprotein,A146L,10.014557
gag_polyprotein,A146M,11.039856
gag_polyprotein,A146N,5.981781
gag_polyprotein,A146P,1.7849426
gag_polyprotein,A146Q,11.071381
gag_polyprotein,A146R,9.813843
gag_polyprotein,A146S,4.234955
gag_polyprotein,A146T,6.3754272
gag_polyprotein,A146V,8.570892
gag_polyprotein,A146W,10.994019
gag_polyprotein,A146Y,10.481232
gag_polyprotein,I147A,10.156555
gag_polyprotein,I147C,11.033661
gag_polyprotein,I147D,11.076355
gag_polyprotein,I147E,11.064453
gag_polyprotein,I147F,8.847229
gag_polyprotein,I147G,11.016083
gag_polyprotein,I147H,11.113861
gag_polyprotein,I147K,11.078125
gag_polyprotein,I147L,1.9476929
gag_polyprotein,I147M,4.7620544
gag_polyprotein,I147N,11.11792
gag_polyprotein,I147P,10.102783
gag_polyprotein,I147Q,11.102081
gag_polyprotein,I147R,11.045532
gag_polyprotein,I147S,9.816345
gag_polyprotein,I147T,9.586426
gag_polyprotein,I147V,7.1608276
gag_polyprotein,I147W,10.431305
gag_polyprotein,I147Y,10.5338745
gag_polyprotein,S148A,5.6383057
gag_polyprotein,S148C,11.530701
gag_polyprotein,S148D,11.565338
gag_polyprotein,S148E,10.81958
gag_polyprotein,S148F,11.485535
gag_polyprotein,S148G,11.601837
gag_polyprotein,S148H,10.852264
gag_polyprotein,S148I,10.782806
gag_polyprotein,S148K,11.616669
gag_polyprotein,S148L,11.579193
gag_polyprotein,S148M,11.554016
gag_polyprotein,S148N,11.561981
gag_polyprotein,S148P,8.608215
gag_polyprotein,S148Q,10.848389
gag_polyprotein,S148R,11.576202
gag_polyprotein,S148T,5.2457886
gag_polyprotein,S148V,11.614502
gag_polyprotein,S148W,11.639313
gag_polyprotein,S148Y,10.738678
gag_polyprotein,P149A,6.7085266
gag_polyprotein,P149C,12.485626
gag_polyprotein,P149D,12.546631
gag_polyprotein,P149E,12.4844055
gag_polyprotein,P149F,11.609985
gag_polyprotein,P149G,12.580719
gag_polyprotein,P149H,12.508667
gag_polyprotein,P149I,12.531464
gag_polyprotein,P149K,12.518158
gag_polyprotein,P149L,10.568451
gag_polyprotein,P149M,12.563782
gag_polyprotein,P149N,12.517212
gag_polyprotein,P149Q,12.51059
gag_polyprotein,P149R,12.5842285
gag_polyprotein,P149S,10.20343
gag_polyprotein,P149T,11.557556
gag_polyprotein,P149V,12.506592
gag_polyprotein,P149W,12.504517
gag_polyprotein,P149Y,12.412476
gag_polyprotein,R150A,11.336945
gag_polyprotein,R150C,12.266388
gag_polyprotein,R150D,12.328857
gag_polyprotein,R150E,11.289764
gag_polyprotein,R150F,12.292908
gag_polyprotein,R150G,9.131195
gag_polyprotein,R150H,12.306854
gag_polyprotein,R150I,11.035339
gag_polyprotein,R150K,7.472687
gag_polyprotein,R150L,12.34729
gag_polyprotein,R150M,12.370361
gag_polyprotein,R150N,12.346344
gag_polyprotein,R150P,12.2942505
gag_polyprotein,R150Q,12.3871765
gag_polyprotein,R150S,11.262146
gag_polyprotein,R150T,8.830231
gag_polyprotein,R150V,12.372681
gag_polyprotein,R150W,12.332794
gag_polyprotein,R150Y,11.3558655
gag_polyprotein,T151A,9.578339
gag_polyprotein,T151C,13.2317505
gag_polyprotein,T151D,13.143768
gag_polyprotein,T151E,13.166779
gag_polyprotein,T151F,13.12207
gag_polyprotein,T151G,13.221008
gag_polyprotein,T151H,13.185028
gag_polyprotein,T151I,10.769379
gag_polyprotein,T151K,13.185425
gag_polyprotein,T151L,11.962006
gag_polyprotein,T151M,13.086945
gag_polyprotein,T151N,11.247803
gag_polyprotein,T151P,11.125122
gag_polyprotein,T151Q,13.0191345
gag_polyprotein,T151R,13.190887
gag_polyprotein,T151S,12.04715
gag_polyprotein,T151V,13.187775
gag_polyprotein,T151W,13.076874
gag_polyprotein,T151Y,13.116455
gag_polyprotein,L152A,13.218628
gag_polyprotein,L152C,13.193237
gag_polyprotein,L152D,13.300171
gag_polyprotein,L152E,13.143768
gag_polyprotein,L152F,9.747681
gag_polyprotein,L152G,13.1409
gag_polyprotein,L152H,13.272003
gag_polyprotein,L152I,11.963043
gag_polyprotein,L152K,13.140045
gag_polyprotein,L152M,12.091827
gag_polyprotein,L152N,13.282135
gag_polyprotein,L152P,12.021027
gag_polyprotein,L152Q,13.223572
gag_polyprotein,L152R,13.164886
gag_polyprotein,L152S,10.3151245
gag_polyprotein,L152T,13.124756
gag_polyprotein,L152V,13.147034
gag_polyprotein,L152W,13.289246
gag_polyprotein,L152Y,13.209686
gag_polyprotein,N153A,11.667175
gag_polyprotein,N153C,12.785126
gag_polyprotein,N153D,9.4479065
gag_polyprotein,N153E,11.636597
gag_polyprotein,N153F,12.598633
gag_polyprotein,N153G,10.885803
gag_polyprotein,N153H,10.712982
gag_polyprotein,N153I,10.222809
gag_polyprotein,N153K,10.353729
gag_polyprotein,N153L,12.660431
gag_polyprotein,N153M,12.681366
gag_polyprotein,N153P,12.757477
gag_polyprotein,N153Q,12.655151
gag_polyprotein,N153R,12.668304
gag_polyprotein,N153S,9.609009
gag_polyprotein,N153T,11.542145
gag_polyprotein,N153V,12.68161
gag_polyprotein,N153W,12.697144
gag_polyprotein,N153Y,10.910004
gag_polyprotein,A154C,11.685242
gag_polyprotein,A154D,11.602478
gag_polyprotein,A154E,12.758728
gag_polyprotein,A154F,12.947327
gag_polyprotein,A154G,11.105469
gag_polyprotein,A154H,12.751434
gag_polyprotein,A154I,11.698395
gag_polyprotein,A154K,12.83609
gag_polyprotein,A154L,11.689178
gag_polyprotein,A154M,12.808044
gag_polyprotein,A154N,12.843506
gag_polyprotein,A154P,12.819855
gag_polyprotein,A154Q,11.743988
gag_polyprotein,A154R,12.942139
gag_polyprotein,A154S,12.886353
gag_polyprotein,A154T,9.664886
gag_polyprotein,A154V,10.162537
gag_polyprotein,A154W,12.785248
gag_polyprotein,A154Y,12.83728
gag_polyprotein,W155A,13.025879
gag_polyprotein,W155C,11.849701
gag_polyprotein,W155D,13.074524
gag_polyprotein,W155E,11.870789
gag_polyprotein,W155F,13.00528
gag_polyprotein,W155G,9.9133
gag_polyprotein,W155H,12.980499
gag_polyprotein,W155I,13.040802
gag_polyprotein,W155K,13.05365
gag_polyprotein,W155L,11.428711
gag_polyprotein,W155M,11.775909
gag_polyprotein,W155N,13.01593
gag_polyprotein,W155P,13.012573
gag_polyprotein,W155Q,13.150024
gag_polyprotein,W155R,9.814178
gag_polyprotein,W155S,11.590729
gag_polyprotein,W155T,13.033752
gag_polyprotein,W155V,13.024261
gag_polyprotein,W155Y,12.998169
gag_polyprotein,V156A,10.226837
gag_polyprotein,V156C,12.849548
gag_polyprotein,V156D,12.999451
gag_polyprotein,V156E,10.479767
gag_polyprotein,V156F,12.981476
gag_polyprotein,V156G,10.051727
gag_polyprotein,V156H,12.914276
gag_polyprotein,V156I,9.465149
gag_polyprotein,V156K,12.950775
gag_polyprotein,V156L,11.5659485
gag_polyprotein,V156M,11.915741
gag_polyprotein,V156N,13.012421
gag_polyprotein,V156P,12.931976
gag_polyprotein,V156Q,12.948456
gag_polyprotein,V156R,12.907867
gag_polyprotein,V156S,12.902496
gag_polyprotein,V156T,12.974579
gag_polyprotein,V156W,12.983704
gag_polyprotein,V156Y,12.982605
gag_polyprotein,K157A,13.01004
gag_polyprotein,K157C,12.954529
gag_polyprotein,K157D,12.960205
gag_polyprotein,K157E,9.8993225
gag_polyprotein,K157F,11.8680725
gag_polyprotein,K157G,13.054565
gag_polyprotein,K157H,13.018402
gag_polyprotein,K157I,10.821777
gag_polyprotein,K157L,12.86853
gag_polyprotein,K157M,12.822418
gag_polyprotein,K157N,12.368561
gag_polyprotein,K157P,12.92807
gag_polyprotein,K157Q,13.028381
gag_polyprotein,K157R,8.834564
gag_polyprotein,K157S,12.963837
gag_polyprotein,K157T,12.99353
gag_polyprotein,K157V,12.979889
gag_polyprotein,K157W,12.929321
gag_polyprotein,K157Y,12.938202
gag_polyprotein,V158A,8.291199
gag_polyprotein,V158C,12.924042
gag_polyprotein,V158D,12.996368
gag_polyprotein,V158E,11.353363
gag_polyprotein,V158F,12.92395
gag_polyprotein,V158G,10.565155
gag_polyprotein,V158H,12.974213
gag_polyprotein,V158I,10.890747
gag_polyprotein,V158K,11.46286
gag_polyprotein,V158L,12.018402
gag_polyprotein,V158M,12.807526
gag_polyprotein,V158N,12.852112
gag_polyprotein,V158P,12.884888
gag_polyprotein,V158Q,12.936554
gag_polyprotein,V158R,12.938477
gag_polyprotein,V158S,11.349976
gag_polyprotein,V158T,13.029144
gag_polyprotein,V158W,12.90097
gag_polyprotein,V158Y,11.896179
gag_polyprotein,V159A,11.2395935
gag_polyprotein,V159C,10.695496
gag_polyprotein,V159D,11.252167
gag_polyprotein,V159E,11.261047
gag_polyprotein,V159F,10.599335
gag_polyprotein,V159G,9.715088
gag_polyprotein,V159H,11.311981
gag_polyprotein,V159I,2.5387573
gag_polyprotein,V159K,10.368713
gag_polyprotein,V159L,9.405945
gag_polyprotein,V159M,10.140198
gag_polyprotein,V159N,10.719818
gag_polyprotein,V159P,11.221619
gag_polyprotein,V159Q,11.315979
gag_polyprotein,V159R,11.197754
gag_polyprotein,V159S,11.208405
gag_polyprotein,V159T,11.317444
gag_polyprotein,V159W,10.671082
gag_polyprotein,V159Y,10.762451
gag_polyprotein,E160A,11.147858
gag_polyprotein,E160C,12.745178
gag_polyprotein,E160D,11.716644
gag_polyprotein,E160F,12.776733
gag_polyprotein,E160G,9.192383
gag_polyprotein,E160H,11.686127
gag_polyprotein,E160I,12.731689
gag_polyprotein,E160K,7.909729
gag_polyprotein,E160L,11.664642
gag_polyprotein,E160M,12.767395
gag_polyprotein,E160N,12.670349
gag_polyprotein,E160P,12.694031
gag_polyprotein,E160Q,11.7621765
gag_polyprotein,E160R,10.937317
gag_polyprotein,E160S,12.665283
gag_polyprotein,E160T,12.635864
gag_polyprotein,E160V,12.684967
gag_polyprotein,E160W,12.761505
gag_polyprotein,E160Y,12.725281
gag_polyprotein,E161A,10.540375
gag_polyprotein,E161C,12.802551
gag_polyprotein,E161D,8.30484
gag_polyprotein,E161F,12.747803
gag_polyprotein,E161G,9.6692505
gag_polyprotein,E161H,12.778961
gag_polyprotein,E161I,12.867279
gag_polyprotein,E161K,8.441803
gag_polyprotein,E161L,11.797455
gag_polyprotein,E161M,12.792419
gag_polyprotein,E161N,12.832306
gag_polyprotein,E161P,12.80719
gag_polyprotein,E161Q,12.856232
gag_polyprotein,E161R,10.906586
gag_polyprotein,E161S,12.836975
gag_polyprotein,E161T,12.87558
gag_polyprotein,E161V,11.327545
gag_polyprotein,E161W,12.877228
gag_polyprotein,E161Y,12.846069
gag_polyprotein,K162A,11.816376
gag_polyprotein,K162C,12.597748
gag_polyprotein,K162D,11.752716
gag_polyprotein,K162E,9.597351
gag_polyprotein,K162F,12.654785
gag_polyprotein,K162G,12.667755
gag_polyprotein,K162H,12.632477
gag_polyprotein,K162I,12.580353
gag_polyprotein,K162L,11.820892
gag_polyprotein,K162M,12.592468
gag_polyprotein,K162N,10.621124
gag_polyprotein,K162P,11.857788
gag_polyprotein,K162Q,11.143951
gag_polyprotein,K162R,7.9312134
gag_polyprotein,K162S,12.558075
gag_polyprotein,K162T,11.876678
gag_polyprotein,K162V,12.659302
gag_polyprotein,K162W,12.621948
gag_polyprotein,K162Y,12.660553
gag_polyprotein,A163C,10.190002
gag_polyprotein,A163D,10.217133
gag_polyprotein,A163E,11.786133
gag_polyprotein,A163F,11.763062
gag_polyprotein,A163G,6.774994
gag_polyprotein,A163H,11.8064575
gag_polyprotein,A163I,11.779633
gag_polyprotein,A163K,11.874451
gag_polyprotein,A163L,11.713501
gag_polyprotein,A163M,11.740295
gag_polyprotein,A163N,6.4803467
gag_polyprotein,A163P,11.764252
gag_polyprotein,A163Q,8.791229
gag_polyprotein,A163R,11.817322
gag_polyprotein,A163S,6.3574524
gag_polyprotein,A163T,10.229462
gag_polyprotein,A163V,8.416443
gag_polyprotein,A163W,11.655609
gag_polyprotein,A163Y,11.780975
gag_polyprotein,F164A,13.366821
gag_polyprotein,F164C,12.091888
gag_polyprotein,F164D,13.319855
gag_polyprotein,F164E,13.393005
gag_polyprotein,F164G,13.335754
gag_polyprotein,F164H,13.357239
gag_polyprotein,F164I,13.381409
gag_polyprotein,F164K,13.267944
gag_polyprotein,F164L,10.325043
gag_polyprotein,F164M,13.278351
gag_polyprotein,F164N,13.36261
gag_polyprotein,F164P,13.368439
gag_polyprotein,F164Q,13.271484
gag_polyprotein,F164R,13.348541
gag_polyprotein,F164S,10.748291
gag_polyprotein,F164T,13.188019
gag_polyprotein,F164V,11.1311035
gag_polyprotein,F164W,13.304779
gag_polyprotein,F164Y,12.105316
gag_polyprotein,S165A,10.825256
gag_polyprotein,S165C,11.83197
gag_polyprotein,S165D,11.885986
gag_polyprotein,S165E,11.970917
gag_polyprotein,S165F,11.939789
gag_polyprotein,S165G,9.883789
gag_polyprotein,S165H,11.900024
gag_polyprotein,S165I,9.333252
gag_polyprotein,S165K,9.205902
gag_polyprotein,S165L,10.933685
gag_polyprotein,S165M,11.899414
gag_polyprotein,S165N,5.243805
gag_polyprotein,S165P,11.885864
gag_polyprotein,S165Q,9.871735
gag_polyprotein,S165R,10.518433
gag_polyprotein,S165T,9.666046
gag_polyprotein,S165V,11.891174
gag_polyprotein,S165W,11.914551
gag_polyprotein,S165Y,11.225464
gag_polyprotein,P166A,13.6085205
gag_polyprotein,P166C,13.682983
gag_polyprotein,P166D,13.59137
gag_polyprotein,P166E,13.660858
gag_polyprotein,P166F,11.978882
gag_polyprotein,P166G,13.807129
gag_polyprotein,P166H,13.686859
gag_polyprotein,P166I,13.750092
gag_polyprotein,P166K,13.561676
gag_polyprotein,P166L,12.156586
gag_polyprotein,P166M,13.641602
gag_polyprotein,P166N,13.591309
gag_polyprotein,P166Q,12.302429
gag_polyprotein,P166R,13.697815
gag_polyprotein,P166S,13.047363
gag_polyprotein,P166T,12.403076
gag_polyprotein,P166V,13.608154
gag_polyprotein,P166W,13.79187
gag_polyprotein,P166Y,13.686279
gag_polyprotein,E167A,12.846222
gag_polyprotein,E167C,12.896118
gag_polyprotein,E167D,11.714478
gag_polyprotein,E167F,12.88089
gag_polyprotein,E167G,8.906403
gag_polyprotein,E167H,12.863892
gag_polyprotein,E167I,12.8063965
gag_polyprotein,E167K,8.603119
gag_polyprotein,E167L,12.835175
gag_polyprotein,E167M,12.849243
gag_polyprotein,E167N,12.873505
gag_polyprotein,E167P,12.824493
gag_polyprotein,E167Q,10.539093
gag_polyprotein,E167R,11.750397
gag_polyprotein,E167S,12.845276
gag_polyprotein,E167T,12.885712
gag_polyprotein,E167V,12.750305
gag_polyprotein,E167W,12.890778
gag_polyprotein,E167Y,12.700653
gag_polyprotein,V168A,9.968048
gag_polyprotein,V168C,12.030487
gag_polyprotein,V168D,12.001038
gag_polyprotein,V168E,12.015442
gag_polyprotein,V168F,12.045868
gag_polyprotein,V168G,10.87265
gag_polyprotein,V168H,11.91568
gag_polyprotein,V168I,5.3806763
gag_polyprotein,V168K,12.001129
gag_polyprotein,V168L,9.9704895
gag_polyprotein,V168M,10.177887
gag_polyprotein,V168N,11.982208
gag_polyprotein,V168P,11.960815
gag_polyprotein,V168Q,11.954651
gag_polyprotein,V168R,11.986786
gag_polyprotein,V168S,12.025269
gag_polyprotein,V168T,9.538147
gag_polyprotein,V168W,11.963959
gag_polyprotein,V168Y,11.9548645
gag_polyprotein,I169A,12.8506775
gag_polyprotein,I169C,12.762939
gag_polyprotein,I169D,12.779175
gag_polyprotein,I169E,12.822388
gag_polyprotein,I169F,11.80423
gag_polyprotein,I169G,12.789001
gag_polyprotein,I169H,12.753601
gag_polyprotein,I169K,12.754669
gag_polyprotein,I169L,11.803253
gag_polyprotein,I169M,9.972931
gag_polyprotein,I169N,11.783752
gag_polyprotein,I169P,12.883179
gag_polyprotein,I169Q,12.848206
gag_polyprotein,I169R,11.743042
gag_polyprotein,I169S,12.789764
gag_polyprotein,I169T,10.89386
gag_polyprotein,I169V,8.363739
gag_polyprotein,I169W,12.818176
gag_polyprotein,I169Y,12.813599
gag_polyprotein,P170A,13.190796
gag_polyprotein,P170C,13.112152
gag_polyprotein,P170D,13.194031
gag_polyprotein,P170E,13.227173
gag_polyprotein,P170F,13.267639
gag_polyprotein,P170G,13.24588
gag_polyprotein,P170H,12.133575
gag_polyprotein,P170I,13.1805725
gag_polyprotein,P170K,13.210754
gag_polyprotein,P170L,10.9253235
gag_polyprotein,P170M,13.204468
gag_polyprotein,P170N,13.2969055
gag_polyprotein,P170Q,13.300507
gag_polyprotein,P170R,9.986786
gag_polyprotein,P170S,10.425476
gag_polyprotein,P170T,12.021057
gag_polyprotein,P170V,13.209869
gag_polyprotein,P170W,13.151947
gag_polyprotein,P170Y,13.234497
gag_polyprotein,M171A,12.64563
gag_polyprotein,M171C,11.625092
gag_polyprotein,M171D,12.558258
gag_polyprotein,M171E,12.604431
gag_polyprotein,M171F,12.51181
gag_polyprotein,M171G,12.637909
gag_polyprotein,M171H,11.523102
gag_polyprotein,M171I,11.571503
gag_polyprotein,M171K,12.555725
gag_polyprotein,M171L,9.43866
gag_polyprotein,M171N,12.540955
gag_polyprotein,M171P,11.183105
gag_polyprotein,M171Q,12.533051
gag_polyprotein,M171R,10.644348
gag_polyprotein,M171S,12.567932
gag_polyprotein,M171T,9.261108
gag_polyprotein,M171V,8.694336
gag_polyprotein,M171W,12.678101
gag_polyprotein,M171Y,12.651276
gag_polyprotein,F172A,12.737915
gag_polyprotein,F172C,10.105499
gag_polyprotein,F172D,12.692474
gag_polyprotein,F172E,12.814423
gag_polyprotein,F172G,12.80838
gag_polyprotein,F172H,12.800995
gag_polyprotein,F172I,11.773712
gag_polyprotein,F172K,12.773041
gag_polyprotein,F172L,9.679077
gag_polyprotein,F172M,12.683868
gag_polyprotein,F172N,12.852936
gag_polyprotein,F172P,12.736328
gag_polyprotein,F172Q,12.731201
gag_polyprotein,F172R,12.759186
gag_polyprotein,F172S,9.495941
gag_polyprotein,F172T,12.806854
gag_polyprotein,F172V,9.4653015
gag_polyprotein,F172W,12.732758
gag_polyprotein,F172Y,10.987946
gag_polyprotein,S173A,3.9235535
gag_polyprotein,S173C,10.688202
gag_polyprotein,S173D,10.834808
gag_polyprotein,S173E,10.772888
gag_polyprotein,S173F,10.736084
gag_polyprotein,S173G,10.787109
gag_polyprotein,S173H,10.704803
gag_polyprotein,S173I,8.373505
gag_polyprotein,S173K,10.146851
gag_polyprotein,S173L,10.086792
gag_polyprotein,S173M,8.595428
gag_polyprotein,S173N,10.824127
gag_polyprotein,S173P,9.6883545
gag_polyprotein,S173Q,10.698486
gag_polyprotein,S173R,10.709259
gag_polyprotein,S173T,2.809906
gag_polyprotein,S173V,7.129486
gag_polyprotein,S173W,10.771423
gag_polyprotein,S173Y,10.156647
gag_polyprotein,A174C,13.1553955
gag_polyprotein,A174D,13.055023
gag_polyprotein,A174E,13.070251
gag_polyprotein,A174F,13.012451
gag_polyprotein,A174G,9.889343
gag_polyprotein,A174H,13.12616
gag_polyprotein,A174I,13.01944
gag_polyprotein,A174K,13.03656
gag_polyprotein,A174L,13.096802
gag_polyprotein,A174M,13.078705
gag_polyprotein,A174N,11.990845
gag_polyprotein,A174P,10.368439
gag_polyprotein,A174Q,13.072144
gag_polyprotein,A174R,13.139954
gag_polyprotein,A174S,12.06369
gag_polyprotein,A174T,10.14502
gag_polyprotein,A174V,11.112579
gag_polyprotein,A174W,13.138153
gag_polyprotein,A174Y,13.103302
gag_polyprotein,L175A,13.188812
gag_polyprotein,L175C,13.056671
gag_polyprotein,L175D,13.062012
gag_polyprotein,L175E,12.992035
gag_polyprotein,L175F,10.491241
gag_polyprotein,L175G,13.084045
gag_polyprotein,L175H,13.063171
gag_polyprotein,L175I,10.855133
gag_polyprotein,L175K,13.144226
gag_polyprotein,L175M,13.034515
gag_polyprotein,L175N,13.11203
gag_polyprotein,L175P,11.633484
gag_polyprotein,L175Q,13.0047
gag_polyprotein,L175R,12.94635
gag_polyprotein,L175S,11.697479
gag_polyprotein,L175T,12.996796
gag_polyprotein,L175V,9.6649475
gag_polyprotein,L175W,11.966705
gag_polyprotein,L175Y,13.03006
gag_polyprotein,S176A,3.6012268
gag_polyprotein,S176C,11.352356
gag_polyprotein,S176D,11.526001
gag_polyprotein,S176E,11.37854
gag_polyprotein,S176F,11.344208
gag_polyprotein,S176G,11.463501
gag_polyprotein,S176H,11.345398
gag_polyprotein,S176I,10.721954
gag_polyprotein,S176K,10.686157
gag_polyprotein,S176L,10.314026
gag_polyprotein,S176M,11.419403
gag_polyprotein,S176N,10.75293
gag_polyprotein,S176P,9.463287
gag_polyprotein,S176Q,11.392792
gag_polyprotein,S176R,11.495605
gag_polyprotein,S176T,10.124084
gag_polyprotein,S176V,11.428467
gag_polyprotein,S176W,11.419281
gag_polyprotein,S176Y,11.408691
gag_polyprotein,E177A,11.450287
gag_polyprotein,E177C,11.480591
gag_polyprotein,E177D,7.2561646
gag_polyprotein,E177F,12.455109
gag_polyprotein,E177G,8.819031
gag_polyprotein,E177H,12.389282
gag_polyprotein,E177I,12.394348
gag_polyprotein,E177K,8.803558
gag_polyprotein,E177L,12.457306
gag_polyprotein,E177M,12.412079
gag_polyprotein,E177N,12.427429
gag_polyprotein,E177P,12.40802
gag_polyprotein,E177Q,9.858551
gag_polyprotein,E177R,11.585602
gag_polyprotein,E177S,12.419189
gag_polyprotein,E177T,11.4721985
gag_polyprotein,E177V,12.173279
gag_polyprotein,E177W,12.458252
gag_polyprotein,E177Y,12.443176
gag_polyprotein,G178A,13.081329
gag_polyprotein,G178C,13.112793
gag_polyprotein,G178D,13.137238
gag_polyprotein,G178E,10.777283
gag_polyprotein,G178F,13.049957
gag_polyprotein,G178H,13.164886
gag_polyprotein,G178I,13.160522
gag_polyprotein,G178K,13.155701
gag_polyprotein,G178L,13.148132
gag_polyprotein,G178M,13.091644
gag_polyprotein,G178N,13.176056
gag_polyprotein,G178P,13.184753
gag_polyprotein,G178Q,13.061035
gag_polyprotein,G178R,9.099426
gag_polyprotein,G178S,13.160095
gag_polyprotein,G178T,11.924835
gag_polyprotein,G178V,12.1102295
gag_polyprotein,G178W,13.266449
gag_polyprotein,G178Y,13.220978
gag_polyprotein,A179C,9.084412
gag_polyprotein,A179D,10.612518
gag_polyprotein,A179E,12.498627
gag_polyprotein,A179F,12.461304
gag_polyprotein,A179G,8.7734375
gag_polyprotein,A179H,12.504578
gag_polyprotein,A179I,12.661896
gag_polyprotein,A179K,11.580261
gag_polyprotein,A179L,12.482147
gag_polyprotein,A179M,12.408142
gag_polyprotein,A179N,12.4861145
gag_polyprotein,A179P,10.179108
gag_polyprotein,A179Q,12.53006
gag_polyprotein,A179R,12.467957
gag_polyprotein,A179S,9.534851
gag_polyprotein,A179T,10.353973
gag_polyprotein,A179V,9.228394
gag_polyprotein,A179W,12.558899
gag_polyprotein,A179Y,12.552277
gag_polyprotein,T180A,8.708954
gag_polyprotein,T180C,12.896576
gag_polyprotein,T180D,12.977844
gag_polyprotein,T180E,12.9470825
gag_polyprotein,T180F,12.998993
gag_polyprotein,T180G,12.924225
gag_polyprotein,T180H,10.998291
gag_polyprotein,T180I,9.519623
gag_polyprotein,T180K,12.928497
gag_polyprotein,T180L,12.066498
gag_polyprotein,T180M,12.845276
gag_polyprotein,T180N,11.139435
gag_polyprotein,T180P,9.99057
gag_polyprotein,T180Q,12.958862
gag_polyprotein,T180R,12.938721
gag_polyprotein,T180S,11.123077
gag_polyprotein,T180V,11.59845
gag_polyprotein,T180W,12.906647
gag_polyprotein,T180Y,12.040161
gag_polyprotein,P181A,10.841461
gag_polyprotein,P181C,12.781616
gag_polyprotein,P181D,12.866241
gag_polyprotein,P181E,12.889038
gag_polyprotein,P181F,12.933105
gag_polyprotein,P181G,12.873169
gag_polyprotein,P181H,12.876129
gag_polyprotein,P181I,12.835663
gag_polyprotein,P181K,11.818512
gag_polyprotein,P181L,11.378723
gag_polyprotein,P181M,12.906525
gag_polyprotein,P181N,13.064667
gag_polyprotein,P181Q,11.621399
gag_polyprotein,P181R,11.549591
gag_polyprotein,P181S,9.141876
gag_polyprotein,P181T,11.837402
gag_polyprotein,P181V,12.942596
gag_polyprotein,P181W,12.871979
gag_polyprotein,P181Y,12.848145
gag_polyprotein,Q182A,7.1101074
gag_polyprotein,Q182C,11.609497
gag_polyprotein,Q182D,10.912781
gag_polyprotein,Q182E,9.474426
gag_polyprotein,Q182F,10.279999
gag_polyprotein,Q182G,7.3967285
gag_polyprotein,Q182H,5.236206
gag_polyprotein,Q182I,11.504547
gag_polyprotein,Q182K,10.802277
gag_polyprotein,Q182L,10.80542
gag_polyprotein,Q182M,11.554932
gag_polyprotein,Q182N,10.138397
gag_polyprotein,Q182P,10.480499
gag_polyprotein,Q182R,8.558685
gag_polyprotein,Q182S,6.719574
gag_polyprotein,Q182T,6.4404297
gag_polyprotein,Q182V,10.263428
gag_polyprotein,Q182W,11.43988
gag_polyprotein,Q182Y,10.820648
gag_polyprotein,D183A,11.532166
gag_polyprotein,D183C,12.691681
gag_polyprotein,D183E,11.617584
gag_polyprotein,D183F,12.67395
gag_polyprotein,D183G,10.538788
gag_polyprotein,D183H,12.631775
gag_polyprotein,D183I,12.709747
gag_polyprotein,D183K,11.61972
gag_polyprotein,D183L,12.698456
gag_polyprotein,D183M,11.506165
gag_polyprotein,D183N,8.852478
gag_polyprotein,D183P,12.637909
gag_polyprotein,D183Q,12.76944
gag_polyprotein,D183R,11.536102
gag_polyprotein,D183S,11.249176
gag_polyprotein,D183T,12.711884
gag_polyprotein,D183V,12.717957
gag_polyprotein,D183W,12.654175
gag_polyprotein,D183Y,10.72699
gag_polyprotein,L184A,12.76593
gag_polyprotein,L184C,12.739899
gag_polyprotein,L184D,12.7547
gag_polyprotein,L184E,12.775787
gag_polyprotein,L184F,10.190552
gag_polyprotein,L184G,12.66748
gag_polyprotein,L184H,12.719849
gag_polyprotein,L184I,7.3502502
gag_polyprotein,L184K,12.623016
gag_polyprotein,L184M,10.36264
gag_polyprotein,L184N,12.692139
gag_polyprotein,L184P,12.767578
gag_polyprotein,L184Q,12.694641
gag_polyprotein,L184R,11.7344055
gag_polyprotein,L184S,10.968292
gag_polyprotein,L184T,12.641937
gag_polyprotein,L184V,10.954895
gag_polyprotein,L184W,12.609131
gag_polyprotein,L184Y,11.734528
gag_polyprotein,N185A,12.475281
gag_polyprotein,N185C,12.533356
gag_polyprotein,N185D,10.538971
gag_polyprotein,N185E,12.6539
gag_polyprotein,N185F,12.546997
gag_polyprotein,N185G,12.554596
gag_polyprotein,N185H,11.5469055
gag_polyprotein,N185I,11.135132
gag_polyprotein,N185K,11.14267
gag_polyprotein,N185L,12.535614
gag_polyprotein,N185M,11.439453
gag_polyprotein,N185P,12.514404
gag_polyprotein,N185Q,12.436432
gag_polyprotein,N185R,12.575348
gag_polyprotein,N185S,8.538422
gag_polyprotein,N185T,11.124298
gag_polyprotein,N185V,11.371155
gag_polyprotein,N185W,12.529083
gag_polyprotein,N185Y,9.621063
gag_polyprotein,T186A,9.127777
gag_polyprotein,T186C,9.800903
gag_polyprotein,T186D,11.993652
gag_polyprotein,T186E,11.987518
gag_polyprotein,T186F,12.06543
gag_polyprotein,T186G,10.18161
gag_polyprotein,T186H,10.915558
gag_polyprotein,T186I,9.087341
gag_polyprotein,T186K,12.00943
gag_polyprotein,T186L,6.8083496
gag_polyprotein,T186M,7.5420837
gag_polyprotein,T186N,10.582825
gag_polyprotein,T186P,10.389435
gag_polyprotein,T186Q,12.021179
gag_polyprotein,T186R,10.758301
gag_polyprotein,T186S,7.91333
gag_polyprotein,T186V,8.136902
gag_polyprotein,T186W,12.076935
gag_polyprotein,T186Y,12.115692
gag_polyprotein,M187A,12.634491
gag_polyprotein,M187C,12.567261
gag_polyprotein,M187D,12.637085
gag_polyprotein,M187E,12.4826355
gag_polyprotein,M187F,11.536987
gag_polyprotein,M187G,12.609558
gag_polyprotein,M187H,10.885437
gag_polyprotein,M187I,9.264496
gag_polyprotein,M187K,10.197327
gag_polyprotein,M187L,10.439148
gag_polyprotein,M187N,12.544037
gag_polyprotein,M187P,12.649353
gag_polyprotein,M187Q,12.476196
gag_polyprotein,M187R,12.634064
gag_polyprotein,M187S,11.508575
gag_polyprotein,M187T,10.0581665
gag_polyprotein,M187V,9.607117
gag_polyprotein,M187W,11.524261
gag_polyprotein,M187Y,12.629578
gag_polyprotein,L188A,13.220032
gag_polyprotein,L188C,12.038757
gag_polyprotein,L188D,13.173431
gag_polyprotein,L188E,13.142517
gag_polyprotein,L188F,10.275604
gag_polyprotein,L188G,13.155914
gag_polyprotein,L188H,13.074554
gag_polyprotein,L188I,11.533722
gag_polyprotein,L188K,13.33667
gag_polyprotein,L188M,11.458191
gag_polyprotein,L188N,11.982971
gag_polyprotein,L188P,10.1414795
gag_polyprotein,L188Q,13.21582
gag_polyprotein,L188R,13.127533
gag_polyprotein,L188S,12.969452
gag_polyprotein,L188T,12.047699
gag_polyprotein,L188V,10.938934
gag_polyprotein,L188W,13.130188
gag_polyprotein,L188Y,13.053375
gag_polyprotein,N189A,12.868195
gag_polyprotein,N189C,12.846558
gag_polyprotein,N189D,9.867004
gag_polyprotein,N189E,12.76593
gag_polyprotein,N189F,12.795929
gag_polyprotein,N189G,12.717102
gag_polyprotein,N189H,11.053894
gag_polyprotein,N189I,11.785278
gag_polyprotein,N189K,10.272247
gag_polyprotein,N189L,12.8280945
gag_polyprotein,N189M,12.725403
gag_polyprotein,N189P,12.776794
gag_polyprotein,N189Q,12.766113
gag_polyprotein,N189R,12.85965
gag_polyprotein,N189S,8.979004
gag_polyprotein,N189T,11.572449
gag_polyprotein,N189V,12.847809
gag_polyprotein,N189W,12.809387
gag_polyprotein,N189Y,10.747681
gag_polyprotein,T190A,7.367737
gag_polyprotein,T190C,12.46933
gag_polyprotein,T190D,11.646576
gag_polyprotein,T190E,12.332977
gag_polyprotein,T190F,12.403961
gag_polyprotein,T190G,12.424622
gag_polyprotein,T190H,12.468872
gag_polyprotein,T190I,7.5718994
gag_polyprotein,T190K,11.605316
gag_polyprotein,T190L,12.03006
gag_polyprotein,T190M,11.052429
gag_polyprotein,T190N,12.3715515
gag_polyprotein,T190P,10.805878
gag_polyprotein,T190Q,12.301636
gag_polyprotein,T190R,12.416107
gag_polyprotein,T190S,8.20871
gag_polyprotein,T190V,8.726318
gag_polyprotein,T190W,12.428009
gag_polyprotein,T190Y,11.746674
gag_polyprotein,V191A,10.26944
gag_polyprotein,V191C,10.841644
gag_polyprotein,V191D,11.980591
gag_polyprotein,V191E,10.731445
gag_polyprotein,V191F,12.0578
gag_polyprotein,V191G,9.777985
gag_polyprotein,V191H,12.017853
gag_polyprotein,V191I,5.887329
gag_polyprotein,V191K,11.939911
gag_polyprotein,V191L,10.69928
gag_polyprotein,V191M,10.0842285
gag_polyprotein,V191N,12.035126
gag_polyprotein,V191P,12.048584
gag_polyprotein,V191Q,12.096252
gag_polyprotein,V191R,11.114136
gag_polyprotein,V191S,11.202545
gag_polyprotein,V191T,11.969543
gag_polyprotein,V191W,11.991577
gag_polyprotein,V191Y,12.036652
gag_polyprotein,G192A,13.401215
gag_polyprotein,G192C,13.450745
gag_polyprotein,G192D,13.369812
gag_polyprotein,G192E,12.877075
gag_polyprotein,G192F,13.436188
gag_polyprotein,G192H,13.411896
gag_polyprotein,G192I,13.428253
gag_polyprotein,G192K,12.126617
gag_polyprotein,G192L,13.3359375
gag_polyprotein,G192M,13.311829
gag_polyprotein,G192N,13.380432
gag_polyprotein,G192P,13.37619
gag_polyprotein,G192Q,13.378204
gag_polyprotein,G192R,9.560547
gag_polyprotein,G192S,13.3767395
gag_polyprotein,G192T,12.17981
gag_polyprotein,G192V,12.206085
gag_polyprotein,G192W,13.380005
gag_polyprotein,G192Y,13.406921
gag_polyprotein,G193A,11.162903
gag_polyprotein,G193C,12.437958
gag_polyprotein,G193D,8.521271
gag_polyprotein,G193E,8.820587
gag_polyprotein,G193F,12.627747
gag_polyprotein,G193H,12.653198
gag_polyprotein,G193I,11.598389
gag_polyprotein,G193K,12.64798
gag_polyprotein,G193L,12.646912
gag_polyprotein,G193M,12.610291
gag_polyprotein,G193N,12.659576
gag_polyprotein,G193P,12.674652
gag_polyprotein,G193Q,11.630249
gag_polyprotein,G193R,10.496002
gag_polyprotein,G193S,12.602936
gag_polyprotein,G193T,11.592255
gag_polyprotein,G193V,12.550293
gag_polyprotein,G193W,12.634491
gag_polyprotein,G193Y,12.77124
gag_polyprotein,H194A,11.622833
gag_polyprotein,H194C,12.78595
gag_polyprotein,H194D,12.808228
gag_polyprotein,H194E,12.869904
gag_polyprotein,H194F,12.737091
gag_polyprotein,H194G,12.825104
gag_polyprotein,H194I,12.783051
gag_polyprotein,H194K,12.769989
gag_polyprotein,H194L,10.135437
gag_polyprotein,H194M,12.775787
gag_polyprotein,H194N,12.788605
gag_polyprotein,H194P,12.800873
gag_polyprotein,H194Q,11.683838
gag_polyprotein,H194R,8.424561
gag_polyprotein,H194S,12.833984
gag_polyprotein,H194T,10.974945
gag_polyprotein,H194V,12.781555
gag_polyprotein,H194W,12.820801
gag_polyprotein,H194Y,10.322418
gag_polyprotein,Q195A,13.374329
gag_polyprotein,Q195C,13.346436
gag_polyprotein,Q195D,13.234772
gag_polyprotein,Q195E,13.2899475
gag_polyprotein,Q195F,13.278076
gag_polyprotein,Q195G,13.367676
gag_polyprotein,Q195H,11.695496
gag_polyprotein,Q195I,13.390503
gag_polyprotein,Q195K,13.283569
gag_polyprotein,Q195L,13.24234
gag_polyprotein,Q195M,13.317413
gag_polyprotein,Q195N,13.295319
gag_polyprotein,Q195P,10.828064
gag_polyprotein,Q195R,10.007294
gag_polyprotein,Q195S,13.241913
gag_polyprotein,Q195T,12.124115
gag_polyprotein,Q195V,13.283051
gag_polyprotein,Q195W,13.365082
gag_polyprotein,Q195Y,13.365845
gag_polyprotein,A196C,12.862579
gag_polyprotein,A196D,12.839233
gag_polyprotein,A196E,11.79718
gag_polyprotein,A196F,12.858856
gag_polyprotein,A196G,8.742981
gag_polyprotein,A196H,12.899506
gag_polyprotein,A196I,12.951508
gag_polyprotein,A196K,12.896454
gag_polyprotein,A196L,12.861786
gag_polyprotein,A196M,12.830353
gag_polyprotein,A196N,12.942078
gag_polyprotein,A196P,12.832062
gag_polyprotein,A196Q,12.880249
gag_polyprotein,A196R,12.525635
gag_polyprotein,A196S,12.9496765
gag_polyprotein,A196T,10.794678
gag_polyprotein,A196V,11.052704
gag_polyprotein,A196W,12.948242
gag_polyprotein,A196Y,12.819153
gag_polyprotein,A197C,11.866577
gag_polyprotein,A197D,11.860535
gag_polyprotein,A197E,13.051544
gag_polyprotein,A197F,13.128967
gag_polyprotein,A197G,11.331482
gag_polyprotein,A197H,13.043488
gag_polyprotein,A197I,11.850281
gag_polyprotein,A197K,13.07309
gag_polyprotein,A197L,13.0685425
gag_polyprotein,A197M,13.03656
gag_polyprotein,A197N,13.033081
gag_polyprotein,A197P,10.93689
gag_polyprotein,A197Q,13.071503
gag_polyprotein,A197R,13.030426
gag_polyprotein,A197S,12.937653
gag_polyprotein,A197T,11.8949585
gag_polyprotein,A197V,9.809509
gag_polyprotein,A197W,12.965668
gag_polyprotein,A197Y,13.078644
gag_polyprotein,M198A,12.710571
gag_polyprotein,M198C,12.700592
gag_polyprotein,M198D,12.785248
gag_polyprotein,M198E,12.718201
gag_polyprotein,M198F,11.579193
gag_polyprotein,M198G,12.721405
gag_polyprotein,M198H,12.757996
gag_polyprotein,M198I,11.034027
gag_polyprotein,M198K,12.619629
gag_polyprotein,M198L,9.465546
gag_polyprotein,M198N,12.646179
gag_polyprotein,M198P,11.601654
gag_polyprotein,M198Q,12.724274
gag_polyprotein,M198R,11.618835
gag_polyprotein,M198S,12.657928
gag_polyprotein,M198T,10.486084
gag_polyprotein,M198V,9.19632
gag_polyprotein,M198W,12.769043
gag_polyprotein,M198Y,12.736542
gag_polyprotein,Q199A,12.883026
gag_polyprotein,Q199C,12.861786
gag_polyprotein,Q199D,12.949127
gag_polyprotein,Q199E,10.989136
gag_polyprotein,Q199F,12.957306
gag_polyprotein,Q199G,12.923218
gag_polyprotein,Q199H,10.107178
gag_polyprotein,Q199I,12.804291
gag_polyprotein,Q199K,11.008148
gag_polyprotein,Q199L,11.372894
gag_polyprotein,Q199M,12.878387
gag_polyprotein,Q199N,12.83667
gag_polyprotein,Q199P,10.779541
gag_polyprotein,Q199R,9.826508
gag_polyprotein,Q199S,12.938721
gag_polyprotein,Q199T,12.802399
gag_polyprotein,Q199V,12.840881
gag_polyprotein,Q199W,12.888641
gag_polyprotein,Q199Y,12.914246
gag_polyprotein,M200A,12.117371
gag_polyprotein,M200C,12.06308
gag_polyprotein,M200D,11.345795
gag_polyprotein,M200E,12.183563
gag_polyprotein,M200F,12.100647
gag_polyprotein,M200G,12.076508
gag_polyprotein,M200H,12.139191
gag_polyprotein,M200I,5.1457214
gag_polyprotein,M200K,11.331085
gag_polyprotein,M200L,9.753296
gag_polyprotein,M200N,11.988953
gag_polyprotein,M200P,11.978302
gag_polyprotein,M200Q,12.162415
gag_polyprotein,M200R,11.9938965
gag_polyprotein,M200S,11.481293
gag_polyprotein,M200T,10.5486145
gag_polyprotein,M200V,10.528687
gag_polyprotein,M200W,11.997101
gag_polyprotein,M200Y,12.095551
gag_polyprotein,L201A,12.69223
gag_polyprotein,L201C,12.656006
gag_polyprotein,L201D,12.638702
gag_polyprotein,L201E,12.623199
gag_polyprotein,L201F,10.677795
gag_polyprotein,L201G,12.765808
gag_polyprotein,L201H,12.679779
gag_polyprotein,L201I,8.696136
gag_polyprotein,L201K,12.641235
gag_polyprotein,L201M,12.663727
gag_polyprotein,L201N,12.6345825
gag_polyprotein,L201P,12.527039
gag_polyprotein,L201Q,12.776062
gag_polyprotein,L201R,12.6651
gag_polyprotein,L201S,10.215454
gag_polyprotein,L201T,11.565308
gag_polyprotein,L201V,10.608704
gag_polyprotein,L201W,12.706146
gag_polyprotein,L201Y,11.953125
gag_polyprotein,K202A,11.983704
gag_polyprotein,K202C,13.255493
gag_polyprotein,K202D,13.141998
gag_polyprotein,K202E,11.289703
gag_polyprotein,K202F,12.035553
gag_polyprotein,K202G,13.095215
gag_polyprotein,K202H,13.103577
gag_polyprotein,K202I,12.017303
gag_polyprotein,K202L,13.162415
gag_polyprotein,K202M,13.225372
gag_polyprotein,K202N,11.228424
gag_polyprotein,K202P,13.227203
gag_polyprotein,K202Q,12.856903
gag_polyprotein,K202R,9.579773
gag_polyprotein,K202S,13.194305
gag_polyprotein,K202T,11.3811035
gag_polyprotein,K202V,13.218292
gag_polyprotein,K202W,13.132141
gag_polyprotein,K202Y,13.234985
gag_polyprotein,E203A,10.860657
gag_polyprotein,E203C,11.610504
gag_polyprotein,E203D,4.5843506
gag_polyprotein,E203F,11.686737
gag_polyprotein,E203G,7.7080994
gag_polyprotein,E203H,11.605499
gag_polyprotein,E203I,11.608704
gag_polyprotein,E203K,9.471802
gag_polyprotein,E203L,11.571411
gag_polyprotein,E203M,11.550049
gag_polyprotein,E203N,9.033081
gag_polyprotein,E203P,11.649689
gag_polyprotein,E203Q,11.532837
gag_polyprotein,E203R,11.626251
gag_polyprotein,E203S,11.649017
gag_polyprotein,E203T,11.626038
gag_polyprotein,E203V,11.575073
gag_polyprotein,E203W,11.61731
gag_polyprotein,E203Y,11.628845
gag_polyprotein,T204A,6.8925476
gag_polyprotein,T204C,11.773407
gag_polyprotein,T204D,11.932983
gag_polyprotein,T204E,11.830139
gag_polyprotein,T204F,11.887146
gag_polyprotein,T204G,11.912537
gag_polyprotein,T204H,11.83139
gag_polyprotein,T204I,10.039734
gag_polyprotein,T204K,10.995636
gag_polyprotein,T204L,11.936798
gag_polyprotein,T204M,11.813873
gag_polyprotein,T204N,11.352631
gag_polyprotein,T204P,8.712677
gag_polyprotein,T204Q,11.834747
gag_polyprotein,T204R,11.80661
gag_polyprotein,T204S,10.54184
gag_polyprotein,T204V,5.8407288
gag_polyprotein,T204W,11.844177
gag_polyprotein,T204Y,11.904205
gag_polyprotein,I205A,12.446381
gag_polyprotein,I205C,12.42392
gag_polyprotein,I205D,12.436401
gag_polyprotein,I205E,12.425568
gag_polyprotein,I205F,8.193054
gag_polyprotein,I205G,12.424744
gag_polyprotein,I205H,12.342377
gag_polyprotein,I205K,12.419281
gag_polyprotein,I205L,9.941437
gag_polyprotein,I205M,12.397003
gag_polyprotein,I205N,12.401489
gag_polyprotein,I205P,11.310181
gag_polyprotein,I205Q,12.490082
gag_polyprotein,I205R,12.454132
gag_polyprotein,I205S,12.484253
gag_polyprotein,I205T,9.575073
gag_polyprotein,I205V,9.87262
gag_polyprotein,I205W,12.408386
gag_polyprotein,I205Y,12.32373
gag_polyprotein,N206A,13.274536
gag_polyprotein,N206C,13.307709
gag_polyprotein,N206D,11.406006
gag_polyprotein,N206E,13.309906
gag_polyprotein,N206F,13.28949
gag_polyprotein,N206G,13.293793
gag_polyprotein,N206H,11.705872
gag_polyprotein,N206I,13.343384
gag_polyprotein,N206K,11.396301
gag_polyprotein,N206L,13.297943
gag_polyprotein,N206M,13.365387
gag_polyprotein,N206P,13.327698
gag_polyprotein,N206Q,12.050507
gag_polyprotein,N206R,13.242004
gag_polyprotein,N206S,11.058624
gag_polyprotein,N206T,10.876373
gag_polyprotein,N206V,13.206818
gag_polyprotein,N206W,13.274261
gag_polyprotein,N206Y,12.490173
gag_polyprotein,E207A,10.015411
gag_polyprotein,E207C,11.754211
gag_polyprotein,E207D,5.0139465
gag_polyprotein,E207F,11.774017
gag_polyprotein,E207G,9.242401
gag_polyprotein,E207H,11.819366
gag_polyprotein,E207I,11.783905
gag_polyprotein,E207K,9.83783
gag_polyprotein,E207L,11.829132
gag_polyprotein,E207M,11.081543
gag_polyprotein,E207N,11.73819
gag_polyprotein,E207P,11.908813
gag_polyprotein,E207Q,11.819305
gag_polyprotein,E207R,11.807953
gag_polyprotein,E207S,11.87323
gag_polyprotein,E207T,11.817871
gag_polyprotein,E207V,10.65564
gag_polyprotein,E207W,11.812805
gag_polyprotein,E207Y,11.798248
gag_polyprotein,E208A,12.63443
gag_polyprotein,E208C,12.655518
gag_polyprotein,E208D,11.53894
gag_polyprotein,E208F,12.688019
gag_polyprotein,E208G,9.159241
gag_polyprotein,E208H,12.615082
gag_polyprotein,E208I,12.6302185
gag_polyprotein,E208K,8.478394
gag_polyprotein,E208L,12.586487
gag_polyprotein,E208M,12.642792
gag_polyprotein,E208N,12.689697
gag_polyprotein,E208P,12.687744
gag_polyprotein,E208Q,12.764008
gag_polyprotein,E208R,11.579254
gag_polyprotein,E208S,11.550537
gag_polyprotein,E208T,12.62204
gag_polyprotein,E208V,11.199738
gag_polyprotein,E208W,12.747314
gag_polyprotein,E208Y,12.699097
gag_polyprotein,A209C,12.756653
gag_polyprotein,A209D,12.544678
gag_polyprotein,A209E,12.798279
gag_polyprotein,A209F,12.741425
gag_polyprotein,A209G,11.572327
gag_polyprotein,A209H,12.81665
gag_polyprotein,A209I,9.241547
gag_polyprotein,A209K,11.640106
gag_polyprotein,A209L,12.828796
gag_polyprotein,A209M,11.698395
gag_polyprotein,A209N,12.643921
gag_polyprotein,A209P,12.68866
gag_polyprotein,A209Q,12.763306
gag_polyprotein,A209R,12.749298
gag_polyprotein,A209S,11.4279175
gag_polyprotein,A209T,9.322205
gag_polyprotein,A209V,10.208435
gag_polyprotein,A209W,12.754974
gag_polyprotein,A209Y,11.644501
gag_polyprotein,A210C,12.054199
gag_polyprotein,A210D,12.105225
gag_polyprotein,A210E,11.95993
gag_polyprotein,A210F,12.0017395
gag_polyprotein,A210G,9.25296
gag_polyprotein,A210H,12.09433
gag_polyprotein,A210I,9.157043
gag_polyprotein,A210K,12.061493
gag_polyprotein,A210L,9.150696
gag_polyprotein,A210M,12.03714
gag_polyprotein,A210N,12.162933
gag_polyprotein,A210P,11.237518
gag_polyprotein,A210Q,11.129852
gag_polyprotein,A210R,12.014038
gag_polyprotein,A210S,7.84848
gag_polyprotein,A210T,9.492981
gag_polyprotein,A210V,6.8681335
gag_polyprotein,A210W,12.042908
gag_polyprotein,A210Y,11.98941
gag_polyprotein,E211A,11.502594
gag_polyprotein,E211C,11.51767
gag_polyprotein,E211D,4.1119385
gag_polyprotein,E211F,11.5383
gag_polyprotein,E211G,8.603638
gag_polyprotein,E211H,11.57254
gag_polyprotein,E211I,10.849884
gag_polyprotein,E211K,8.376587
gag_polyprotein,E211L,10.838104
gag_polyprotein,E211M,11.561676
gag_polyprotein,E211N,9.637299
gag_polyprotein,E211P,11.544037
gag_polyprotein,E211Q,10.076599
gag_polyprotein,E211R,11.514893
gag_polyprotein,E211S,11.563782
gag_polyprotein,E211T,11.463043
gag_polyprotein,E211V,10.99353
gag_polyprotein,E211W,11.459137
gag_polyprotein,E211Y,11.536987
gag_polyprotein,W212A,13.320068
gag_polyprotein,W212C,10.962524
gag_polyprotein,W212D,13.144104
gag_polyprotein,W212E,13.147278
gag_polyprotein,W212F,11.9496155
gag_polyprotein,W212G,9.802856
gag_polyprotein,W212H,13.118805
gag_polyprotein,W212I,13.148682
gag_polyprotein,W212K,13.119934
gag_polyprotein,W212L,13.171143
gag_polyprotein,W212M,13.046082
gag_polyprotein,W212N,12.024567
gag_polyprotein,W212P,13.257446
gag_polyprotein,W212Q,13.183258
gag_polyprotein,W212R,10.243927
gag_polyprotein,W212S,11.802673
gag_polyprotein,W212T,13.111206
gag_polyprotein,W212V,13.130768
gag_polyprotein,W212Y,13.078735
gag_polyprotein,D213A,12.945953
gag_polyprotein,D213C,12.8602295
gag_polyprotein,D213E,11.446594
gag_polyprotein,D213F,12.850739
gag_polyprotein,D213G,9.732971
gag_polyprotein,D213H,11.971863
gag_polyprotein,D213I,11.835602
gag_polyprotein,D213K,12.912079
gag_polyprotein,D213L,12.9843445
gag_polyprotein,D213M,12.972015
gag_polyprotein,D213N,9.559998
gag_polyprotein,D213P,12.8758545
gag_polyprotein,D213Q,12.843201
gag_polyprotein,D213R,12.969116
gag_polyprotein,D213S,12.946411
gag_polyprotein,D213T,12.840851
gag_polyprotein,D213V,12.908844
gag_polyprotein,D213W,12.841919
gag_polyprotein,D213Y,10.836334
gag_polyprotein,R214A,12.845093
gag_polyprotein,R214C,12.826202
gag_polyprotein,R214D,12.895264
gag_polyprotein,R214E,12.919189
gag_polyprotein,R214F,12.918549
gag_polyprotein,R214G,10.014526
gag_polyprotein,R214H,12.805267
gag_polyprotein,R214I,12.846497
gag_polyprotein,R214K,8.203705
gag_polyprotein,R214L,12.797394
gag_polyprotein,R214M,12.74527
gag_polyprotein,R214N,12.871948
gag_polyprotein,R214P,12.847443
gag_polyprotein,R214Q,11.819214
gag_polyprotein,R214S,12.713104
gag_polyprotein,R214T,10.985199
gag_polyprotein,R214V,12.908569
gag_polyprotein,R214W,12.916992
gag_polyprotein,R214Y,12.821503
gag_polyprotein,L215A,8.067963
gag_polyprotein,L215C,10.681519
gag_polyprotein,L215D,10.757782
gag_polyprotein,L215E,10.772827
gag_polyprotein,L215F,10.073242
gag_polyprotein,L215G,10.135254
gag_polyprotein,L215H,10.837463
gag_polyprotein,L215I,4.856476
gag_polyprotein,L215K,10.796631
gag_polyprotein,L215M,4.112915
gag_polyprotein,L215N,10.791382
gag_polyprotein,L215P,10.432617
gag_polyprotein,L215Q,8.419342
gag_polyprotein,L215R,10.717041
gag_polyprotein,L215S,8.820648
gag_polyprotein,L215T,4.867401
gag_polyprotein,L215V,2.7973633
gag_polyprotein,L215W,10.681152
gag_polyprotein,L215Y,10.718658
gag_polyprotein,H216A,13.0190735
gag_polyprotein,H216C,12.876221
gag_polyprotein,H216D,11.836304
gag_polyprotein,H216E,12.942535
gag_polyprotein,H216F,12.9340515
gag_polyprotein,H216G,13.001678
gag_polyprotein,H216I,12.932831
gag_polyprotein,H216K,12.86496
gag_polyprotein,H216L,11.254913
gag_polyprotein,H216M,12.922455
gag_polyprotein,H216N,9.057922
gag_polyprotein,H216P,11.725311
gag_polyprotein,H216Q,11.867828
gag_polyprotein,H216R,9.839508
gag_polyprotein,H216S,12.861145
gag_polyprotein,H216T,12.884827
gag_polyprotein,H216V,12.918915
gag_polyprotein,H216W,12.862732
gag_polyprotein,H216Y,10.7812195
gag_polyprotein,P217A,12.990631
gag_polyprotein,P217C,12.182678
gag_polyprotein,P217D,13.399506
gag_polyprotein,P217E,13.505554
gag_polyprotein,P217F,13.299316
gag_polyprotein,P217G,13.458771
gag_polyprotein,P217H,13.417633
gag_polyprotein,P217I,13.344086
gag_polyprotein,P217K,13.358795
gag_polyprotein,P217L,12.14798
gag_polyprotein,P217M,13.3984375
gag_polyprotein,P217N,13.476837
gag_polyprotein,P217Q,12.006287
gag_polyprotein,P217R,13.42218
gag_polyprotein,P217S,10.344879
gag_polyprotein,P217T,13.436127
gag_polyprotein,P217V,12.115967
gag_polyprotein,P217W,13.512268
gag_polyprotein,P217Y,13.437012
gag_polyprotein,V218A,4.8325806
gag_polyprotein,V218C,11.554504
gag_polyprotein,V218D,11.419189
gag_polyprotein,V218E,10.214905
gag_polyprotein,V218F,11.468567
gag_polyprotein,V218G,10.824646
gag_polyprotein,V218H,11.506775
gag_polyprotein,V218I,6.1402283
gag_polyprotein,V218K,11.467987
gag_polyprotein,V218L,8.555695
gag_polyprotein,V218M,8.509003
gag_polyprotein,V218N,11.431641
gag_polyprotein,V218P,5.577179
gag_polyprotein,V218Q,8.078003
gag_polyprotein,V218R,10.244812
gag_polyprotein,V218S,10.94754
gag_polyprotein,V218T,7.858185
gag_polyprotein,V218W,11.505981
gag_polyprotein,V218Y,11.511108
gag_polyprotein,H219A,8.315826
gag_polyprotein,H219C,11.4253235
gag_polyprotein,H219D,11.366425
gag_polyprotein,H219E,11.35318
gag_polyprotein,H219F,11.35318
gag_polyprotein,H219G,11.34436
gag_polyprotein,H219I,11.424225
gag_polyprotein,H219K,11.303192
gag_polyprotein,H219L,11.377686
gag_polyprotein,H219M,11.31543
gag_polyprotein,H219N,11.125214
gag_polyprotein,H219P,6.3901367
gag_polyprotein,H219Q,3.1270447
gag_polyprotein,H219R,9.353577
gag_polyprotein,H219S,11.3628845
gag_polyprotein,H219T,11.337799
gag_polyprotein,H219V,11.304077
gag_polyprotein,H219W,11.362701
gag_polyprotein,H219Y,8.892761
gag_polyprotein,A220C,12.915344
gag_polyprotein,A220D,12.927399
gag_polyprotein,A220E,12.901703
gag_polyprotein,A220F,12.896454
gag_polyprotein,A220G,11.807526
gag_polyprotein,A220H,12.959717
gag_polyprotein,A220I,11.116119
gag_polyprotein,A220K,12.843323
gag_polyprotein,A220L,12.976257
gag_polyprotein,A220M,12.901489
gag_polyprotein,A220N,12.981445
gag_polyprotein,A220P,12.861725
gag_polyprotein,A220Q,12.876709
gag_polyprotein,A220R,12.853638
gag_polyprotein,A220S,12.659546
gag_polyprotein,A220T,10.295258
gag_polyprotein,A220V,8.957001
gag_polyprotein,A220W,12.956848
gag_polyprotein,A220Y,11.82663
gag_polyprotein,G221A,13.378754
gag_polyprotein,G221C,12.1458435
gag_polyprotein,G221D,13.451599
gag_polyprotein,G221E,10.8437805
gag_polyprotein,G221F,13.422668
gag_polyprotein,G221H,13.337555
gag_polyprotein,G221I,13.382416
gag_polyprotein,G221K,13.38208
gag_polyprotein,G221L,13.405243
gag_polyprotein,G221M,13.391327
gag_polyprotein,G221N,13.290588
gag_polyprotein,G221P,13.337524
gag_polyprotein,G221Q,13.416687
gag_polyprotein,G221R,9.858307
gag_polyprotein,G221S,13.405182
gag_polyprotein,G221T,13.429169
gag_polyprotein,G221V,12.933929
gag_polyprotein,G221W,13.373993
gag_polyprotein,G221Y,12.155304
gag_polyprotein,P222A,11.958405
gag_polyprotein,P222C,13.260345
gag_polyprotein,P222D,13.367401
gag_polyprotein,P222E,13.334534
gag_polyprotein,P222F,13.260651
gag_polyprotein,P222G,13.141113
gag_polyprotein,P222H,12.134827
gag_polyprotein,P222I,13.263641
gag_polyprotein,P222K,12.133148
gag_polyprotein,P222L,11.147095
gag_polyprotein,P222M,13.400848
gag_polyprotein,P222N,12.07428
gag_polyprotein,P222Q,13.287231
gag_polyprotein,P222R,13.317383
gag_polyprotein,P222S,11.5336
gag_polyprotein,P222T,13.29361
gag_polyprotein,P222V,13.252228
gag_polyprotein,P222W,13.27478
gag_polyprotein,P222Y,13.296753
gag_polyprotein,I223A,4.997772
gag_polyprotein,I223C,10.731842
gag_polyprotein,I223D,9.269348
gag_polyprotein,I223E,10.131531
gag_polyprotein,I223F,8.086792
gag_polyprotein,I223G,10.696869
gag_polyprotein,I223H,6.516968
gag_polyprotein,I223K,10.762726
gag_polyprotein,I223L,6.6750183
gag_polyprotein,I223M,8.214569
gag_polyprotein,I223N,5.2012024
gag_polyprotein,I223P,5.5908813
gag_polyprotein,I223Q,8.568085
gag_polyprotein,I223R,10.728851
gag_polyprotein,I223S,10.105377
gag_polyprotein,I223T,6.109619
gag_polyprotein,I223V,1.6869812
gag_polyprotein,I223W,10.727051
gag_polyprotein,I223Y,7.79187
gag_polyprotein,A224C,12.333984
gag_polyprotein,A224D,12.262329
gag_polyprotein,A224E,12.170441
gag_polyprotein,A224F,12.199127
gag_polyprotein,A224G,12.333191
gag_polyprotein,A224H,12.284943
gag_polyprotein,A224I,12.254913
gag_polyprotein,A224K,12.310272
gag_polyprotein,A224L,12.262451
gag_polyprotein,A224M,12.278503
gag_polyprotein,A224N,12.255127
gag_polyprotein,A224P,5.7072144
gag_polyprotein,A224Q,7.704468
gag_polyprotein,A224R,11.597382
gag_polyprotein,A224S,12.108307
gag_polyprotein,A224T,10.556305
gag_polyprotein,A224V,8.547363
gag_polyprotein,A224W,12.313141
gag_polyprotein,A224Y,12.250397
gag_polyprotein,P225A,7.551605
gag_polyprotein,P225C,11.499451
gag_polyprotein,P225D,12.488434
gag_polyprotein,P225E,12.488556
gag_polyprotein,P225F,12.458618
gag_polyprotein,P225G,12.388031
gag_polyprotein,P225H,11.471436
gag_polyprotein,P225I,12.46759
gag_polyprotein,P225K,12.453583
gag_polyprotein,P225L,9.797577
gag_polyprotein,P225M,12.470215
gag_polyprotein,P225N,12.435608
gag_polyprotein,P225Q,8.463287
gag_polyprotein,P225R,12.403778
gag_polyprotein,P225S,10.630493
gag_polyprotein,P225T,12.322479
gag_polyprotein,P225V,11.079468
gag_polyprotein,P225W,12.46225
gag_polyprotein,P225Y,12.496063
gag_polyprotein,G226A,10.634735
gag_polyprotein,G226C,12.71814
gag_polyprotein,G226D,9.431
gag_polyprotein,G226E,12.65033
gag_polyprotein,G226F,12.6440735
gag_polyprotein,G226H,12.691528
gag_polyprotein,G226I,12.620972
gag_polyprotein,G226K,12.635254
gag_polyprotein,G226L,12.715973
gag_polyprotein,G226M,12.697388
gag_polyprotein,G226N,8.266602
gag_polyprotein,G226P,12.608856
gag_polyprotein,G226Q,12.615753
gag_polyprotein,G226R,10.114349
gag_polyprotein,G226S,11.535278
gag_polyprotein,G226T,12.6944275
gag_polyprotein,G226V,11.418457
gag_polyprotein,G226W,12.60968
gag_polyprotein,G226Y,12.564667
gag_polyprotein,Q227A,12.866211
gag_polyprotein,Q227C,12.908997
gag_polyprotein,Q227D,12.985016
gag_polyprotein,Q227E,11.857147
gag_polyprotein,Q227F,12.917053
gag_polyprotein,Q227G,12.930359
gag_polyprotein,Q227H,9.734039
gag_polyprotein,Q227I,12.982452
gag_polyprotein,Q227K,11.235718
gag_polyprotein,Q227L,11.229797
gag_polyprotein,Q227M,12.991943
gag_polyprotein,Q227N,12.899231
gag_polyprotein,Q227P,11.226074
gag_polyprotein,Q227R,9.965881
gag_polyprotein,Q227S,11.843414
gag_polyprotein,Q227T,11.615631
gag_polyprotein,Q227V,12.861694
gag_polyprotein,Q227W,12.837982
gag_polyprotein,Q227Y,13.005859
gag_polyprotein,M228A,10.288574
gag_polyprotein,M228C,11.444092
gag_polyprotein,M228D,11.558319
gag_polyprotein,M228E,11.519043
gag_polyprotein,M228F,9.6026
gag_polyprotein,M228G,11.453186
gag_polyprotein,M228H,11.479553
gag_polyprotein,M228I,4.021454
gag_polyprotein,M228K,11.482147
gag_polyprotein,M228L,4.802307
gag_polyprotein,M228N,11.418274
gag_polyprotein,M228P,9.911957
gag_polyprotein,M228Q,10.444397
gag_polyprotein,M228R,10.277435
gag_polyprotein,M228S,11.417358
gag_polyprotein,M228T,9.37561
gag_polyprotein,M228V,6.506073
gag_polyprotein,M228W,11.5503235
gag_polyprotein,M228Y,11.519806
gag_polyprotein,R229A,12.903534
gag_polyprotein,R229C,12.777679
gag_polyprotein,R229D,11.731567
gag_polyprotein,R229E,11.756531
gag_polyprotein,R229F,12.670319
gag_polyprotein,R229G,8.745728
gag_polyprotein,R229H,12.729675
gag_polyprotein,R229I,10.618652
gag_polyprotein,R229K,8.712921
gag_polyprotein,R229L,12.763428
gag_polyprotein,R229M,12.812744
gag_polyprotein,R229N,12.743195
gag_polyprotein,R229P,12.775238
gag_polyprotein,R229Q,12.65567
gag_polyprotein,R229S,12.707153
gag_polyprotein,R229T,12.896881
gag_polyprotein,R229V,12.737671
gag_polyprotein,R229W,12.654449
gag_polyprotein,R229Y,12.682678
gag_polyprotein,E230A,11.772156
gag_polyprotein,E230C,11.876343
gag_polyprotein,E230D,4.563843
gag_polyprotein,E230F,12.08313
gag_polyprotein,E230G,9.213776
gag_polyprotein,E230H,11.989929
gag_polyprotein,E230I,11.9375
gag_polyprotein,E230K,9.8185425
gag_polyprotein,E230L,11.131989
gag_polyprotein,E230M,11.988831
gag_polyprotein,E230N,11.117126
gag_polyprotein,E230P,11.929749
gag_polyprotein,E230Q,11.911194
gag_polyprotein,E230R,11.153687
gag_polyprotein,E230S,11.992249
gag_polyprotein,E230T,11.196136
gag_polyprotein,E230V,10.532654
gag_polyprotein,E230W,11.906555
gag_polyprotein,E230Y,11.912262
gag_polyprotein,P231A,13.246338
gag_polyprotein,P231C,13.413574
gag_polyprotein,P231D,13.558105
gag_polyprotein,P231E,13.499603
gag_polyprotein,P231F,13.459656
gag_polyprotein,P231G,13.471741
gag_polyprotein,P231H,13.441193
gag_polyprotein,P231I,13.440582
gag_polyprotein,P231K,13.518494
gag_polyprotein,P231L,13.200348
gag_polyprotein,P231M,13.437225
gag_polyprotein,P231N,12.148193
gag_polyprotein,P231Q,13.419678
gag_polyprotein,P231R,11.86084
gag_polyprotein,P231S,10.54364
gag_polyprotein,P231T,12.154907
gag_polyprotein,P231V,13.519684
gag_polyprotein,P231W,13.452179
gag_polyprotein,P231Y,13.4704895
gag_polyprotein,R232A,11.7777405
gag_polyprotein,R232C,12.712036
gag_polyprotein,R232D,12.73407
gag_polyprotein,R232E,11.655212
gag_polyprotein,R232F,12.764038
gag_polyprotein,R232G,9.0625
gag_polyprotein,R232H,12.668793
gag_polyprotein,R232I,11.645203
gag_polyprotein,R232K,8.987152
gag_polyprotein,R232L,12.723877
gag_polyprotein,R232M,12.037842
gag_polyprotein,R232N,11.773743
gag_polyprotein,R232P,12.681854
gag_polyprotein,R232Q,11.651825
gag_polyprotein,R232S,10.914398
gag_polyprotein,R232T,8.778778
gag_polyprotein,R232V,12.648224
gag_polyprotein,R232W,11.582672
gag_polyprotein,R232Y,12.706696
gag_polyprotein,G233A,13.034729
gag_polyprotein,G233C,12.930359
gag_polyprotein,G233D,12.951843
gag_polyprotein,G233E,8.407593
gag_polyprotein,G233F,12.9175415
gag_polyprotein,G233H,13.019287
gag_polyprotein,G233I,13.042694
gag_polyprotein,G233K,13.056854
gag_polyprotein,G233L,12.993988
gag_polyprotein,G233M,13.049622
gag_polyprotein,G233N,13.005371
gag_polyprotein,G233P,13.04483
gag_polyprotein,G233Q,11.802734
gag_polyprotein,G233R,10.5763855
gag_polyprotein,G233S,11.783081
gag_polyprotein,G233T,13.000153
gag_polyprotein,G233V,13.017334
gag_polyprotein,G233W,13.002777
gag_polyprotein,G233Y,12.963196
gag_polyprotein,S234A,12.927429
gag_polyprotein,S234C,11.872253
gag_polyprotein,S234D,12.862122
gag_polyprotein,S234E,12.902161
gag_polyprotein,S234F,11.836365
gag_polyprotein,S234G,8.499603
gag_polyprotein,S234H,12.956879
gag_polyprotein,S234I,12.916779
gag_polyprotein,S234K,11.932343
gag_polyprotein,S234L,12.859955
gag_polyprotein,S234M,12.932892
gag_polyprotein,S234N,10.632629
gag_polyprotein,S234P,12.939941
gag_polyprotein,S234Q,12.918091
gag_polyprotein,S234R,10.306183
gag_polyprotein,S234T,9.7647705
gag_polyprotein,S234V,12.91983
gag_polyprotein,S234W,12.903351
gag_polyprotein,S234Y,12.961884
gag_polyprotein,D235A,10.791351
gag_polyprotein,D235C,13.241577
gag_polyprotein,D235E,12.069305
gag_polyprotein,D235F,13.233795
gag_polyprotein,D235G,9.40683
gag_polyprotein,D235H,13.116058
gag_polyprotein,D235I,13.225403
gag_polyprotein,D235K,13.198212
gag_polyprotein,D235L,13.1909485
gag_polyprotein,D235M,13.2500305
gag_polyprotein,D235N,12.235352
gag_polyprotein,D235P,13.225128
gag_polyprotein,D235Q,13.177795
gag_polyprotein,D235R,13.221497
gag_polyprotein,D235S,13.263489
gag_polyprotein,D235T,13.256439
gag_polyprotein,D235V,12.080872
gag_polyprotein,D235W,13.275787
gag_polyprotein,D235Y,12.10498
gag_polyprotein,I236A,13.182983
gag_polyprotein,I236C,13.029419
gag_polyprotein,I236D,13.116577
gag_polyprotein,I236E,13.118164
gag_polyprotein,I236F,13.134186
gag_polyprotein,I236G,13.115387
gag_polyprotein,I236H,13.063995
gag_polyprotein,I236K,13.067261
gag_polyprotein,I236L,10.220123
gag_polyprotein,I236M,11.251831
gag_polyprotein,I236N,13.141754
gag_polyprotein,I236P,13.087097
gag_polyprotein,I236Q,13.096985
gag_polyprotein,I236R,13.111511
gag_polyprotein,I236S,13.106781
gag_polyprotein,I236T,9.513062
gag_polyprotein,I236V,9.949158
gag_polyprotein,I236W,13.153107
gag_polyprotein,I236Y,13.090729
gag_polyprotein,A237C,12.942047
gag_polyprotein,A237D,13.002533
gag_polyprotein,A237E,11.837006
gag_polyprotein,A237F,13.050629
gag_polyprotein,A237G,12.9427185
gag_polyprotein,A237H,13.00528
gag_polyprotein,A237I,11.879181
gag_polyprotein,A237K,12.94577
gag_polyprotein,A237L,11.886078
gag_polyprotein,A237M,12.964905
gag_polyprotein,A237N,13.039978
gag_polyprotein,A237P,11.3046875
gag_polyprotein,A237Q,11.857574
gag_polyprotein,A237R,12.961792
gag_polyprotein,A237S,10.049377
gag_polyprotein,A237T,10.563965
gag_polyprotein,A237V,11.13681
gag_polyprotein,A237W,11.926697
gag_polyprotein,A237Y,13.015564
gag_polyprotein,G238A,11.398346
gag_polyprotein,G238C,11.865143
gag_polyprotein,G238D,12.957275
gag_polyprotein,G238E,9.998383
gag_polyprotein,G238F,13.085327
gag_polyprotein,G238H,13.015259
gag_polyprotein,G238I,13.055603
gag_polyprotein,G238K,11.939331
gag_polyprotein,G238L,13.032257
gag_polyprotein,G238M,13.055725
gag_polyprotein,G238N,13.123962
gag_polyprotein,G238P,13.144379
gag_polyprotein,G238Q,13.034668
gag_polyprotein,G238R,9.593353
gag_polyprotein,G238S,13.063538
gag_polyprotein,G238T,13.119446
gag_polyprotein,G238V,13.031891
gag_polyprotein,G238W,12.981476
gag_polyprotein,G238Y,13.009247
gag_polyprotein,T239A,7.755005
gag_polyprotein,T239C,10.804291
gag_polyprotein,T239D,11.68338
gag_polyprotein,T239E,11.654358
gag_polyprotein,T239F,11.736206
gag_polyprotein,T239G,11.669281
gag_polyprotein,T239H,11.660248
gag_polyprotein,T239I,8.224762
gag_polyprotein,T239K,11.646301
gag_polyprotein,T239L,11.709442
gag_polyprotein,T239M,11.689514
gag_polyprotein,T239N,10.811005
gag_polyprotein,T239P,10.093933
gag_polyprotein,T239Q,11.704285
gag_polyprotein,T239R,11.687897
gag_polyprotein,T239S,5.0641785
gag_polyprotein,T239V,8.826263
gag_polyprotein,T239W,11.550171
gag_polyprotein,T239Y,11.613678
gag_polyprotein,T240A,10.821594
gag_polyprotein,T240C,12.214905
gag_polyprotein,T240D,12.347382
gag_polyprotein,T240E,12.306671
gag_polyprotein,T240F,12.258453
gag_polyprotein,T240G,12.310852
gag_polyprotein,T240H,12.256378
gag_polyprotein,T240I,9.244415
gag_polyprotein,T240K,12.278656
gag_polyprotein,T240L,12.236969
gag_polyprotein,T240M,12.335999
gag_polyprotein,T240N,9.972992
gag_polyprotein,T240P,10.886993
gag_polyprotein,T240Q,12.301086
gag_polyprotein,T240R,12.207886
gag_polyprotein,T240S,7.867035
gag_polyprotein,T240V,12.318634
gag_polyprotein,T240W,11.247192
gag_polyprotein,T240Y,12.175201
gag_polyprotein,S241A,13.269928
gag_polyprotein,S241C,11.8619995
gag_polyprotein,S241D,13.307739
gag_polyprotein,S241E,13.314575
gag_polyprotein,S241F,13.309723
gag_polyprotein,S241G,9.789215
gag_polyprotein,S241H,13.341309
gag_polyprotein,S241I,11.7034
gag_polyprotein,S241K,13.216614
gag_polyprotein,S241L,13.330475
gag_polyprotein,S241M,13.327454
gag_polyprotein,S241N,11.458405
gag_polyprotein,S241P,13.287323
gag_polyprotein,S241Q,13.212555
gag_polyprotein,S241R,11.821442
gag_polyprotein,S241T,12.257202
gag_polyprotein,S241V,13.299805
gag_polyprotein,S241W,12.176178
gag_polyprotein,S241Y,12.196777
gag_polyprotein,T242A,9.4904175
gag_polyprotein,T242C,11.37323
gag_polyprotein,T242D,11.421539
gag_polyprotein,T242E,11.458191
gag_polyprotein,T242F,11.361267
gag_polyprotein,T242G,11.442078
gag_polyprotein,T242H,11.344696
gag_polyprotein,T242I,10.150391
gag_polyprotein,T242K,10.755615
gag_polyprotein,T242L,11.352997
gag_polyprotein,T242M,11.387054
gag_polyprotein,T242N,3.3243103
gag_polyprotein,T242P,10.775665
gag_polyprotein,T242Q,11.361694
gag_polyprotein,T242R,11.423553
gag_polyprotein,T242S,5.8829956
gag_polyprotein,T242V,10.787781
gag_polyprotein,T242W,11.386963
gag_polyprotein,T242Y,11.317352
gag_polyprotein,L243A,10.831482
gag_polyprotein,L243C,13.021179
gag_polyprotein,L243D,13.100739
gag_polyprotein,L243E,12.243011
gag_polyprotein,L243F,10.175659
gag_polyprotein,L243G,13.0442505
gag_polyprotein,L243H,11.602692
gag_polyprotein,L243I,9.624786
gag_polyprotein,L243K,13.19516
gag_polyprotein,L243M,11.22876
gag_polyprotein,L243N,12.989685
gag_polyprotein,L243P,7.714081
gag_polyprotein,L243Q,12.057129
gag_polyprotein,L243R,12.922668
gag_polyprotein,L243S,11.426697
gag_polyprotein,L243T,9.220001
gag_polyprotein,L243V,10.618347
gag_polyprotein,L243W,13.101501
gag_polyprotein,L243Y,13.044098
gag_polyprotein,Q244A,6.919525
gag_polyprotein,Q244C,11.860931
gag_polyprotein,Q244D,8.926727
gag_polyprotein,Q244E,9.695007
gag_polyprotein,Q244F,11.861877
gag_polyprotein,Q244G,11.084076
gag_polyprotein,Q244H,9.734131
gag_polyprotein,Q244I,11.766785
gag_polyprotein,Q244K,10.911316
gag_polyprotein,Q244L,9.72052
gag_polyprotein,Q244M,11.8532715
gag_polyprotein,Q244N,10.525848
gag_polyprotein,Q244P,9.159546
gag_polyprotein,Q244R,8.220215
gag_polyprotein,Q244S,9.23053
gag_polyprotein,Q244T,8.7300415
gag_polyprotein,Q244V,10.562103
gag_polyprotein,Q244W,11.837128
gag_polyprotein,Q244Y,11.00412
gag_polyprotein,E245A,12.576538
gag_polyprotein,E245C,12.523468
gag_polyprotein,E245D,7.0933533
gag_polyprotein,E245F,12.581879
gag_polyprotein,E245G,9.279602
gag_polyprotein,E245H,12.416016
gag_polyprotein,E245I,12.460663
gag_polyprotein,E245K,10.423401
gag_polyprotein,E245L,12.549805
gag_polyprotein,E245M,12.473145
gag_polyprotein,E245N,12.366028
gag_polyprotein,E245P,12.429413
gag_polyprotein,E245Q,10.698151
gag_polyprotein,E245R,12.552948
gag_polyprotein,E245S,12.539246
gag_polyprotein,E245T,12.473022
gag_polyprotein,E245V,12.401764
gag_polyprotein,E245W,11.519409
gag_polyprotein,E245Y,12.4904785
gag_polyprotein,Q246A,11.722748
gag_polyprotein,Q246C,12.949829
gag_polyprotein,Q246D,12.931732
gag_polyprotein,Q246E,11.438171
gag_polyprotein,Q246F,13.007629
gag_polyprotein,Q246G,12.980621
gag_polyprotein,Q246H,10.139496
gag_polyprotein,Q246I,12.922791
gag_polyprotein,Q246K,12.8471985
gag_polyprotein,Q246L,11.469696
gag_polyprotein,Q246M,12.89917
gag_polyprotein,Q246N,12.94223
gag_polyprotein,Q246P,11.808319
gag_polyprotein,Q246R,10.80719
gag_polyprotein,Q246S,13.027527
gag_polyprotein,Q246T,12.991882
gag_polyprotein,Q246V,12.948456
gag_polyprotein,Q246W,12.959991
gag_polyprotein,Q246Y,12.992645
gag_polyprotein,I247A,10.816895
gag_polyprotein,I247C,11.373627
gag_polyprotein,I247D,12.12616
gag_polyprotein,I247E,12.082703
gag_polyprotein,I247F,12.053436
gag_polyprotein,I247G,12.083252
gag_polyprotein,I247H,11.929962
gag_polyprotein,I247K,11.904205
gag_polyprotein,I247L,8.652649
gag_polyprotein,I247M,8.030945
gag_polyprotein,I247N,11.482574
gag_polyprotein,I247P,12.095245
gag_polyprotein,I247Q,12.09198
gag_polyprotein,I247R,12.004089
gag_polyprotein,I247S,12.059723
gag_polyprotein,I247T,10.078735
gag_polyprotein,I247V,5.120178
gag_polyprotein,I247W,12.164978
gag_polyprotein,I247Y,12.025482
gag_polyprotein,G248A,2.6096497
gag_polyprotein,G248C,10.764404
gag_polyprotein,G248D,6.016144
gag_polyprotein,G248E,7.3962708
gag_polyprotein,G248F,10.790741
gag_polyprotein,G248H,9.63858
gag_polyprotein,G248I,10.208954
gag_polyprotein,G248K,9.889099
gag_polyprotein,G248L,10.701782
gag_polyprotein,G248M,10.802795
gag_polyprotein,G248N,5.6185913
gag_polyprotein,G248P,9.75238
gag_polyprotein,G248Q,6.259796
gag_polyprotein,G248R,7.5195312
gag_polyprotein,G248S,9.510864
gag_polyprotein,G248T,4.8468018
gag_polyprotein,G248V,9.965729
gag_polyprotein,G248W,10.745148
gag_polyprotein,G248Y,10.676697
gag_polyprotein,W249A,13.086914
gag_polyprotein,W249C,11.234131
gag_polyprotein,W249D,13.179382
gag_polyprotein,W249E,13.144897
gag_polyprotein,W249F,13.1302185
gag_polyprotein,W249G,10.0121155
gag_polyprotein,W249H,13.117462
gag_polyprotein,W249I,13.085266
gag_polyprotein,W249K,11.969452
gag_polyprotein,W249L,13.089905
gag_polyprotein,W249M,13.127502
gag_polyprotein,W249N,13.160339
gag_polyprotein,W249P,13.074432
gag_polyprotein,W249Q,13.253326
gag_polyprotein,W249R,9.257385
gag_polyprotein,W249S,11.666199
gag_polyprotein,W249T,13.148499
gag_polyprotein,W249V,13.126129
gag_polyprotein,W249Y,13.134186
gag_polyprotein,M250A,12.129761
gag_polyprotein,M250C,12.091644
gag_polyprotein,M250D,10.786774
gag_polyprotein,M250E,12.183716
gag_polyprotein,M250F,12.098694
gag_polyprotein,M250G,12.048859
gag_polyprotein,M250H,12.099335
gag_polyprotein,M250I,6.237854
gag_polyprotein,M250K,11.186127
gag_polyprotein,M250L,11.842102
gag_polyprotein,M250N,12.15329
gag_polyprotein,M250P,12.06723
gag_polyprotein,M250Q,12.083466
gag_polyprotein,M250R,10.098389
gag_polyprotein,M250S,12.151703
gag_polyprotein,M250T,7.5678406
gag_polyprotein,M250V,9.25235
gag_polyprotein,M250W,12.077667
gag_polyprotein,M250Y,12.072601
gag_polyprotein,T251A,9.491119
gag_polyprotein,T251C,13.086578
gag_polyprotein,T251D,12.010193
gag_polyprotein,T251E,12.059357
gag_polyprotein,T251F,13.049622
gag_polyprotein,T251G,13.070007
gag_polyprotein,T251H,13.150665
gag_polyprotein,T251I,11.21582
gag_polyprotein,T251K,12.122345
gag_polyprotein,T251L,13.082947
gag_polyprotein,T251M,13.049805
gag_polyprotein,T251N,12.996002
gag_polyprotein,T251P,11.286102
gag_polyprotein,T251Q,13.155548
gag_polyprotein,T251R,11.638855
gag_polyprotein,T251S,10.895081
gag_polyprotein,T251V,13.128204
gag_polyprotein,T251W,13.152527
gag_polyprotein,T251Y,13.100128
gag_polyprotein,H252A,4.228241
gag_polyprotein,H252C,8.628387
gag_polyprotein,H252D,7.5785522
gag_polyprotein,H252E,8.015167
gag_polyprotein,H252F,7.8363647
gag_polyprotein,H252G,3.2309875
gag_polyprotein,H252I,8.52301
gag_polyprotein,H252K,6.669861
gag_polyprotein,H252L,8.599548
gag_polyprotein,H252M,8.609528
gag_polyprotein,H252N,-2.0864563
gag_polyprotein,H252P,8.539246
gag_polyprotein,H252Q,5.3060303
gag_polyprotein,H252R,5.7039795
gag_polyprotein,H252S,0.33267212
gag_polyprotein,H252T,6.2886353
gag_polyprotein,H252V,8.472778
gag_polyprotein,H252W,8.513306
gag_polyprotein,H252Y,7.856476
gag_polyprotein,N253A,10.365326
gag_polyprotein,N253C,12.149414
gag_polyprotein,N253D,9.859833
gag_polyprotein,N253E,11.304108
gag_polyprotein,N253F,12.16153
gag_polyprotein,N253G,11.302002
gag_polyprotein,N253H,11.071106
gag_polyprotein,N253I,9.815094
gag_polyprotein,N253K,11.266235
gag_polyprotein,N253L,12.157379
gag_polyprotein,N253M,12.212402
gag_polyprotein,N253P,12.142639
gag_polyprotein,N253Q,10.323242
gag_polyprotein,N253R,12.127045
gag_polyprotein,N253S,9.696747
gag_polyprotein,N253T,6.733856
gag_polyprotein,N253V,12.128082
gag_polyprotein,N253W,11.270538
gag_polyprotein,N253Y,10.471222
gag_polyprotein,P254A,13.309998
gag_polyprotein,P254C,13.401855
gag_polyprotein,P254D,13.417847
gag_polyprotein,P254E,12.246643
gag_polyprotein,P254F,13.393097
gag_polyprotein,P254G,12.228455
gag_polyprotein,P254H,13.458252
gag_polyprotein,P254I,13.467682
gag_polyprotein,P254K,13.347748
gag_polyprotein,P254L,12.10022
gag_polyprotein,P254M,13.391296
gag_polyprotein,P254N,10.961334
gag_polyprotein,P254Q,11.130402
gag_polyprotein,P254R,13.38205
gag_polyprotein,P254S,12.1397705
gag_polyprotein,P254T,10.78186
gag_polyprotein,P254V,13.444489
gag_polyprotein,P254W,13.370209
gag_polyprotein,P254Y,13.451508
gag_polyprotein,P255A,5.1312866
gag_polyprotein,P255C,11.940552
gag_polyprotein,P255D,12.022003
gag_polyprotein,P255E,11.925995
gag_polyprotein,P255F,11.267242
gag_polyprotein,P255G,9.549591
gag_polyprotein,P255H,11.851898
gag_polyprotein,P255I,11.901978
gag_polyprotein,P255K,11.242767
gag_polyprotein,P255L,9.94043
gag_polyprotein,P255M,11.938599
gag_polyprotein,P255N,11.981018
gag_polyprotein,P255Q,11.93811
gag_polyprotein,P255R,12.079376
gag_polyprotein,P255S,7.198578
gag_polyprotein,P255T,10.045563
gag_polyprotein,P255V,9.0979
gag_polyprotein,P255W,11.870178
gag_polyprotein,P255Y,11.996155
gag_polyprotein,I256A,10.42691
gag_polyprotein,I256C,11.590881
gag_polyprotein,I256D,11.639557
gag_polyprotein,I256E,11.648346
gag_polyprotein,I256F,10.069183
gag_polyprotein,I256G,10.653534
gag_polyprotein,I256H,10.962158
gag_polyprotein,I256K,11.645905
gag_polyprotein,I256L,10.423279
gag_polyprotein,I256M,7.879181
gag_polyprotein,I256N,10.457428
gag_polyprotein,I256P,11.687805
gag_polyprotein,I256Q,11.665161
gag_polyprotein,I256R,9.769806
gag_polyprotein,I256S,10.971222
gag_polyprotein,I256T,6.70224
gag_polyprotein,I256V,4.9672546
gag_polyprotein,I256W,11.663849
gag_polyprotein,I256Y,11.043884
gag_polyprotein,P257A,9.54071
gag_polyprotein,P257C,12.134674
gag_polyprotein,P257D,12.046814
gag_polyprotein,P257E,12.068207
gag_polyprotein,P257F,12.126801
gag_polyprotein,P257G,12.009186
gag_polyprotein,P257H,10.991394
gag_polyprotein,P257I,12.09137
gag_polyprotein,P257K,12.022766
gag_polyprotein,P257L,9.538605
gag_polyprotein,P257M,12.140137
gag_polyprotein,P257N,11.002777
gag_polyprotein,P257Q,7.046692
gag_polyprotein,P257R,9.966827
gag_polyprotein,P257S,9.510986
gag_polyprotein,P257T,10.085876
gag_polyprotein,P257V,12.036438
gag_polyprotein,P257W,12.0896
gag_polyprotein,P257Y,11.996735
gag_polyprotein,V258A,8.9375
gag_polyprotein,V258C,11.448242
gag_polyprotein,V258D,12.559692
gag_polyprotein,V258E,12.453491
gag_polyprotein,V258F,12.587738
gag_polyprotein,V258G,11.637573
gag_polyprotein,V258H,12.462677
gag_polyprotein,V258I,7.748596
gag_polyprotein,V258K,12.514526
gag_polyprotein,V258L,11.406769
gag_polyprotein,V258M,12.107086
gag_polyprotein,V258N,12.546448
gag_polyprotein,V258P,12.543335
gag_polyprotein,V258Q,12.469696
gag_polyprotein,V258R,12.520325
gag_polyprotein,V258S,10.868103
gag_polyprotein,V258T,11.513031
gag_polyprotein,V258W,12.475586
gag_polyprotein,V258Y,11.555786
gag_polyprotein,G259A,11.113922
gag_polyprotein,G259C,11.663116
gag_polyprotein,G259D,12.862579
gag_polyprotein,G259E,8.600586
gag_polyprotein,G259F,12.813507
gag_polyprotein,G259H,12.842072
gag_polyprotein,G259I,12.803772
gag_polyprotein,G259K,12.677185
gag_polyprotein,G259L,12.881592
gag_polyprotein,G259M,12.784943
gag_polyprotein,G259N,11.6666565
gag_polyprotein,G259P,11.615387
gag_polyprotein,G259Q,12.805328
gag_polyprotein,G259R,9.7213745
gag_polyprotein,G259S,12.833496
gag_polyprotein,G259T,12.893341
gag_polyprotein,G259V,12.83252
gag_polyprotein,G259W,12.736847
gag_polyprotein,G259Y,12.846893
gag_polyprotein,E260A,10.598785
gag_polyprotein,E260C,11.34729
gag_polyprotein,E260D,3.6794739
gag_polyprotein,E260F,11.379028
gag_polyprotein,E260G,8.583557
gag_polyprotein,E260H,10.891449
gag_polyprotein,E260I,11.340851
gag_polyprotein,E260K,7.9552
gag_polyprotein,E260L,11.369476
gag_polyprotein,E260M,11.343964
gag_polyprotein,E260N,9.105804
gag_polyprotein,E260P,10.854309
gag_polyprotein,E260Q,8.943695
gag_polyprotein,E260R,9.860809
gag_polyprotein,E260S,11.385193
gag_polyprotein,E260T,11.379456
gag_polyprotein,E260V,11.293243
gag_polyprotein,E260W,11.472321
gag_polyprotein,E260Y,11.426147
gag_polyprotein,I261A,12.502838
gag_polyprotein,I261C,12.631378
gag_polyprotein,I261D,12.679779
gag_polyprotein,I261E,12.5772705
gag_polyprotein,I261F,10.830078
gag_polyprotein,I261G,12.620605
gag_polyprotein,I261H,12.560242
gag_polyprotein,I261K,12.557526
gag_polyprotein,I261L,7.917328
gag_polyprotein,I261M,10.148376
gag_polyprotein,I261N,12.436523
gag_polyprotein,I261P,11.569214
gag_polyprotein,I261Q,12.595215
gag_polyprotein,I261R,12.528534
gag_polyprotein,I261S,11.34256
gag_polyprotein,I261T,10.390381
gag_polyprotein,I261V,8.6698
gag_polyprotein,I261W,12.583405
gag_polyprotein,I261Y,10.696014
gag_polyprotein,Y262A,11.962219
gag_polyprotein,Y262C,11.335205
gag_polyprotein,Y262D,12.968475
gag_polyprotein,Y262E,13.183533
gag_polyprotein,Y262F,9.244965
gag_polyprotein,Y262G,13.1423645
gag_polyprotein,Y262H,11.685577
gag_polyprotein,Y262I,13.241699
gag_polyprotein,Y262K,13.141602
gag_polyprotein,Y262L,13.115204
gag_polyprotein,Y262M,13.182373
gag_polyprotein,Y262N,13.126953
gag_polyprotein,Y262P,13.194977
gag_polyprotein,Y262Q,13.13446
gag_polyprotein,Y262R,13.04538
gag_polyprotein,Y262S,12.045288
gag_polyprotein,Y262T,13.133514
gag_polyprotein,Y262V,11.925446
gag_polyprotein,Y262W,13.091064
gag_polyprotein,K263A,12.854614
gag_polyprotein,K263C,12.810638
gag_polyprotein,K263D,12.891876
gag_polyprotein,K263E,10.331726
gag_polyprotein,K263F,12.930084
gag_polyprotein,K263G,11.977112
gag_polyprotein,K263H,12.815308
gag_polyprotein,K263I,12.814484
gag_polyprotein,K263L,12.788086
gag_polyprotein,K263M,12.915436
gag_polyprotein,K263N,9.6510315
gag_polyprotein,K263P,12.9279785
gag_polyprotein,K263Q,12.827057
gag_polyprotein,K263R,8.504547
gag_polyprotein,K263S,12.913452
gag_polyprotein,K263T,11.208282
gag_polyprotein,K263V,12.850952
gag_polyprotein,K263W,12.876221
gag_polyprotein,K263Y,12.937164
gag_polyprotein,R264A,9.349457
gag_polyprotein,R264C,11.27597
gag_polyprotein,R264D,11.204529
gag_polyprotein,R264E,11.3906555
gag_polyprotein,R264F,11.216492
gag_polyprotein,R264G,6.4666443
gag_polyprotein,R264H,11.329559
gag_polyprotein,R264I,9.584198
gag_polyprotein,R264K,4.1746826
gag_polyprotein,R264L,10.454834
gag_polyprotein,R264M,11.196869
gag_polyprotein,R264N,10.376953
gag_polyprotein,R264P,11.311005
gag_polyprotein,R264Q,9.814178
gag_polyprotein,R264S,9.856232
gag_polyprotein,R264T,10.203552
gag_polyprotein,R264V,10.517548
gag_polyprotein,R264W,11.36203
gag_polyprotein,R264Y,10.471832
gag_polyprotein,W265A,11.717316
gag_polyprotein,W265C,11.64151
gag_polyprotein,W265D,12.961334
gag_polyprotein,W265E,12.934998
gag_polyprotein,W265F,12.926147
gag_polyprotein,W265G,10.334869
gag_polyprotein,W265H,12.898224
gag_polyprotein,W265I,12.919678
gag_polyprotein,W265K,12.8342285
gag_polyprotein,W265L,12.979095
gag_polyprotein,W265M,13.00354
gag_polyprotein,W265N,12.976776
gag_polyprotein,W265P,13.011108
gag_polyprotein,W265Q,11.680603
gag_polyprotein,W265R,9.955933
gag_polyprotein,W265S,11.435883
gag_polyprotein,W265T,12.924591
gag_polyprotein,W265V,12.92218
gag_polyprotein,W265Y,12.938934
gag_polyprotein,I266A,12.592041
gag_polyprotein,I266C,11.59433
gag_polyprotein,I266D,12.6073
gag_polyprotein,I266E,12.652191
gag_polyprotein,I266F,12.674713
gag_polyprotein,I266G,12.586151
gag_polyprotein,I266H,12.616119
gag_polyprotein,I266K,11.05011
gag_polyprotein,I266L,9.687714
gag_polyprotein,I266M,12.0321045
gag_polyprotein,I266N,12.586426
gag_polyprotein,I266P,12.627655
gag_polyprotein,I266Q,12.59082
gag_polyprotein,I266R,12.689362
gag_polyprotein,I266S,12.640198
gag_polyprotein,I266T,9.511536
gag_polyprotein,I266V,7.9337463
gag_polyprotein,I266W,12.580353
gag_polyprotein,I266Y,11.509003
gag_polyprotein,I267A,12.394928
gag_polyprotein,I267C,12.4817505
gag_polyprotein,I267D,12.475861
gag_polyprotein,I267E,12.508453
gag_polyprotein,I267F,11.215607
gag_polyprotein,I267G,12.451447
gag_polyprotein,I267H,12.5017395
gag_polyprotein,I267K,12.5321045
gag_polyprotein,I267L,11.643158
gag_polyprotein,I267M,12.595551
gag_polyprotein,I267N,12.478088
gag_polyprotein,I267P,12.426147
gag_polyprotein,I267Q,11.581787
gag_polyprotein,I267R,12.506683
gag_polyprotein,I267S,12.491028
gag_polyprotein,I267T,10.127136
gag_polyprotein,I267V,6.1881104
gag_polyprotein,I267W,12.570526
gag_polyprotein,I267Y,12.462036
gag_polyprotein,L268A,10.610352
gag_polyprotein,L268C,10.524109
gag_polyprotein,L268D,10.53775
gag_polyprotein,L268E,10.483551
gag_polyprotein,L268F,10.493378
gag_polyprotein,L268G,10.5460205
gag_polyprotein,L268H,9.476318
gag_polyprotein,L268I,5.1956787
gag_polyprotein,L268K,9.696594
gag_polyprotein,L268M,2.2375793
gag_polyprotein,L268N,10.500397
gag_polyprotein,L268P,8.210266
gag_polyprotein,L268Q,9.876678
gag_polyprotein,L268R,9.26123
gag_polyprotein,L268S,10.227905
gag_polyprotein,L268T,10.590027
gag_polyprotein,L268V,9.576538
gag_polyprotein,L268W,9.90683
gag_polyprotein,L268Y,10.504089
gag_polyprotein,G269A,13.119568
gag_polyprotein,G269C,11.841003
gag_polyprotein,G269D,13.110199
gag_polyprotein,G269E,9.373627
gag_polyprotein,G269F,13.106079
gag_polyprotein,G269H,11.990356
gag_polyprotein,G269I,12.986969
gag_polyprotein,G269K,11.777924
gag_polyprotein,G269L,11.855774
gag_polyprotein,G269M,13.002808
gag_polyprotein,G269N,13.101807
gag_polyprotein,G269P,13.098541
gag_polyprotein,G269Q,13.110779
gag_polyprotein,G269R,11.378326
gag_polyprotein,G269S,11.829529
gag_polyprotein,G269T,13.162415
gag_polyprotein,G269V,13.023041
gag_polyprotein,G269W,13.085327
gag_polyprotein,G269Y,13.184723
gag_polyprotein,L270A,12.934387
gag_polyprotein,L270C,12.881897
gag_polyprotein,L270D,12.961853
gag_polyprotein,L270E,13.018829
gag_polyprotein,L270F,8.673401
gag_polyprotein,L270G,12.876831
gag_polyprotein,L270H,13.002106
gag_polyprotein,L270I,11.652496
gag_polyprotein,L270K,11.765472
gag_polyprotein,L270M,12.951691
gag_polyprotein,L270N,11.690796
gag_polyprotein,L270P,12.941803
gag_polyprotein,L270Q,12.857788
gag_polyprotein,L270R,11.829803
gag_polyprotein,L270S,12.409729
gag_polyprotein,L270T,12.998047
gag_polyprotein,L270V,12.833466
gag_polyprotein,L270W,11.757599
gag_polyprotein,L270Y,12.948456
gag_polyprotein,N271A,12.095978
gag_polyprotein,N271C,12.119873
gag_polyprotein,N271D,9.218201
gag_polyprotein,N271E,11.180084
gag_polyprotein,N271F,12.135376
gag_polyprotein,N271G,12.068878
gag_polyprotein,N271H,7.623596
gag_polyprotein,N271I,12.151398
gag_polyprotein,N271K,9.983154
gag_polyprotein,N271L,12.144836
gag_polyprotein,N271M,12.177582
gag_polyprotein,N271P,12.116089
gag_polyprotein,N271Q,11.962006
gag_polyprotein,N271R,11.183868
gag_polyprotein,N271S,9.587585
gag_polyprotein,N271T,9.056274
gag_polyprotein,N271V,12.048828
gag_polyprotein,N271W,12.121918
gag_polyprotein,N271Y,11.086304
gag_polyprotein,K272A,13.087006
gag_polyprotein,K272C,13.050415
gag_polyprotein,K272D,13.013824
gag_polyprotein,K272E,12.94278
gag_polyprotein,K272F,12.951752
gag_polyprotein,K272G,11.88623
gag_polyprotein,K272H,13.015686
gag_polyprotein,K272I,11.297455
gag_polyprotein,K272L,12.914978
gag_polyprotein,K272M,12.912201
gag_polyprotein,K272N,10.987762
gag_polyprotein,K272P,11.216339
gag_polyprotein,K272Q,11.35144
gag_polyprotein,K272R,9.894226
gag_polyprotein,K272S,13.018494
gag_polyprotein,K272T,11.858582
gag_polyprotein,K272V,13.102997
gag_polyprotein,K272W,13.031342
gag_polyprotein,K272Y,13.06308
gag_polyprotein,I273A,11.985352
gag_polyprotein,I273C,11.810577
gag_polyprotein,I273D,10.960541
gag_polyprotein,I273E,11.996765
gag_polyprotein,I273F,11.985992
gag_polyprotein,I273G,11.931366
gag_polyprotein,I273H,11.880859
gag_polyprotein,I273K,11.186829
gag_polyprotein,I273L,8.388458
gag_polyprotein,I273M,9.121002
gag_polyprotein,I273N,11.90213
gag_polyprotein,I273P,11.844025
gag_polyprotein,I273Q,11.94635
gag_polyprotein,I273R,11.867828
gag_polyprotein,I273S,11.875275
gag_polyprotein,I273T,9.300476
gag_polyprotein,I273V,5.953186
gag_polyprotein,I273W,11.861206
gag_polyprotein,I273Y,11.946655
gag_polyprotein,V274A,10.949554
gag_polyprotein,V274C,13.373016
gag_polyprotein,V274D,13.380127
gag_polyprotein,V274E,12.126648
gag_polyprotein,V274F,12.124054
gag_polyprotein,V274G,13.251282
gag_polyprotein,V274H,13.367554
gag_polyprotein,V274I,10.567017
gag_polyprotein,V274K,13.464752
gag_polyprotein,V274L,13.2430725
gag_polyprotein,V274M,13.319214
gag_polyprotein,V274N,13.325806
gag_polyprotein,V274P,11.796814
gag_polyprotein,V274Q,13.28363
gag_polyprotein,V274R,12.590912
gag_polyprotein,V274S,13.322296
gag_polyprotein,V274T,13.360504
gag_polyprotein,V274W,13.169617
gag_polyprotein,V274Y,13.401428
gag_polyprotein,R275A,12.48761
gag_polyprotein,R275C,12.392273
gag_polyprotein,R275D,12.360474
gag_polyprotein,R275E,12.39502
gag_polyprotein,R275F,12.436615
gag_polyprotein,R275G,9.028076
gag_polyprotein,R275H,12.461914
gag_polyprotein,R275I,12.354858
gag_polyprotein,R275K,6.4443665
gag_polyprotein,R275L,12.509735
gag_polyprotein,R275M,12.373505
gag_polyprotein,R275N,11.339935
gag_polyprotein,R275P,12.31955
gag_polyprotein,R275Q,12.418518
gag_polyprotein,R275S,11.319916
gag_polyprotein,R275T,12.349976
gag_polyprotein,R275V,12.38266
gag_polyprotein,R275W,12.449493
gag_polyprotein,R275Y,12.372894
gag_polyprotein,M276A,12.079712
gag_polyprotein,M276C,13.260376
gag_polyprotein,M276D,13.249695
gag_polyprotein,M276E,13.2256775
gag_polyprotein,M276F,13.248444
gag_polyprotein,M276G,12.04718
gag_polyprotein,M276H,13.3619995
gag_polyprotein,M276I,10.176636
gag_polyprotein,M276K,13.252777
gag_polyprotein,M276L,10.886353
gag_polyprotein,M276N,13.19693
gag_polyprotein,M276P,13.156158
gag_polyprotein,M276Q,13.229279
gag_polyprotein,M276R,11.9530945
gag_polyprotein,M276S,13.157593
gag_polyprotein,M276T,10.322998
gag_polyprotein,M276V,13.074249
gag_polyprotein,M276W,13.2057495
gag_polyprotein,M276Y,13.20343
gag_polyprotein,Y277A,13.076294
gag_polyprotein,Y277C,9.63028
gag_polyprotein,Y277D,12.908905
gag_polyprotein,Y277E,11.88028
gag_polyprotein,Y277F,13.058777
gag_polyprotein,Y277G,12.985626
gag_polyprotein,Y277H,10.14502
gag_polyprotein,Y277I,13.037201
gag_polyprotein,Y277K,13.028809
gag_polyprotein,Y277L,12.934601
gag_polyprotein,Y277M,13.110596
gag_polyprotein,Y277N,12.927795
gag_polyprotein,Y277P,13.004761
gag_polyprotein,Y277Q,13.102844
gag_polyprotein,Y277R,13.070526
gag_polyprotein,Y277S,13.077087
gag_polyprotein,Y277T,11.813904
gag_polyprotein,Y277V,11.581207
gag_polyprotein,Y277W,13.001831
gag_polyprotein,S278A,12.664429
gag_polyprotein,S278C,7.569641
gag_polyprotein,S278D,12.559326
gag_polyprotein,S278E,12.585419
gag_polyprotein,S278F,12.568878
gag_polyprotein,S278G,10.092194
gag_polyprotein,S278H,12.566284
gag_polyprotein,S278I,11.553925
gag_polyprotein,S278K,10.313843
gag_polyprotein,S278L,12.562897
gag_polyprotein,S278M,12.568634
gag_polyprotein,S278N,9.81189
gag_polyprotein,S278P,12.623291
gag_polyprotein,S278Q,10.994598
gag_polyprotein,S278R,9.114319
gag_polyprotein,S278T,10.918213
gag_polyprotein,S278V,12.608978
gag_polyprotein,S278W,12.550598
gag_polyprotein,S278Y,12.555969
gag_polyprotein,P279A,12.103088
gag_polyprotein,P279C,13.378784
gag_polyprotein,P279D,13.385864
gag_polyprotein,P279E,13.387756
gag_polyprotein,P279F,13.465088
gag_polyprotein,P279G,12.152588
gag_polyprotein,P279H,11.760132
gag_polyprotein,P279I,13.393494
gag_polyprotein,P279K,13.398102
gag_polyprotein,P279L,10.541077
gag_polyprotein,P279M,13.385651
gag_polyprotein,P279N,13.391785
gag_polyprotein,P279Q,13.380096
gag_polyprotein,P279R,13.372559
gag_polyprotein,P279S,12.9236145
gag_polyprotein,P279T,12.016357
gag_polyprotein,P279V,13.290314
gag_polyprotein,P279W,13.447205
gag_polyprotein,P279Y,13.303345
gag_polyprotein,T280A,3.8874512
gag_polyprotein,T280C,10.15863
gag_polyprotein,T280D,10.136536
gag_polyprotein,T280E,10.239136
gag_polyprotein,T280F,10.136047
gag_polyprotein,T280G,9.308655
gag_polyprotein,T280H,10.164551
gag_polyprotein,T280I,3.8626099
gag_polyprotein,T280K,10.239655
gag_polyprotein,T280L,8.917145
gag_polyprotein,T280M,10.152405
gag_polyprotein,T280N,9.555908
gag_polyprotein,T280P,9.557648
gag_polyprotein,T280Q,9.056641
gag_polyprotein,T280R,10.163361
gag_polyprotein,T280S,3.7306213
gag_polyprotein,T280V,2.4717712
gag_polyprotein,T280W,10.097748
gag_polyprotein,T280Y,10.052612
gag_polyprotein,S281A,12.126953
gag_polyprotein,S281C,8.200439
gag_polyprotein,S281D,11.330994
gag_polyprotein,S281E,12.166687
gag_polyprotein,S281F,12.051605
gag_polyprotein,S281G,6.306427
gag_polyprotein,S281H,12.199066
gag_polyprotein,S281I,12.055969
gag_polyprotein,S281K,11.157654
gag_polyprotein,S281L,11.312653
gag_polyprotein,S281M,11.983093
gag_polyprotein,S281N,8.23053
gag_polyprotein,S281P,12.1302185
gag_polyprotein,S281Q,12.063721
gag_polyprotein,S281R,11.413116
gag_polyprotein,S281T,11.868591
gag_polyprotein,S281V,11.707794
gag_polyprotein,S281W,12.080383
gag_polyprotein,S281Y,12.089935
gag_polyprotein,I282A,13.18219
gag_polyprotein,I282C,13.1701355
gag_polyprotein,I282D,13.134827
gag_polyprotein,I282E,13.137909
gag_polyprotein,I282F,11.097992
gag_polyprotein,I282G,13.1024475
gag_polyprotein,I282H,13.091583
gag_polyprotein,I282K,13.117737
gag_polyprotein,I282L,11.946869
gag_polyprotein,I282M,12.643341
gag_polyprotein,I282N,12.034088
gag_polyprotein,I282P,13.142029
gag_polyprotein,I282Q,13.135529
gag_polyprotein,I282R,13.168915
gag_polyprotein,I282S,11.815826
gag_polyprotein,I282T,9.18689
gag_polyprotein,I282V,10.950623
gag_polyprotein,I282W,13.058533
gag_polyprotein,I282Y,13.1336975
gag_polyprotein,L283A,13.888977
gag_polyprotein,L283C,13.880585
gag_polyprotein,L283D,13.873993
gag_polyprotein,L283E,13.824951
gag_polyprotein,L283F,12.453339
gag_polyprotein,L283G,13.845428
gag_polyprotein,L283H,13.939911
gag_polyprotein,L283I,13.904449
gag_polyprotein,L283K,13.818115
gag_polyprotein,L283M,13.810211
gag_polyprotein,L283N,13.890045
gag_polyprotein,L283P,13.606903
gag_polyprotein,L283Q,13.866516
gag_polyprotein,L283R,11.771637
gag_polyprotein,L283S,13.468079
gag_polyprotein,L283T,13.878265
gag_polyprotein,L283V,12.521057
gag_polyprotein,L283W,13.863983
gag_polyprotein,L283Y,13.858154
gag_polyprotein,D284A,11.877014
gag_polyprotein,D284C,13.074738
gag_polyprotein,D284E,8.603699
gag_polyprotein,D284F,13.033783
gag_polyprotein,D284G,9.240784
gag_polyprotein,D284H,12.896576
gag_polyprotein,D284I,12.969086
gag_polyprotein,D284K,12.96759
gag_polyprotein,D284L,12.987183
gag_polyprotein,D284M,12.952209
gag_polyprotein,D284N,10.343384
gag_polyprotein,D284P,13.005005
gag_polyprotein,D284Q,11.911316
gag_polyprotein,D284R,12.982452
gag_polyprotein,D284S,12.913818
gag_polyprotein,D284T,12.943817
gag_polyprotein,D284V,12.280426
gag_polyprotein,D284W,12.926727
gag_polyprotein,D284Y,12.9729
gag_polyprotein,I285A,12.451874
gag_polyprotein,I285C,11.374359
gag_polyprotein,I285D,12.326691
gag_polyprotein,I285E,12.3479
gag_polyprotein,I285F,12.296417
gag_polyprotein,I285G,11.409332
gag_polyprotein,I285H,11.664734
gag_polyprotein,I285K,12.323608
gag_polyprotein,I285L,10.210602
gag_polyprotein,I285M,10.314728
gag_polyprotein,I285N,12.353516
gag_polyprotein,I285P,12.39566
gag_polyprotein,I285Q,12.306885
gag_polyprotein,I285R,11.281128
gag_polyprotein,I285S,12.340851
gag_polyprotein,I285T,9.294403
gag_polyprotein,I285V,7.4640503
gag_polyprotein,I285W,12.361176
gag_polyprotein,I285Y,12.278412
gag_polyprotein,R286A,10.561615
gag_polyprotein,R286C,10.514709
gag_polyprotein,R286D,10.489258
gag_polyprotein,R286E,10.171814
gag_polyprotein,R286F,10.565002
gag_polyprotein,R286G,9.083801
gag_polyprotein,R286H,10.505005
gag_polyprotein,R286I,9.541718
gag_polyprotein,R286K,1.0585022
gag_polyprotein,R286L,10.550476
gag_polyprotein,R286M,10.511444
gag_polyprotein,R286N,8.972687
gag_polyprotein,R286P,10.533234
gag_polyprotein,R286Q,10.505951
gag_polyprotein,R286S,9.183472
gag_polyprotein,R286T,9.267853
gag_polyprotein,R286V,10.571655
gag_polyprotein,R286W,10.0112915
gag_polyprotein,R286Y,10.555054
gag_polyprotein,Q287A,13.625519
gag_polyprotein,Q287C,13.623627
gag_polyprotein,Q287D,13.639191
gag_polyprotein,Q287E,13.621735
gag_polyprotein,Q287F,13.767578
gag_polyprotein,Q287G,13.681091
gag_polyprotein,Q287H,12.384247
gag_polyprotein,Q287I,13.604553
gag_polyprotein,Q287K,12.360901
gag_polyprotein,Q287L,11.339447
gag_polyprotein,Q287M,13.655823
gag_polyprotein,Q287N,13.584412
gag_polyprotein,Q287P,12.474823
gag_polyprotein,Q287R,10.965332
gag_polyprotein,Q287S,13.660828
gag_polyprotein,Q287T,13.628571
gag_polyprotein,Q287V,13.662781
gag_polyprotein,Q287W,13.62442
gag_polyprotein,Q287Y,13.744751
gag_polyprotein,G288A,11.018219
gag_polyprotein,G288C,13.197601
gag_polyprotein,G288D,13.25238
gag_polyprotein,G288E,9.930328
gag_polyprotein,G288F,13.304657
gag_polyprotein,G288H,13.213928
gag_polyprotein,G288I,13.1874695
gag_polyprotein,G288K,13.286316
gag_polyprotein,G288L,13.259644
gag_polyprotein,G288M,13.230621
gag_polyprotein,G288N,13.305481
gag_polyprotein,G288P,13.19455
gag_polyprotein,G288Q,13.212524
gag_polyprotein,G288R,9.959106
gag_polyprotein,G288S,13.224152
gag_polyprotein,G288T,13.334076
gag_polyprotein,G288V,13.210602
gag_polyprotein,G288W,13.253876
gag_polyprotein,G288Y,13.320679
gag_polyprotein,P289A,11.018402
gag_polyprotein,P289C,13.042603
gag_polyprotein,P289D,13.14563
gag_polyprotein,P289E,11.972076
gag_polyprotein,P289F,13.049438
gag_polyprotein,P289G,13.024353
gag_polyprotein,P289H,13.06427
gag_polyprotein,P289I,11.897705
gag_polyprotein,P289K,11.21579
gag_polyprotein,P289L,10.791901
gag_polyprotein,P289M,13.0746155
gag_polyprotein,P289N,13.139832
gag_polyprotein,P289Q,11.935577
gag_polyprotein,P289R,13.087036
gag_polyprotein,P289S,12.5503235
gag_polyprotein,P289T,10.850769
gag_polyprotein,P289V,13.073273
gag_polyprotein,P289W,13.086548
gag_polyprotein,P289Y,13.113007
gag_polyprotein,K290A,12.982666
gag_polyprotein,K290C,13.020874
gag_polyprotein,K290D,13.025696
gag_polyprotein,K290E,10.830414
gag_polyprotein,K290F,12.981903
gag_polyprotein,K290G,13.044708
gag_polyprotein,K290H,13.01947
gag_polyprotein,K290I,12.491058
gag_polyprotein,K290L,12.924591
gag_polyprotein,K290M,12.808502
gag_polyprotein,K290N,12.392853
gag_polyprotein,K290P,13.12793
gag_polyprotein,K290Q,12.967529
gag_polyprotein,K290R,8.886902
gag_polyprotein,K290S,13.058533
gag_polyprotein,K290T,10.1311035
gag_polyprotein,K290V,13.084778
gag_polyprotein,K290W,12.998871
gag_polyprotein,K290Y,11.908417
gag_polyprotein,E291A,11.954102
gag_polyprotein,E291C,13.10318
gag_polyprotein,E291D,11.445465
gag_polyprotein,E291F,13.150879
gag_polyprotein,E291G,9.9592285
gag_polyprotein,E291H,13.13327
gag_polyprotein,E291I,13.143585
gag_polyprotein,E291K,9.404327
gag_polyprotein,E291L,13.184021
gag_polyprotein,E291M,13.08728
gag_polyprotein,E291N,12.08432
gag_polyprotein,E291P,11.983337
gag_polyprotein,E291Q,13.09964
gag_polyprotein,E291R,12.696228
gag_polyprotein,E291S,13.097229
gag_polyprotein,E291T,13.170044
gag_polyprotein,E291V,13.071503
gag_polyprotein,E291W,13.140015
gag_polyprotein,E291Y,13.214478
gag_polyprotein,P292A,8.556671
gag_polyprotein,P292C,11.7778015
gag_polyprotein,P292D,11.809814
gag_polyprotein,P292E,11.84137
gag_polyprotein,P292F,11.957794
gag_polyprotein,P292G,11.844116
gag_polyprotein,P292H,10.902588
gag_polyprotein,P292I,11.922852
gag_polyprotein,P292K,11.919037
gag_polyprotein,P292L,11.767548
gag_polyprotein,P292M,11.817078
gag_polyprotein,P292N,11.861481
gag_polyprotein,P292Q,11.897949
gag_polyprotein,P292R,11.060455
gag_polyprotein,P292S,5.114746
gag_polyprotein,P292T,9.203766
gag_polyprotein,P292V,10.899445
gag_polyprotein,P292W,11.999512
gag_polyprotein,P292Y,11.798248
gag_polyprotein,F293A,12.729095
gag_polyprotein,F293C,10.455902
gag_polyprotein,F293D,12.870605
gag_polyprotein,F293E,12.764191
gag_polyprotein,F293G,11.666351
gag_polyprotein,F293H,12.8385315
gag_polyprotein,F293I,11.622101
gag_polyprotein,F293K,12.801941
gag_polyprotein,F293L,9.779053
gag_polyprotein,F293M,12.845551
gag_polyprotein,F293N,11.6409
gag_polyprotein,F293P,11.661133
gag_polyprotein,F293Q,12.844055
gag_polyprotein,F293R,12.727844
gag_polyprotein,F293S,9.771454
gag_polyprotein,F293T,12.826111
gag_polyprotein,F293V,10.953522
gag_polyprotein,F293W,12.767303
gag_polyprotein,F293Y,11.66687
gag_polyprotein,R294A,12.952087
gag_polyprotein,R294C,12.956787
gag_polyprotein,R294D,12.889984
gag_polyprotein,R294E,12.85849
gag_polyprotein,R294F,12.92395
gag_polyprotein,R294G,10.492645
gag_polyprotein,R294H,12.949799
gag_polyprotein,R294I,11.2881775
gag_polyprotein,R294K,8.045746
gag_polyprotein,R294L,11.982178
gag_polyprotein,R294M,12.911072
gag_polyprotein,R294N,11.7969055
gag_polyprotein,R294P,12.974426
gag_polyprotein,R294Q,12.835144
gag_polyprotein,R294S,11.775177
gag_polyprotein,R294T,11.603546
gag_polyprotein,R294V,12.925659
gag_polyprotein,R294W,12.957733
gag_polyprotein,R294Y,12.925629
gag_polyprotein,D295A,11.666168
gag_polyprotein,D295C,12.673218
gag_polyprotein,D295E,8.214905
gag_polyprotein,D295F,12.704956
gag_polyprotein,D295G,9.844788
gag_polyprotein,D295H,12.710663
gag_polyprotein,D295I,12.672028
gag_polyprotein,D295K,12.702209
gag_polyprotein,D295L,12.696045
gag_polyprotein,D295M,12.68338
gag_polyprotein,D295N,10.359924
gag_polyprotein,D295P,12.690765
gag_polyprotein,D295Q,11.625092
gag_polyprotein,D295R,12.624023
gag_polyprotein,D295S,11.626312
gag_polyprotein,D295T,11.699585
gag_polyprotein,D295V,11.516754
gag_polyprotein,D295W,12.575562
gag_polyprotein,D295Y,12.551514
gag_polyprotein,Y296A,13.0513
gag_polyprotein,Y296C,10.292603
gag_polyprotein,Y296D,11.966278
gag_polyprotein,Y296E,13.024139
gag_polyprotein,Y296F,12.686523
gag_polyprotein,Y296G,13.085266
gag_polyprotein,Y296H,10.798706
gag_polyprotein,Y296I,13.042969
gag_polyprotein,Y296K,11.938263
gag_polyprotein,Y296L,13.174805
gag_polyprotein,Y296M,13.066071
gag_polyprotein,Y296N,13.107056
gag_polyprotein,Y296P,11.838898
gag_polyprotein,Y296Q,11.850189
gag_polyprotein,Y296R,13.14093
gag_polyprotein,Y296S,11.380737
gag_polyprotein,Y296T,13.064026
gag_polyprotein,Y296V,13.189453
gag_polyprotein,Y296W,13.163757
gag_polyprotein,V297A,9.968353
gag_polyprotein,V297C,13.080933
gag_polyprotein,V297D,13.201233
gag_polyprotein,V297E,12.0660095
gag_polyprotein,V297F,13.168243
gag_polyprotein,V297G,11.170105
gag_polyprotein,V297H,13.075317
gag_polyprotein,V297I,9.715393
gag_polyprotein,V297K,13.093658
gag_polyprotein,V297L,11.158203
gag_polyprotein,V297M,13.171295
gag_polyprotein,V297N,13.179535
gag_polyprotein,V297P,11.97821
gag_polyprotein,V297Q,13.119171
gag_polyprotein,V297R,13.1596985
gag_polyprotein,V297S,13.1267395
gag_polyprotein,V297T,13.250092
gag_polyprotein,V297W,13.189484
gag_polyprotein,V297Y,13.171448
gag_polyprotein,D298A,10.610107
gag_polyprotein,D298C,12.816498
gag_polyprotein,D298E,12.425354
gag_polyprotein,D298F,12.779968
gag_polyprotein,D298G,9.780243
gag_polyprotein,D298H,12.841339
gag_polyprotein,D298I,12.785217
gag_polyprotein,D298K,11.36734
gag_polyprotein,D298L,12.854706
gag_polyprotein,D298M,12.748779
gag_polyprotein,D298N,8.620575
gag_polyprotein,D298P,11.70343
gag_polyprotein,D298Q,12.747833
gag_polyprotein,D298R,12.806427
gag_polyprotein,D298S,12.738647
gag_polyprotein,D298T,12.837921
gag_polyprotein,D298V,10.055542
gag_polyprotein,D298W,12.728882
gag_polyprotein,D298Y,10.959991
gag_polyprotein,R299A,13.053253
gag_polyprotein,R299C,11.8654785
gag_polyprotein,R299D,11.91217
gag_polyprotein,R299E,13.0
gag_polyprotein,R299F,13.052521
gag_polyprotein,R299G,10.443573
gag_polyprotein,R299H,11.968964
gag_polyprotein,R299I,12.994202
gag_polyprotein,R299K,11.391052
gag_polyprotein,R299L,13.065674
gag_polyprotein,R299M,13.076904
gag_polyprotein,R299N,13.059113
gag_polyprotein,R299P,13.029755
gag_polyprotein,R299Q,10.242828
gag_polyprotein,R299S,12.03537
gag_polyprotein,R299T,13.0780945
gag_polyprotein,R299V,13.048859
gag_polyprotein,R299W,10.541626
gag_polyprotein,R299Y,12.954102
gag_polyprotein,F300A,12.845856
gag_polyprotein,F300C,12.842133
gag_polyprotein,F300D,12.788483
gag_polyprotein,F300E,12.836151
gag_polyprotein,F300G,12.835358
gag_polyprotein,F300H,12.859619
gag_polyprotein,F300I,12.908447
gag_polyprotein,F300K,11.667786
gag_polyprotein,F300L,9.440918
gag_polyprotein,F300M,12.848755
gag_polyprotein,F300N,12.804352
gag_polyprotein,F300P,12.923004
gag_polyprotein,F300Q,12.889038
gag_polyprotein,F300R,12.818176
gag_polyprotein,F300S,9.801056
gag_polyprotein,F300T,12.83963
gag_polyprotein,F300V,9.108429
gag_polyprotein,F300W,11.760315
gag_polyprotein,F300Y,12.882416
gag_polyprotein,Y301A,13.028656
gag_polyprotein,Y301C,11.824768
gag_polyprotein,Y301D,12.955444
gag_polyprotein,Y301E,12.153107
gag_polyprotein,Y301F,7.7652283
gag_polyprotein,Y301G,13.113068
gag_polyprotein,Y301H,11.718109
gag_polyprotein,Y301I,13.052368
gag_polyprotein,Y301K,12.98645
gag_polyprotein,Y301L,10.71286
gag_polyprotein,Y301M,12.146576
gag_polyprotein,Y301N,12.979858
gag_polyprotein,Y301P,13.039856
gag_polyprotein,Y301Q,12.969055
gag_polyprotein,Y301R,13.125916
gag_polyprotein,Y301S,12.112427
gag_polyprotein,Y301T,12.152863
gag_polyprotein,Y301V,12.888947
gag_polyprotein,Y301W,12.965881
gag_polyprotein,K302A,10.847382
gag_polyprotein,K302C,11.731476
gag_polyprotein,K302D,11.793152
gag_polyprotein,K302E,10.504822
gag_polyprotein,K302F,11.731995
gag_polyprotein,K302G,11.696655
gag_polyprotein,K302H,11.880402
gag_polyprotein,K302I,10.390106
gag_polyprotein,K302L,11.764526
gag_polyprotein,K302M,11.774658
gag_polyprotein,K302N,9.5590515
gag_polyprotein,K302P,11.829742
gag_polyprotein,K302Q,11.51651
gag_polyprotein,K302R,4.7012024
gag_polyprotein,K302S,11.822205
gag_polyprotein,K302T,10.872253
gag_polyprotein,K302V,10.499176
gag_polyprotein,K302W,11.751282
gag_polyprotein,K302Y,11.813812
gag_polyprotein,T303A,7.863373
gag_polyprotein,T303C,6.9176025
gag_polyprotein,T303D,11.52713
gag_polyprotein,T303E,11.579651
gag_polyprotein,T303F,11.525055
gag_polyprotein,T303G,11.562103
gag_polyprotein,T303H,11.568237
gag_polyprotein,T303I,6.2221375
gag_polyprotein,T303K,11.614868
gag_polyprotein,T303L,10.438538
gag_polyprotein,T303M,11.573395
gag_polyprotein,T303N,11.425781
gag_polyprotein,T303P,9.809357
gag_polyprotein,T303Q,10.961456
gag_polyprotein,T303R,11.587891
gag_polyprotein,T303S,10.4888
gag_polyprotein,T303V,4.2787476
gag_polyprotein,T303W,11.674347
gag_polyprotein,T303Y,11.573303
gag_polyprotein,L304A,12.774689
gag_polyprotein,L304C,12.706085
gag_polyprotein,L304D,12.766205
gag_polyprotein,L304E,11.67038
gag_polyprotein,L304F,11.505981
gag_polyprotein,L304G,12.70166
gag_polyprotein,L304H,12.700531
gag_polyprotein,L304I,9.09079
gag_polyprotein,L304K,12.631317
gag_polyprotein,L304M,12.677887
gag_polyprotein,L304N,12.716156
gag_polyprotein,L304P,9.597046
gag_polyprotein,L304Q,12.673187
gag_polyprotein,L304R,11.620605
gag_polyprotein,L304S,12.684723
gag_polyprotein,L304T,11.566498
gag_polyprotein,L304V,9.391205
gag_polyprotein,L304W,12.7369995
gag_polyprotein,L304Y,12.769501
gag_polyprotein,R305A,12.9583435
gag_polyprotein,R305C,12.952026
gag_polyprotein,R305D,12.988678
gag_polyprotein,R305E,11.124573
gag_polyprotein,R305F,12.929901
gag_polyprotein,R305G,9.690155
gag_polyprotein,R305H,12.889404
gag_polyprotein,R305I,11.865631
gag_polyprotein,R305K,8.975708
gag_polyprotein,R305L,12.941925
gag_polyprotein,R305M,12.925659
gag_polyprotein,R305N,11.169952
gag_polyprotein,R305P,12.951538
gag_polyprotein,R305Q,12.924591
gag_polyprotein,R305S,12.971527
gag_polyprotein,R305T,12.757721
gag_polyprotein,R305V,12.925751
gag_polyprotein,R305W,12.978577
gag_polyprotein,R305Y,12.879181
gag_polyprotein,A306C,12.698761
gag_polyprotein,A306D,11.714233
gag_polyprotein,A306E,11.704376
gag_polyprotein,A306F,12.891205
gag_polyprotein,A306G,10.7994995
gag_polyprotein,A306H,12.744995
gag_polyprotein,A306I,12.815399
gag_polyprotein,A306K,12.819794
gag_polyprotein,A306L,11.599152
gag_polyprotein,A306M,12.693878
gag_polyprotein,A306N,12.725952
gag_polyprotein,A306P,11.610931
gag_polyprotein,A306Q,11.798401
gag_polyprotein,A306R,12.759155
gag_polyprotein,A306S,9.473297
gag_polyprotein,A306T,9.87085
gag_polyprotein,A306V,10.198029
gag_polyprotein,A306W,12.770477
gag_polyprotein,A306Y,12.809204
gag_polyprotein,E307A,13.192078
gag_polyprotein,E307C,13.205322
gag_polyprotein,E307D,11.205353
gag_polyprotein,E307F,13.186096
gag_polyprotein,E307G,9.599304
gag_polyprotein,E307H,13.251038
gag_polyprotein,E307I,13.227478
gag_polyprotein,E307K,9.449097
gag_polyprotein,E307L,13.188599
gag_polyprotein,E307M,13.164978
gag_polyprotein,E307N,12.029572
gag_polyprotein,E307P,13.161652
gag_polyprotein,E307Q,12.051605
gag_polyprotein,E307R,13.227844
gag_polyprotein,E307S,12.084137
gag_polyprotein,E307T,13.225281
gag_polyprotein,E307V,13.241333
gag_polyprotein,E307W,13.11911
gag_polyprotein,E307Y,13.258545
gag_polyprotein,Q308A,12.223877
gag_polyprotein,Q308C,13.175293
gag_polyprotein,Q308D,13.108337
gag_polyprotein,Q308E,11.401794
gag_polyprotein,Q308F,13.104248
gag_polyprotein,Q308G,13.171143
gag_polyprotein,Q308H,12.045532
gag_polyprotein,Q308I,13.211487
gag_polyprotein,Q308K,11.406555
gag_polyprotein,Q308L,10.981293
gag_polyprotein,Q308M,13.169434
gag_polyprotein,Q308N,12.043304
gag_polyprotein,Q308P,10.771851
gag_polyprotein,Q308R,10.495178
gag_polyprotein,Q308S,13.151184
gag_polyprotein,Q308T,12.109131
gag_polyprotein,Q308V,13.121918
gag_polyprotein,Q308W,13.297668
gag_polyprotein,Q308Y,13.088409
gag_polyprotein,A309C,5.3069763
gag_polyprotein,A309D,10.661438
gag_polyprotein,A309E,11.043457
gag_polyprotein,A309F,11.051025
gag_polyprotein,A309G,7.934265
gag_polyprotein,A309H,11.78894
gag_polyprotein,A309I,11.788269
gag_polyprotein,A309K,11.74408
gag_polyprotein,A309L,10.934296
gag_polyprotein,A309M,11.032867
gag_polyprotein,A309N,10.890198
gag_polyprotein,A309P,10.141327
gag_polyprotein,A309Q,11.798279
gag_polyprotein,A309R,11.759308
gag_polyprotein,A309S,7.780945
gag_polyprotein,A309T,9.706543
gag_polyprotein,A309V,9.35965
gag_polyprotein,A309W,11.733887
gag_polyprotein,A309Y,11.780579
gag_polyprotein,S310A,8.670898
gag_polyprotein,S310C,11.339935
gag_polyprotein,S310D,11.30423
gag_polyprotein,S310E,10.637421
gag_polyprotein,S310F,11.338867
gag_polyprotein,S310G,10.377167
gag_polyprotein,S310H,10.670105
gag_polyprotein,S310I,10.003387
gag_polyprotein,S310K,11.133514
gag_polyprotein,S310L,9.594696
gag_polyprotein,S310M,11.365509
gag_polyprotein,S310N,11.372253
gag_polyprotein,S310P,8.704651
gag_polyprotein,S310Q,11.464935
gag_polyprotein,S310R,9.841339
gag_polyprotein,S310T,2.9441833
gag_polyprotein,S310V,11.352203
gag_polyprotein,S310W,11.308563
gag_polyprotein,S310Y,11.351837
gag_polyprotein,Q311A,8.917938
gag_polyprotein,Q311C,12.561615
gag_polyprotein,Q311D,11.526855
gag_polyprotein,Q311E,11.667114
gag_polyprotein,Q311F,11.598511
gag_polyprotein,Q311G,11.667175
gag_polyprotein,Q311H,10.396179
gag_polyprotein,Q311I,12.440216
gag_polyprotein,Q311K,11.559814
gag_polyprotein,Q311L,10.309204
gag_polyprotein,Q311M,11.217346
gag_polyprotein,Q311N,12.498932
gag_polyprotein,Q311P,9.611542
gag_polyprotein,Q311R,10.272339
gag_polyprotein,Q311S,9.316284
gag_polyprotein,Q311T,9.937408
gag_polyprotein,Q311V,12.467651
gag_polyprotein,Q311W,12.471649
gag_polyprotein,Q311Y,12.535248
gag_polyprotein,E312A,7.9608154
gag_polyprotein,E312C,10.67923
gag_polyprotein,E312D,1.642273
gag_polyprotein,E312F,10.692383
gag_polyprotein,E312G,8.214752
gag_polyprotein,E312H,10.745972
gag_polyprotein,E312I,10.725555
gag_polyprotein,E312K,8.74881
gag_polyprotein,E312L,10.715088
gag_polyprotein,E312M,10.726379
gag_polyprotein,E312N,8.143555
gag_polyprotein,E312P,9.234528
gag_polyprotein,E312Q,10.736267
gag_polyprotein,E312R,10.752502
gag_polyprotein,E312S,10.099976
gag_polyprotein,E312T,10.723938
gag_polyprotein,E312V,10.654602
gag_polyprotein,E312W,10.7066345
gag_polyprotein,E312Y,10.719299
gag_polyprotein,V313A,10.024536
gag_polyprotein,V313C,13.3685
gag_polyprotein,V313D,13.252106
gag_polyprotein,V313E,13.34436
gag_polyprotein,V313F,13.466949
gag_polyprotein,V313G,11.388733
gag_polyprotein,V313H,13.331421
gag_polyprotein,V313I,10.2352295
gag_polyprotein,V313K,13.364777
gag_polyprotein,V313L,11.625702
gag_polyprotein,V313M,13.495697
gag_polyprotein,V313N,13.349152
gag_polyprotein,V313P,13.313049
gag_polyprotein,V313Q,13.255341
gag_polyprotein,V313R,13.297394
gag_polyprotein,V313S,13.268829
gag_polyprotein,V313T,13.352692
gag_polyprotein,V313W,13.442383
gag_polyprotein,V313Y,13.369934
gag_polyprotein,K314A,11.886505
gag_polyprotein,K314C,12.808777
gag_polyprotein,K314D,12.809326
gag_polyprotein,K314E,9.995728
gag_polyprotein,K314F,12.864441
gag_polyprotein,K314G,12.823853
gag_polyprotein,K314H,12.8591
gag_polyprotein,K314I,10.753021
gag_polyprotein,K314L,12.890533
gag_polyprotein,K314M,12.857147
gag_polyprotein,K314N,11.305206
gag_polyprotein,K314P,11.878967
gag_polyprotein,K314Q,11.139923
gag_polyprotein,K314R,10.883087
gag_polyprotein,K314S,12.96228
gag_polyprotein,K314T,10.916901
gag_polyprotein,K314V,12.890564
gag_polyprotein,K314W,12.816803
gag_polyprotein,K314Y,10.904419
gag_polyprotein,N315A,9.047943
gag_polyprotein,N315C,11.347656
gag_polyprotein,N315D,10.114044
gag_polyprotein,N315E,10.65033
gag_polyprotein,N315F,11.353241
gag_polyprotein,N315G,6.1147766
gag_polyprotein,N315H,6.4243774
gag_polyprotein,N315I,9.808289
gag_polyprotein,N315K,9.794495
gag_polyprotein,N315L,9.748322
gag_polyprotein,N315M,11.345978
gag_polyprotein,N315P,10.662262
gag_polyprotein,N315Q,10.06369
gag_polyprotein,N315R,8.182098
gag_polyprotein,N315S,6.408844
gag_polyprotein,N315T,6.2724
gag_polyprotein,N315V,9.900024
gag_polyprotein,N315W,11.435883
gag_polyprotein,N315Y,11.349335
gag_polyprotein,W316A,11.8263855
gag_polyprotein,W316C,12.960541
gag_polyprotein,W316D,13.042511
gag_polyprotein,W316E,13.00293
gag_polyprotein,W316F,12.944794
gag_polyprotein,W316G,11.847565
gag_polyprotein,W316H,12.997223
gag_polyprotein,W316I,12.928772
gag_polyprotein,W316K,13.079407
gag_polyprotein,W316L,11.794037
gag_polyprotein,W316M,12.956177
gag_polyprotein,W316N,13.025482
gag_polyprotein,W316P,12.055542
gag_polyprotein,W316Q,11.18222
gag_polyprotein,W316R,8.727051
gag_polyprotein,W316S,10.96228
gag_polyprotein,W316T,12.975281
gag_polyprotein,W316V,12.969849
gag_polyprotein,W316Y,12.943176
gag_polyprotein,M317A,11.525482
gag_polyprotein,M317C,12.860474
gag_polyprotein,M317D,12.921326
gag_polyprotein,M317E,12.829834
gag_polyprotein,M317F,12.878876
gag_polyprotein,M317G,12.781982
gag_polyprotein,M317H,12.848755
gag_polyprotein,M317I,9.130402
gag_polyprotein,M317K,10.365753
gag_polyprotein,M317L,11.2508545
gag_polyprotein,M317N,12.923798
gag_polyprotein,M317P,11.491028
gag_polyprotein,M317Q,12.842194
gag_polyprotein,M317R,12.644836
gag_polyprotein,M317S,11.903931
gag_polyprotein,M317T,9.623108
gag_polyprotein,M317V,10.200562
gag_polyprotein,M317W,12.882477
gag_polyprotein,M317Y,12.859467
gag_polyprotein,T318A,9.6203
gag_polyprotein,T318C,13.323975
gag_polyprotein,T318D,13.345978
gag_polyprotein,T318E,13.281952
gag_polyprotein,T318F,13.346161
gag_polyprotein,T318G,13.364929
gag_polyprotein,T318H,13.320526
gag_polyprotein,T318I,11.304962
gag_polyprotein,T318K,12.32489
gag_polyprotein,T318L,13.344452
gag_polyprotein,T318M,13.387787
gag_polyprotein,T318N,12.320038
gag_polyprotein,T318P,11.931854
gag_polyprotein,T318Q,12.293823
gag_polyprotein,T318R,13.307434
gag_polyprotein,T318S,12.16391
gag_polyprotein,T318V,12.274841
gag_polyprotein,T318W,13.344635
gag_polyprotein,T318Y,13.320709
gag_polyprotein,E319A,9.612976
gag_polyprotein,E319C,12.355194
gag_polyprotein,E319D,6.8193054
gag_polyprotein,E319F,12.456329
gag_polyprotein,E319G,9.580078
gag_polyprotein,E319H,12.493042
gag_polyprotein,E319I,11.710663
gag_polyprotein,E319K,9.199341
gag_polyprotein,E319L,11.638458
gag_polyprotein,E319M,12.430054
gag_polyprotein,E319N,10.656433
gag_polyprotein,E319P,12.352905
gag_polyprotein,E319Q,11.30658
gag_polyprotein,E319R,11.694489
gag_polyprotein,E319S,12.414917
gag_polyprotein,E319T,11.686066
gag_polyprotein,E319V,10.894836
gag_polyprotein,E319W,12.433441
gag_polyprotein,E319Y,12.3350525
gag_polyprotein,T320A,8.624451
gag_polyprotein,T320C,13.02356
gag_polyprotein,T320D,13.029663
gag_polyprotein,T320E,13.024353
gag_polyprotein,T320F,13.043182
gag_polyprotein,T320G,12.153412
gag_polyprotein,T320H,12.091248
gag_polyprotein,T320I,11.918182
gag_polyprotein,T320K,13.059845
gag_polyprotein,T320L,12.979004
gag_polyprotein,T320M,13.030853
gag_polyprotein,T320N,13.042267
gag_polyprotein,T320P,12.64975
gag_polyprotein,T320Q,13.105103
gag_polyprotein,T320R,11.199738
gag_polyprotein,T320S,9.409943
gag_polyprotein,T320V,13.05603
gag_polyprotein,T320W,12.998535
gag_polyprotein,T320Y,13.025604
gag_polyprotein,L321A,13.151703
gag_polyprotein,L321C,11.914154
gag_polyprotein,L321D,13.169434
gag_polyprotein,L321E,11.752869
gag_polyprotein,L321F,11.938843
gag_polyprotein,L321G,12.057312
gag_polyprotein,L321H,13.225494
gag_polyprotein,L321I,13.178741
gag_polyprotein,L321K,13.213837
gag_polyprotein,L321M,12.83194
gag_polyprotein,L321N,12.12558
gag_polyprotein,L321P,12.068268
gag_polyprotein,L321Q,13.135712
gag_polyprotein,L321R,13.131012
gag_polyprotein,L321S,9.527893
gag_polyprotein,L321T,13.128296
gag_polyprotein,L321V,11.065247
gag_polyprotein,L321W,13.126404
gag_polyprotein,L321Y,13.21817
gag_polyprotein,L322A,12.901428
gag_polyprotein,L322C,12.934753
gag_polyprotein,L322D,12.874359
gag_polyprotein,L322E,12.888489
gag_polyprotein,L322F,12.560089
gag_polyprotein,L322G,12.912201
gag_polyprotein,L322H,12.969055
gag_polyprotein,L322I,11.263489
gag_polyprotein,L322K,12.862579
gag_polyprotein,L322M,8.621094
gag_polyprotein,L322N,11.8533325
gag_polyprotein,L322P,12.801086
gag_polyprotein,L322Q,11.951904
gag_polyprotein,L322R,11.36908
gag_polyprotein,L322S,10.709412
gag_polyprotein,L322T,12.952606
gag_polyprotein,L322V,10.513031
gag_polyprotein,L322W,11.893494
gag_polyprotein,L322Y,11.820679
gag_polyprotein,V323A,8.684509
gag_polyprotein,V323C,12.174042
gag_polyprotein,V323D,12.184143
gag_polyprotein,V323E,11.477783
gag_polyprotein,V323F,10.975067
gag_polyprotein,V323G,12.114502
gag_polyprotein,V323H,12.147217
gag_polyprotein,V323I,5.8506775
gag_polyprotein,V323K,12.157379
gag_polyprotein,V323L,9.855499
gag_polyprotein,V323M,11.067932
gag_polyprotein,V323N,12.175293
gag_polyprotein,V323P,11.22168
gag_polyprotein,V323Q,12.067505
gag_polyprotein,V323R,12.265503
gag_polyprotein,V323S,12.091797
gag_polyprotein,V323T,8.959656
gag_polyprotein,V323W,12.169708
gag_polyprotein,V323Y,12.109436
gag_polyprotein,Q324A,11.777771
gag_polyprotein,Q324C,12.61084
gag_polyprotein,Q324D,12.707153
gag_polyprotein,Q324E,12.610138
gag_polyprotein,Q324F,12.67218
gag_polyprotein,Q324G,12.683899
gag_polyprotein,Q324H,9.925507
gag_polyprotein,Q324I,12.643341
gag_polyprotein,Q324K,11.733826
gag_polyprotein,Q324L,10.202087
gag_polyprotein,Q324M,12.700714
gag_polyprotein,Q324N,11.619293
gag_polyprotein,Q324P,10.118256
gag_polyprotein,Q324R,9.795685
gag_polyprotein,Q324S,11.697601
gag_polyprotein,Q324T,11.604858
gag_polyprotein,Q324V,11.551056
gag_polyprotein,Q324W,12.591827
gag_polyprotein,Q324Y,11.613953
gag_polyprotein,N325A,11.896301
gag_polyprotein,N325C,11.785828
gag_polyprotein,N325D,10.31073
gag_polyprotein,N325E,12.86438
gag_polyprotein,N325F,12.87915
gag_polyprotein,N325G,11.923645
gag_polyprotein,N325H,10.552155
gag_polyprotein,N325I,13.029388
gag_polyprotein,N325K,9.894104
gag_polyprotein,N325L,11.830841
gag_polyprotein,N325M,12.952637
gag_polyprotein,N325P,12.968933
gag_polyprotein,N325Q,12.924927
gag_polyprotein,N325R,11.53064
gag_polyprotein,N325S,10.174805
gag_polyprotein,N325T,12.864502
gag_polyprotein,N325V,12.785522
gag_polyprotein,N325W,12.86618
gag_polyprotein,N325Y,12.915558
gag_polyprotein,A326C,9.4218445
gag_polyprotein,A326D,10.86853
gag_polyprotein,A326E,10.236633
gag_polyprotein,A326F,10.935303
gag_polyprotein,A326G,9.22998
gag_polyprotein,A326H,10.84967
gag_polyprotein,A326I,10.193787
gag_polyprotein,A326K,10.9721985
gag_polyprotein,A326L,9.171478
gag_polyprotein,A326M,10.140472
gag_polyprotein,A326N,10.7751465
gag_polyprotein,A326P,9.471497
gag_polyprotein,A326Q,10.806335
gag_polyprotein,A326R,10.903839
gag_polyprotein,A326S,2.286377
gag_polyprotein,A326T,8.408386
gag_polyprotein,A326V,8.76889
gag_polyprotein,A326W,10.866394
gag_polyprotein,A326Y,10.945251
gag_polyprotein,N327A,11.463348
gag_polyprotein,N327C,12.488586
gag_polyprotein,N327D,8.570526
gag_polyprotein,N327E,11.168854
gag_polyprotein,N327F,12.374542
gag_polyprotein,N327G,12.432556
gag_polyprotein,N327H,11.021606
gag_polyprotein,N327I,11.477661
gag_polyprotein,N327K,10.294525
gag_polyprotein,N327L,12.440826
gag_polyprotein,N327M,12.454651
gag_polyprotein,N327P,11.472107
gag_polyprotein,N327Q,11.14209
gag_polyprotein,N327R,11.511688
gag_polyprotein,N327S,9.334351
gag_polyprotein,N327T,9.625885
gag_polyprotein,N327V,11.544281
gag_polyprotein,N327W,11.487976
gag_polyprotein,N327Y,12.395813
gag_polyprotein,P328A,10.141052
gag_polyprotein,P328C,12.943878
gag_polyprotein,P328D,12.977478
gag_polyprotein,P328E,12.941772
gag_polyprotein,P328F,12.905762
gag_polyprotein,P328G,12.941162
gag_polyprotein,P328H,12.986816
gag_polyprotein,P328I,11.889954
gag_polyprotein,P328K,12.904694
gag_polyprotein,P328L,11.68277
gag_polyprotein,P328M,12.918762
gag_polyprotein,P328N,11.774628
gag_polyprotein,P328Q,11.375793
gag_polyprotein,P328R,11.839478
gag_polyprotein,P328S,10.452759
gag_polyprotein,P328T,11.651184
gag_polyprotein,P328V,12.894409
gag_polyprotein,P328W,12.915649
gag_polyprotein,P328Y,12.9841
gag_polyprotein,D329A,11.155853
gag_polyprotein,D329C,12.98938
gag_polyprotein,D329E,10.74823
gag_polyprotein,D329F,13.020569
gag_polyprotein,D329G,10.389038
gag_polyprotein,D329H,11.665741
gag_polyprotein,D329I,12.003143
gag_polyprotein,D329K,12.948151
gag_polyprotein,D329L,12.884033
gag_polyprotein,D329M,12.838379
gag_polyprotein,D329N,8.969879
gag_polyprotein,D329P,12.925568
gag_polyprotein,D329Q,11.306274
gag_polyprotein,D329R,12.87616
gag_polyprotein,D329S,11.890076
gag_polyprotein,D329T,12.910339
gag_polyprotein,D329V,11.529633
gag_polyprotein,D329W,12.914001
gag_polyprotein,D329Y,11.771301
gag_polyprotein,C330A,11.363464
gag_polyprotein,C330D,12.939117
gag_polyprotein,C330E,11.80188
gag_polyprotein,C330F,12.646332
gag_polyprotein,C330G,10.326447
gag_polyprotein,C330H,12.899658
gag_polyprotein,C330I,11.37323
gag_polyprotein,C330K,12.935516
gag_polyprotein,C330L,11.321136
gag_polyprotein,C330M,12.951538
gag_polyprotein,C330N,10.797089
gag_polyprotein,C330P,12.897278
gag_polyprotein,C330Q,12.848907
gag_polyprotein,C330R,10.606842
gag_polyprotein,C330S,11.814575
gag_polyprotein,C330T,12.81723
gag_polyprotein,C330V,11.933441
gag_polyprotein,C330W,11.074951
gag_polyprotein,C330Y,11.074219
gag_polyprotein,K331A,11.193756
gag_polyprotein,K331C,11.809723
gag_polyprotein,K331D,11.881134
gag_polyprotein,K331E,9.477203
gag_polyprotein,K331F,11.822296
gag_polyprotein,K331G,11.1414795
gag_polyprotein,K331H,11.7421875
gag_polyprotein,K331I,10.992004
gag_polyprotein,K331L,11.892578
gag_polyprotein,K331M,11.776672
gag_polyprotein,K331N,11.107056
gag_polyprotein,K331P,11.868164
gag_polyprotein,K331Q,11.087738
gag_polyprotein,K331R,4.4444275
gag_polyprotein,K331S,10.983246
gag_polyprotein,K331T,10.029755
gag_polyprotein,K331V,11.111481
gag_polyprotein,K331W,11.82608
gag_polyprotein,K331Y,10.961426
gag_polyprotein,T332A,7.3362427
gag_polyprotein,T332C,12.113464
gag_polyprotein,T332D,12.125519
gag_polyprotein,T332E,11.190033
gag_polyprotein,T332F,11.542023
gag_polyprotein,T332G,9.848724
gag_polyprotein,T332H,8.300568
gag_polyprotein,T332I,7.7788086
gag_polyprotein,T332K,12.131714
gag_polyprotein,T332L,10.236542
gag_polyprotein,T332M,12.19342
gag_polyprotein,T332N,6.5134583
gag_polyprotein,T332P,10.357727
gag_polyprotein,T332Q,10.786438
gag_polyprotein,T332R,12.164032
gag_polyprotein,T332S,6.497711
gag_polyprotein,T332V,9.869293
gag_polyprotein,T332W,11.537079
gag_polyprotein,T332Y,10.972656
gag_polyprotein,I333A,10.983276
gag_polyprotein,I333C,12.793457
gag_polyprotein,I333D,11.721588
gag_polyprotein,I333E,11.967041
gag_polyprotein,I333F,11.852478
gag_polyprotein,I333G,12.793976
gag_polyprotein,I333H,11.866821
gag_polyprotein,I333K,12.760651
gag_polyprotein,I333L,9.691254
gag_polyprotein,I333M,10.430634
gag_polyprotein,I333N,10.978027
gag_polyprotein,I333P,12.69754
gag_polyprotein,I333Q,12.725281
gag_polyprotein,I333R,11.419006
gag_polyprotein,I333S,12.704803
gag_polyprotein,I333T,9.794739
gag_polyprotein,I333V,9.275909
gag_polyprotein,I333W,12.777924
gag_polyprotein,I333Y,11.049591
gag_polyprotein,L334A,11.715912
gag_polyprotein,L334C,13.218201
gag_polyprotein,L334D,13.1119995
gag_polyprotein,L334E,13.084351
gag_polyprotein,L334F,9.85379
gag_polyprotein,L334G,13.124237
gag_polyprotein,L334H,12.000732
gag_polyprotein,L334I,11.332825
gag_polyprotein,L334K,13.101196
gag_polyprotein,L334M,11.662659
gag_polyprotein,L334N,13.113129
gag_polyprotein,L334P,12.172943
gag_polyprotein,L334Q,12.98645
gag_polyprotein,L334R,13.223785
gag_polyprotein,L334S,11.430542
gag_polyprotein,L334T,13.16275
gag_polyprotein,L334V,11.533203
gag_polyprotein,L334W,13.148682
gag_polyprotein,L334Y,13.110138
gag_polyprotein,K335A,11.232941
gag_polyprotein,K335C,12.33316
gag_polyprotein,K335D,12.436737
gag_polyprotein,K335E,10.429901
gag_polyprotein,K335F,12.363831
gag_polyprotein,K335G,11.053253
gag_polyprotein,K335H,12.329529
gag_polyprotein,K335I,11.111572
gag_polyprotein,K335L,10.962189
gag_polyprotein,K335M,12.411346
gag_polyprotein,K335N,12.308868
gag_polyprotein,K335P,12.2276
gag_polyprotein,K335Q,11.422211
gag_polyprotein,K335R,5.7052
gag_polyprotein,K335S,11.461304
gag_polyprotein,K335T,10.599976
gag_polyprotein,K335V,11.589752
gag_polyprotein,K335W,11.589264
gag_polyprotein,K335Y,12.295929
gag_polyprotein,A336C,12.723633
gag_polyprotein,A336D,11.957825
gag_polyprotein,A336E,11.857178
gag_polyprotein,A336F,12.58783
gag_polyprotein,A336G,8.254456
gag_polyprotein,A336H,12.615631
gag_polyprotein,A336I,11.433197
gag_polyprotein,A336K,12.643616
gag_polyprotein,A336L,12.568176
gag_polyprotein,A336M,11.826752
gag_polyprotein,A336N,12.588837
gag_polyprotein,A336P,12.540649
gag_polyprotein,A336Q,11.925476
gag_polyprotein,A336R,11.557526
gag_polyprotein,A336S,7.844055
gag_polyprotein,A336T,9.556152
gag_polyprotein,A336V,10.89679
gag_polyprotein,A336W,12.010437
gag_polyprotein,A336Y,12.75705
gag_polyprotein,L337A,10.87204
gag_polyprotein,L337C,12.331787
gag_polyprotein,L337D,11.034058
gag_polyprotein,L337E,12.212402
gag_polyprotein,L337F,9.667328
gag_polyprotein,L337G,12.220123
gag_polyprotein,L337H,12.197601
gag_polyprotein,L337I,9.304108
gag_polyprotein,L337K,10.899078
gag_polyprotein,L337M,7.279724
gag_polyprotein,L337N,12.209717
gag_polyprotein,L337P,12.292603
gag_polyprotein,L337Q,12.210693
gag_polyprotein,L337R,12.315277
gag_polyprotein,L337S,8.718689
gag_polyprotein,L337T,11.405853
gag_polyprotein,L337V,10.305695
gag_polyprotein,L337W,11.143707
gag_polyprotein,L337Y,11.379395
gag_polyprotein,G338A,11.863953
gag_polyprotein,G338C,12.811218
gag_polyprotein,G338D,12.922638
gag_polyprotein,G338E,10.331665
gag_polyprotein,G338F,12.811554
gag_polyprotein,G338H,11.884277
gag_polyprotein,G338I,12.900177
gag_polyprotein,G338K,11.362335
gag_polyprotein,G338L,12.926788
gag_polyprotein,G338M,12.88089
gag_polyprotein,G338N,11.837738
gag_polyprotein,G338P,12.879181
gag_polyprotein,G338Q,11.891876
gag_polyprotein,G338R,8.615906
gag_polyprotein,G338S,11.929718
gag_polyprotein,G338T,11.915314
gag_polyprotein,G338V,11.588562
gag_polyprotein,G338W,12.844574
gag_polyprotein,G338Y,12.949066
gag_polyprotein,P339A,8.1319275
gag_polyprotein,P339C,12.848755
gag_polyprotein,P339D,12.833954
gag_polyprotein,P339E,12.923004
gag_polyprotein,P339F,12.925598
gag_polyprotein,P339G,10.786804
gag_polyprotein,P339H,11.567261
gag_polyprotein,P339I,10.8758545
gag_polyprotein,P339K,11.225647
gag_polyprotein,P339L,11.007324
gag_polyprotein,P339M,10.826355
gag_polyprotein,P339N,12.135986
gag_polyprotein,P339Q,8.104706
gag_polyprotein,P339R,10.888214
gag_polyprotein,P339S,8.171051
gag_polyprotein,P339T,7.072052
gag_polyprotein,P339V,10.130402
gag_polyprotein,P339W,12.852997
gag_polyprotein,P339Y,12.946777
gag_polyprotein,G340A,-2.4837646
gag_polyprotein,G340C,8.576691
gag_polyprotein,G340D,7.111206
gag_polyprotein,G340E,6.7225647
gag_polyprotein,G340F,8.495392
gag_polyprotein,G340H,5.870056
gag_polyprotein,G340I,8.529083
gag_polyprotein,G340K,8.530151
gag_polyprotein,G340L,8.502655
gag_polyprotein,G340M,8.504852
gag_polyprotein,G340N,6.637512
gag_polyprotein,G340P,8.62796
gag_polyprotein,G340Q,4.5433044
gag_polyprotein,G340R,7.1648254
gag_polyprotein,G340S,4.689148
gag_polyprotein,G340T,6.6543274
gag_polyprotein,G340V,8.180511
gag_polyprotein,G340W,7.96167
gag_polyprotein,G340Y,8.543091
gag_polyprotein,A341C,7.987274
gag_polyprotein,A341D,10.4375305
gag_polyprotein,A341E,11.454742
gag_polyprotein,A341F,11.336853
gag_polyprotein,A341G,9.446228
gag_polyprotein,A341H,12.144836
gag_polyprotein,A341I,11.36618
gag_polyprotein,A341K,12.2211
gag_polyprotein,A341L,12.083832
gag_polyprotein,A341M,12.125641
gag_polyprotein,A341N,12.155273
gag_polyprotein,A341P,8.902435
gag_polyprotein,A341Q,12.191376
gag_polyprotein,A341R,10.754028
gag_polyprotein,A341S,8.474121
gag_polyprotein,A341T,10.203644
gag_polyprotein,A341V,8.638702
gag_polyprotein,A341W,12.252777
gag_polyprotein,A341Y,12.26178
gag_polyprotein,T342A,8.417023
gag_polyprotein,T342C,11.635803
gag_polyprotein,T342D,11.642578
gag_polyprotein,T342E,11.11203
gag_polyprotein,T342F,11.622559
gag_polyprotein,T342G,11.716217
gag_polyprotein,T342H,11.727783
gag_polyprotein,T342I,10.79895
gag_polyprotein,T342K,11.150482
gag_polyprotein,T342L,11.065002
gag_polyprotein,T342M,11.6622925
gag_polyprotein,T342N,6.990326
gag_polyprotein,T342P,8.043884
gag_polyprotein,T342Q,10.535706
gag_polyprotein,T342R,11.098938
gag_polyprotein,T342S,5.043579
gag_polyprotein,T342V,10.68866
gag_polyprotein,T342W,11.6631775
gag_polyprotein,T342Y,10.553406
gag_polyprotein,L343A,12.720886
gag_polyprotein,L343C,12.732361
gag_polyprotein,L343D,11.96759
gag_polyprotein,L343E,11.79129
gag_polyprotein,L343F,10.604889
gag_polyprotein,L343G,12.722626
gag_polyprotein,L343H,12.053497
gag_polyprotein,L343I,8.2153015
gag_polyprotein,L343K,11.855835
gag_polyprotein,L343M,12.725067
gag_polyprotein,L343N,12.713013
gag_polyprotein,L343P,11.407959
gag_polyprotein,L343Q,12.340729
gag_polyprotein,L343R,11.325256
gag_polyprotein,L343S,11.361908
gag_polyprotein,L343T,11.822205
gag_polyprotein,L343V,7.968506
gag_polyprotein,L343W,12.667603
gag_polyprotein,L343Y,12.634277
gag_polyprotein,E344A,12.420746
gag_polyprotein,E344C,12.414612
gag_polyprotein,E344D,12.52594
gag_polyprotein,E344F,11.519897
gag_polyprotein,E344G,8.504883
gag_polyprotein,E344H,12.527954
gag_polyprotein,E344I,12.385956
gag_polyprotein,E344K,7.6551514
gag_polyprotein,E344L,11.586548
gag_polyprotein,E344M,12.54953
gag_polyprotein,E344N,11.539429
gag_polyprotein,E344P,10.963593
gag_polyprotein,E344Q,10.498627
gag_polyprotein,E344R,10.625214
gag_polyprotein,E344S,11.579529
gag_polyprotein,E344T,11.105957
gag_polyprotein,E344V,12.399506
gag_polyprotein,E344W,11.464783
gag_polyprotein,E344Y,12.528351
gag_polyprotein,E345A,9.758728
gag_polyprotein,E345C,11.958069
gag_polyprotein,E345D,6.1341553
gag_polyprotein,E345F,11.96579
gag_polyprotein,E345G,9.048462
gag_polyprotein,E345H,11.054077
gag_polyprotein,E345I,12.064667
gag_polyprotein,E345K,8.162903
gag_polyprotein,E345L,12.022156
gag_polyprotein,E345M,12.09903
gag_polyprotein,E345N,12.053955
gag_polyprotein,E345P,11.991089
gag_polyprotein,E345Q,11.077393
gag_polyprotein,E345R,10.420502
gag_polyprotein,E345S,11.30719
gag_polyprotein,E345T,11.192566
gag_polyprotein,E345V,11.044952
gag_polyprotein,E345W,12.025543
gag_polyprotein,E345Y,12.070557
gag_polyprotein,M346A,11.693451
gag_polyprotein,M346C,13.000885
gag_polyprotein,M346D,13.040619
gag_polyprotein,M346E,13.032532
gag_polyprotein,M346F,12.927856
gag_polyprotein,M346G,11.961975
gag_polyprotein,M346H,12.11319
gag_polyprotein,M346I,8.883881
gag_polyprotein,M346K,10.93103
gag_polyprotein,M346L,10.4852295
gag_polyprotein,M346N,11.930298
gag_polyprotein,M346P,13.011078
gag_polyprotein,M346Q,12.924347
gag_polyprotein,M346R,12.945648
gag_polyprotein,M346S,11.638641
gag_polyprotein,M346T,11.082367
gag_polyprotein,M346V,10.179382
gag_polyprotein,M346W,11.956299
gag_polyprotein,M346Y,13.030243
gag_polyprotein,M347A,12.716095
gag_polyprotein,M347C,12.820404
gag_polyprotein,M347D,11.763947
gag_polyprotein,M347E,11.917603
gag_polyprotein,M347F,12.841797
gag_polyprotein,M347G,11.164398
gag_polyprotein,M347H,11.850128
gag_polyprotein,M347I,8.916229
gag_polyprotein,M347K,11.758881
gag_polyprotein,M347L,9.834656
gag_polyprotein,M347N,11.585358
gag_polyprotein,M347P,12.727478
gag_polyprotein,M347Q,11.309235
gag_polyprotein,M347R,12.779785
gag_polyprotein,M347S,12.762085
gag_polyprotein,M347T,9.54071
gag_polyprotein,M347V,9.408844
gag_polyprotein,M347W,12.6927185
gag_polyprotein,M347Y,11.867126
gag_polyprotein,T348A,6.2678833
gag_polyprotein,T348C,11.606018
gag_polyprotein,T348D,11.487915
gag_polyprotein,T348E,10.662048
gag_polyprotein,T348F,11.367676
gag_polyprotein,T348G,10.7968445
gag_polyprotein,T348H,11.485596
gag_polyprotein,T348I,7.8975525
gag_polyprotein,T348K,11.359772
gag_polyprotein,T348L,10.225281
gag_polyprotein,T348M,11.573303
gag_polyprotein,T348N,10.201996
gag_polyprotein,T348P,8.877075
gag_polyprotein,T348Q,11.473602
gag_polyprotein,T348R,10.816284
gag_polyprotein,T348S,4.9047546
gag_polyprotein,T348V,8.615631
gag_polyprotein,T348W,11.503479
gag_polyprotein,T348Y,10.639496
gag_polyprotein,A349C,13.0486145
gag_polyprotein,A349D,13.030548
gag_polyprotein,A349E,12.007263
gag_polyprotein,A349F,13.1633
gag_polyprotein,A349G,13.092255
gag_polyprotein,A349H,12.075714
gag_polyprotein,A349I,11.483795
gag_polyprotein,A349K,13.112762
gag_polyprotein,A349L,13.037384
gag_polyprotein,A349M,13.130371
gag_polyprotein,A349N,13.072845
gag_polyprotein,A349P,11.915741
gag_polyprotein,A349Q,13.130585
gag_polyprotein,A349R,13.029816
gag_polyprotein,A349S,9.219727
gag_polyprotein,A349T,11.483124
gag_polyprotein,A349V,10.199341
gag_polyprotein,A349W,13.005981
gag_polyprotein,A349Y,11.349945
gag_polyprotein,C350A,11.592621
gag_polyprotein,C350D,12.158447
gag_polyprotein,C350E,12.953949
gag_polyprotein,C350F,11.357025
gag_polyprotein,C350G,11.289185
gag_polyprotein,C350H,11.977081
gag_polyprotein,C350I,12.945892
gag_polyprotein,C350K,12.904663
gag_polyprotein,C350L,12.136414
gag_polyprotein,C350M,12.954742
gag_polyprotein,C350N,12.984436
gag_polyprotein,C350P,13.025604
gag_polyprotein,C350Q,11.417816
gag_polyprotein,C350R,10.185638
gag_polyprotein,C350S,9.704163
gag_polyprotein,C350T,10.987396
gag_polyprotein,C350V,13.015381
gag_polyprotein,C350W,11.114899
gag_polyprotein,C350Y,11.276428
gag_polyprotein,Q351A,13.2074585
gag_polyprotein,Q351C,13.103516
gag_polyprotein,Q351D,12.207367
gag_polyprotein,Q351E,11.014313
gag_polyprotein,Q351F,13.1250305
gag_polyprotein,Q351G,12.015259
gag_polyprotein,Q351H,13.108307
gag_polyprotein,Q351I,13.151825
gag_polyprotein,Q351K,12.145752
gag_polyprotein,Q351L,13.057831
gag_polyprotein,Q351M,13.060577
gag_polyprotein,Q351N,11.294159
gag_polyprotein,Q351P,10.831055
gag_polyprotein,Q351R,9.300079
gag_polyprotein,Q351S,11.53363
gag_polyprotein,Q351T,12.181366
gag_polyprotein,Q351V,13.102631
gag_polyprotein,Q351W,13.107452
gag_polyprotein,Q351Y,13.168213
gag_polyprotein,G352A,10.932953
gag_polyprotein,G352C,12.871185
gag_polyprotein,G352D,11.3454895
gag_polyprotein,G352E,8.968201
gag_polyprotein,G352F,12.975128
gag_polyprotein,G352H,12.976166
gag_polyprotein,G352I,11.931274
gag_polyprotein,G352K,12.9184265
gag_polyprotein,G352L,12.99707
gag_polyprotein,G352M,13.106964
gag_polyprotein,G352N,11.646454
gag_polyprotein,G352P,12.970032
gag_polyprotein,G352Q,13.055176
gag_polyprotein,G352R,10.296204
gag_polyprotein,G352S,11.468506
gag_polyprotein,G352T,12.015808
gag_polyprotein,G352V,11.998138
gag_polyprotein,G352W,12.979034
gag_polyprotein,G352Y,12.898102
gag_polyprotein,V353A,8.850006
gag_polyprotein,V353C,12.861206
gag_polyprotein,V353D,12.951813
gag_polyprotein,V353E,11.80191
gag_polyprotein,V353F,12.981201
gag_polyprotein,V353G,10.53183
gag_polyprotein,V353H,12.938263
gag_polyprotein,V353I,11.317444
gag_polyprotein,V353K,12.895203
gag_polyprotein,V353L,11.912079
gag_polyprotein,V353M,11.087799
gag_polyprotein,V353N,11.947479
gag_polyprotein,V353P,11.918701
gag_polyprotein,V353Q,12.990051
gag_polyprotein,V353R,12.964355
gag_polyprotein,V353S,11.28421
gag_polyprotein,V353T,11.86853
gag_polyprotein,V353W,12.944855
gag_polyprotein,V353Y,12.865723
gag_polyprotein,G354A,13.017792
gag_polyprotein,G354C,13.063538
gag_polyprotein,G354D,12.041504
gag_polyprotein,G354E,9.580078
gag_polyprotein,G354F,13.035828
gag_polyprotein,G354H,12.965485
gag_polyprotein,G354I,11.996368
gag_polyprotein,G354K,10.953888
gag_polyprotein,G354L,13.060455
gag_polyprotein,G354M,13.063599
gag_polyprotein,G354N,12.020996
gag_polyprotein,G354P,12.994141
gag_polyprotein,G354Q,13.01413
gag_polyprotein,G354R,10.43689
gag_polyprotein,G354S,13.013611
gag_polyprotein,G354T,12.0338745
gag_polyprotein,G354V,13.039978
gag_polyprotein,G354W,13.042267
gag_polyprotein,G354Y,13.097992
gag_polyprotein,G355A,11.109161
gag_polyprotein,G355C,13.47229
gag_polyprotein,G355D,13.362427
gag_polyprotein,G355E,9.832367
gag_polyprotein,G355F,11.439331
gag_polyprotein,G355H,13.4253845
gag_polyprotein,G355I,12.469543
gag_polyprotein,G355K,13.475281
gag_polyprotein,G355L,13.38678
gag_polyprotein,G355M,13.451294
gag_polyprotein,G355N,13.352753
gag_polyprotein,G355P,13.383362
gag_polyprotein,G355Q,13.408264
gag_polyprotein,G355R,11.637787
gag_polyprotein,G355S,13.4809265
gag_polyprotein,G355T,11.295105
gag_polyprotein,G355V,13.410095
gag_polyprotein,G355W,13.3845825
gag_polyprotein,G355Y,13.3871765
gag_polyprotein,P356A,10.154449
gag_polyprotein,P356C,12.914917
gag_polyprotein,P356D,11.904388
gag_polyprotein,P356E,12.894501
gag_polyprotein,P356F,12.805054
gag_polyprotein,P356G,10.880859
gag_polyprotein,P356H,12.867798
gag_polyprotein,P356I,12.9444275
gag_polyprotein,P356K,11.83667
gag_polyprotein,P356L,9.792053
gag_polyprotein,P356M,12.934814
gag_polyprotein,P356N,11.329834
gag_polyprotein,P356Q,12.934387
gag_polyprotein,P356R,12.885895
gag_polyprotein,P356S,11.046326
gag_polyprotein,P356T,10.555481
gag_polyprotein,P356V,12.86084
gag_polyprotein,P356W,12.989227
gag_polyprotein,P356Y,12.996582
gag_polyprotein,G357A,4.412842
gag_polyprotein,G357C,8.397461
gag_polyprotein,G357D,9.782593
gag_polyprotein,G357E,9.808563
gag_polyprotein,G357F,10.703705
gag_polyprotein,G357H,10.704559
gag_polyprotein,G357I,9.657837
gag_polyprotein,G357K,10.709656
gag_polyprotein,G357L,10.711609
gag_polyprotein,G357M,10.662903
gag_polyprotein,G357N,9.615509
gag_polyprotein,G357P,10.735291
gag_polyprotein,G357Q,10.668518
gag_polyprotein,G357R,9.35733
gag_polyprotein,G357S,2.1828003
gag_polyprotein,G357T,8.430237
gag_polyprotein,G357V,9.534149
gag_polyprotein,G357W,9.784027
gag_polyprotein,G357Y,10.190979
gag_polyprotein,H358A,12.000702
gag_polyprotein,H358C,12.932831
gag_polyprotein,H358D,11.367004
gag_polyprotein,H358E,12.008301
gag_polyprotein,H358F,12.957489
gag_polyprotein,H358G,12.888947
gag_polyprotein,H358I,11.968079
gag_polyprotein,H358K,12.002228
gag_polyprotein,H358L,12.092285
gag_polyprotein,H358M,12.94928
gag_polyprotein,H358N,10.7146
gag_polyprotein,H358P,10.055237
gag_polyprotein,H358Q,10.497192
gag_polyprotein,H358R,9.491882
gag_polyprotein,H358S,12.901794
gag_polyprotein,H358T,13.011475
gag_polyprotein,H358V,12.922089
gag_polyprotein,H358W,12.880676
gag_polyprotein,H358Y,10.850708
gag_polyprotein,K359A,12.280731
gag_polyprotein,K359C,12.153015
gag_polyprotein,K359D,11.634369
gag_polyprotein,K359E,11.087402
gag_polyprotein,K359F,13.240448
gag_polyprotein,K359G,13.18103
gag_polyprotein,K359H,12.185486
gag_polyprotein,K359I,11.984528
gag_polyprotein,K359L,13.10083
gag_polyprotein,K359M,13.181976
gag_polyprotein,K359N,11.965576
gag_polyprotein,K359P,11.542267
gag_polyprotein,K359Q,10.742462
gag_polyprotein,K359R,11.350769
gag_polyprotein,K359S,13.200684
gag_polyprotein,K359T,13.196869
gag_polyprotein,K359V,12.077301
gag_polyprotein,K359W,12.111786
gag_polyprotein,K359Y,13.227875
gag_polyprotein,A360C,13.057037
gag_polyprotein,A360D,11.960327
gag_polyprotein,A360E,11.395355
gag_polyprotein,A360F,12.143921
gag_polyprotein,A360G,12.923798
gag_polyprotein,A360H,13.0034485
gag_polyprotein,A360I,13.138123
gag_polyprotein,A360K,13.029572
gag_polyprotein,A360L,12.070129
gag_polyprotein,A360M,13.185486
gag_polyprotein,A360N,13.114105
gag_polyprotein,A360P,11.990021
gag_polyprotein,A360Q,11.291779
gag_polyprotein,A360R,13.07489
gag_polyprotein,A360S,13.112518
gag_polyprotein,A360T,9.902039
gag_polyprotein,A360V,10.381805
gag_polyprotein,A360W,12.02475
gag_polyprotein,A360Y,11.564636
gag_polyprotein,R361A,12.205505
gag_polyprotein,R361C,11.486084
gag_polyprotein,R361D,10.890198
gag_polyprotein,R361E,11.360321
gag_polyprotein,R361F,12.2066345
gag_polyprotein,R361G,9.644684
gag_polyprotein,R361H,12.1936035
gag_polyprotein,R361I,11.98645
gag_polyprotein,R361K,5.704773
gag_polyprotein,R361L,11.3906555
gag_polyprotein,R361M,12.281738
gag_polyprotein,R361N,12.254608
gag_polyprotein,R361P,12.17865
gag_polyprotein,R361Q,10.734711
gag_polyprotein,R361S,10.497131
gag_polyprotein,R361T,12.215118
gag_polyprotein,R361V,11.364197
gag_polyprotein,R361W,11.418701
gag_polyprotein,R361Y,12.190521
gag_polyprotein,V362A,8.994568
gag_polyprotein,V362C,11.4487915
gag_polyprotein,V362D,11.530121
gag_polyprotein,V362E,10.2883
gag_polyprotein,V362F,11.459076
gag_polyprotein,V362G,11.508636
gag_polyprotein,V362H,11.478943
gag_polyprotein,V362I,3.3086548
gag_polyprotein,V362K,11.506134
gag_polyprotein,V362L,10.372711
gag_polyprotein,V362M,10.289795
gag_polyprotein,V362N,11.5035095
gag_polyprotein,V362P,10.818909
gag_polyprotein,V362Q,11.531403
gag_polyprotein,V362R,11.49939
gag_polyprotein,V362S,10.548676
gag_polyprotein,V362T,10.68811
gag_polyprotein,V362W,11.476959
gag_polyprotein,V362Y,11.42923
gag_polyprotein,L363A,11.905182
gag_polyprotein,L363C,13.020233
gag_polyprotein,L363D,12.871246
gag_polyprotein,L363E,11.934448
gag_polyprotein,L363F,10.70462
gag_polyprotein,L363G,11.901306
gag_polyprotein,L363H,12.928009
gag_polyprotein,L363I,11.883301
gag_polyprotein,L363K,12.929504
gag_polyprotein,L363M,10.143005
gag_polyprotein,L363N,13.001801
gag_polyprotein,L363P,12.958679
gag_polyprotein,L363Q,12.843109
gag_polyprotein,L363R,12.935944
gag_polyprotein,L363S,11.204956
gag_polyprotein,L363T,12.978912
gag_polyprotein,L363V,11.100891
gag_polyprotein,L363W,11.353363
gag_polyprotein,L363Y,11.819397
gag_polyprotein,A364C,12.538513
gag_polyprotein,A364D,10.422394
gag_polyprotein,A364E,11.088135
gag_polyprotein,A364F,11.667969
gag_polyprotein,A364G,11.277588
gag_polyprotein,A364H,11.452362
gag_polyprotein,A364I,12.507416
gag_polyprotein,A364K,12.539246
gag_polyprotein,A364L,10.534271
gag_polyprotein,A364M,12.527557
gag_polyprotein,A364N,11.090332
gag_polyprotein,A364P,10.942078
gag_polyprotein,A364Q,12.544159
gag_polyprotein,A364R,11.592834
gag_polyprotein,A364S,10.907867
gag_polyprotein,A364T,10.31778
gag_polyprotein,A364V,8.05188
gag_polyprotein,A364W,12.417084
gag_polyprotein,A364Y,11.483734
gag_polyprotein,E365A,10.917694
gag_polyprotein,E365C,12.60495
gag_polyprotein,E365D,10.62793
gag_polyprotein,E365F,12.546234
gag_polyprotein,E365G,9.511139
gag_polyprotein,E365H,12.657562
gag_polyprotein,E365I,11.204956
gag_polyprotein,E365K,8.286682
gag_polyprotein,E365L,12.742096
gag_polyprotein,E365M,12.588837
gag_polyprotein,E365N,11.718842
gag_polyprotein,E365P,11.160309
gag_polyprotein,E365Q,10.658356
gag_polyprotein,E365R,12.616241
gag_polyprotein,E365S,11.741272
gag_polyprotein,E365T,12.710571
gag_polyprotein,E365V,11.636902
gag_polyprotein,E365W,11.642761
gag_polyprotein,E365Y,12.583374
gag_polyprotein,A366C,13.276245
gag_polyprotein,A366D,13.146851
gag_polyprotein,A366E,11.465088
gag_polyprotein,A366F,13.210419
gag_polyprotein,A366G,11.030487
gag_polyprotein,A366H,13.184631
gag_polyprotein,A366I,13.195831
gag_polyprotein,A366K,12.138641
gag_polyprotein,A366L,11.457153
gag_polyprotein,A366M,12.151703
gag_polyprotein,A366N,13.162842
gag_polyprotein,A366P,13.21933
gag_polyprotein,A366Q,13.107208
gag_polyprotein,A366R,11.550995
gag_polyprotein,A366S,11.691162
gag_polyprotein,A366T,10.615143
gag_polyprotein,A366V,11.842529
gag_polyprotein,A366W,13.25116
gag_polyprotein,A366Y,13.196533
gag_polyprotein,M367A,12.776001
gag_polyprotein,M367C,12.753326
gag_polyprotein,M367D,12.004608
gag_polyprotein,M367E,12.746338
gag_polyprotein,M367F,12.795227
gag_polyprotein,M367G,10.898499
gag_polyprotein,M367H,11.407349
gag_polyprotein,M367I,8.125793
gag_polyprotein,M367K,12.800629
gag_polyprotein,M367L,12.095612
gag_polyprotein,M367N,11.528473
gag_polyprotein,M367P,12.713837
gag_polyprotein,M367Q,11.504883
gag_polyprotein,M367R,11.25592
gag_polyprotein,M367S,12.935394
gag_polyprotein,M367T,9.950134
gag_polyprotein,M367V,10.126953
gag_polyprotein,M367W,12.776062
gag_polyprotein,M367Y,12.763031
gag_polyprotein,S368A,9.226837
gag_polyprotein,S368C,5.69751
gag_polyprotein,S368D,11.362152
gag_polyprotein,S368E,9.80368
gag_polyprotein,S368F,11.471344
gag_polyprotein,S368G,5.6250305
gag_polyprotein,S368H,10.778351
gag_polyprotein,S368I,10.210175
gag_polyprotein,S368K,9.069153
gag_polyprotein,S368L,11.435852
gag_polyprotein,S368M,10.669281
gag_polyprotein,S368N,6.620392
gag_polyprotein,S368P,11.510529
gag_polyprotein,S368Q,9.991089
gag_polyprotein,S368R,8.923889
gag_polyprotein,S368T,8.553986
gag_polyprotein,S368V,11.491486
gag_polyprotein,S368W,11.50293
gag_polyprotein,S368Y,10.757782
gag_polyprotein,Q369A,10.272614
gag_polyprotein,Q369C,11.427856
gag_polyprotein,Q369D,9.817902
gag_polyprotein,Q369E,9.209625
gag_polyprotein,Q369F,10.248505
gag_polyprotein,Q369G,10.890442
gag_polyprotein,Q369H,4.21463
gag_polyprotein,Q369I,11.314148
gag_polyprotein,Q369K,7.1767273
gag_polyprotein,Q369L,7.1366577
gag_polyprotein,Q369M,9.706299
gag_polyprotein,Q369N,7.3456116
gag_polyprotein,Q369P,10.267334
gag_polyprotein,Q369R,7.3460693
gag_polyprotein,Q369S,8.312958
gag_polyprotein,Q369T,9.822845
gag_polyprotein,Q369V,11.480804
gag_polyprotein,Q369W,11.4279785
gag_polyprotein,Q369Y,10.81604
gag_polyprotein,V370A,2.3605042
gag_polyprotein,V370C,9.641693
gag_polyprotein,V370D,9.978638
gag_polyprotein,V370E,9.554504
gag_polyprotein,V370F,8.758728
gag_polyprotein,V370G,9.700653
gag_polyprotein,V370H,10.552277
gag_polyprotein,V370I,4.5525513
gag_polyprotein,V370K,10.531799
gag_polyprotein,V370L,5.303131
gag_polyprotein,V370M,3.638794
gag_polyprotein,V370N,10.589752
gag_polyprotein,V370P,8.872101
gag_polyprotein,V370Q,9.035522
gag_polyprotein,V370R,10.690033
gag_polyprotein,V370S,8.2969055
gag_polyprotein,V370T,5.937683
gag_polyprotein,V370W,10.034515
gag_polyprotein,V370Y,10.500916
gag_polyprotein,T371A,5.5624695
gag_polyprotein,T371C,11.817596
gag_polyprotein,T371D,10.8394165
gag_polyprotein,T371E,10.860931
gag_polyprotein,T371F,11.792999
gag_polyprotein,T371G,8.659973
gag_polyprotein,T371H,8.732391
gag_polyprotein,T371I,11.292664
gag_polyprotein,T371K,9.79837
gag_polyprotein,T371L,10.549347
gag_polyprotein,T371M,11.787628
gag_polyprotein,T371N,6.216736
gag_polyprotein,T371P,9.690552
gag_polyprotein,T371Q,6.547333
gag_polyprotein,T371R,10.298828
gag_polyprotein,T371S,5.581665
gag_polyprotein,T371V,9.932648
gag_polyprotein,T371W,11.156403
gag_polyprotein,T371Y,11.234985
gag_polyprotein,N372A,5.8475037
gag_polyprotein,N372C,10.187134
gag_polyprotein,N372D,9.503876
gag_polyprotein,N372E,10.206451
gag_polyprotein,N372F,9.320679
gag_polyprotein,N372G,3.6852417
gag_polyprotein,N372H,5.5693665
gag_polyprotein,N372I,10.082031
gag_polyprotein,N372K,5.943695
gag_polyprotein,N372L,10.19342
gag_polyprotein,N372M,10.212799
gag_polyprotein,N372P,7.2300415
gag_polyprotein,N372Q,5.717041
gag_polyprotein,N372R,9.458038
gag_polyprotein,N372S,2.9622192
gag_polyprotein,N372T,4.3798523
gag_polyprotein,N372V,8.393555
gag_polyprotein,N372W,9.63089
gag_polyprotein,N372Y,9.631226
gag_polyprotein,P373A,1.5936279
gag_polyprotein,P373C,8.142761
gag_polyprotein,P373D,7.4605713
gag_polyprotein,P373E,6.9191895
gag_polyprotein,P373F,8.745087
gag_polyprotein,P373G,4.665283
gag_polyprotein,P373H,5.323303
gag_polyprotein,P373I,7.6167297
gag_polyprotein,P373K,6.222046
gag_polyprotein,P373L,5.3418274
gag_polyprotein,P373M,7.697571
gag_polyprotein,P373N,4.356964
gag_polyprotein,P373Q,3.5245056
gag_polyprotein,P373R,6.749542
gag_polyprotein,P373S,-1.7306213
gag_polyprotein,P373T,1.8309021
gag_polyprotein,P373V,6.694153
gag_polyprotein,P373W,8.740112
gag_polyprotein,P373Y,7.870392
gag_polyprotein,A374C,9.697479
gag_polyprotein,A374D,8.217834
gag_polyprotein,A374E,10.015991
gag_polyprotein,A374F,10.48233
gag_polyprotein,A374G,4.874695
gag_polyprotein,A374H,7.3463135
gag_polyprotein,A374I,7.6003113
gag_polyprotein,A374K,8.081848
gag_polyprotein,A374L,8.399567
gag_polyprotein,A374M,8.312988
gag_polyprotein,A374N,3.092743
gag_polyprotein,A374P,4.1354675
gag_polyprotein,A374Q,8.481476
gag_polyprotein,A374R,8.907349
gag_polyprotein,A374S,4.8018494
gag_polyprotein,A374T,2.4516907
gag_polyprotein,A374V,5.485901
gag_polyprotein,A374W,10.612701
gag_polyprotein,A374Y,9.711456
gag_polyprotein,T375A,2.0308228
gag_polyprotein,T375C,10.176666
gag_polyprotein,T375D,8.7317505
gag_polyprotein,T375E,9.467529
gag_polyprotein,T375F,10.229919
gag_polyprotein,T375G,6.041107
gag_polyprotein,T375H,7.157898
gag_polyprotein,T375I,6.240631
gag_polyprotein,T375K,7.2800293
gag_polyprotein,T375L,8.795044
gag_polyprotein,T375M,9.437195
gag_polyprotein,T375N,2.1637878
gag_polyprotein,T375P,8.679504
gag_polyprotein,T375Q,7.651947
gag_polyprotein,T375R,9.235779
gag_polyprotein,T375S,3.3356323
gag_polyprotein,T375V,5.525177
gag_polyprotein,T375W,9.293945
gag_polyprotein,T375Y,10.302032
gag_polyprotein,I376A,5.599518
gag_polyprotein,I376C,9.624054
gag_polyprotein,I376D,10.659088
gag_polyprotein,I376E,10.082306
gag_polyprotein,I376F,9.743256
gag_polyprotein,I376G,9.710205
gag_polyprotein,I376H,10.651276
gag_polyprotein,I376K,10.619415
gag_polyprotein,I376L,8.095306
gag_polyprotein,I376M,5.3878784
gag_polyprotein,I376N,10.650879
gag_polyprotein,I376P,10.6094055
gag_polyprotein,I376Q,10.733002
gag_polyprotein,I376R,10.695648
gag_polyprotein,I376S,10.625977
gag_polyprotein,I376T,5.471039
gag_polyprotein,I376V,2.7610168
gag_polyprotein,I376W,10.085205
gag_polyprotein,I376Y,10.671631
gag_polyprotein,M377A,10.971161
gag_polyprotein,M377C,12.234375
gag_polyprotein,M377D,12.2109375
gag_polyprotein,M377E,12.271698
gag_polyprotein,M377F,9.662567
gag_polyprotein,M377G,11.554779
gag_polyprotein,M377H,12.276001
gag_polyprotein,M377I,8.785736
gag_polyprotein,M377K,10.986145
gag_polyprotein,M377L,5.8095703
gag_polyprotein,M377N,11.115326
gag_polyprotein,M377P,10.564331
gag_polyprotein,M377Q,11.585388
gag_polyprotein,M377R,11.58728
gag_polyprotein,M377S,11.568146
gag_polyprotein,M377T,10.964661
gag_polyprotein,M377V,10.008118
gag_polyprotein,M377W,11.598236
gag_polyprotein,M377Y,11.199036
gag_polyprotein,I378A,3.4736328
gag_polyprotein,I378C,6.425812
gag_polyprotein,I378D,5.806305
gag_polyprotein,I378E,6.5621033
gag_polyprotein,I378F,5.3819885
gag_polyprotein,I378G,6.3894043
gag_polyprotein,I378H,5.335205
gag_polyprotein,I378K,4.682129
gag_polyprotein,I378L,1.8139038
gag_polyprotein,I378M,-4.446533
gag_polyprotein,I378N,6.428131
gag_polyprotein,I378P,6.3386536
gag_polyprotein,I378Q,5.757782
gag_polyprotein,I378R,6.331909
gag_polyprotein,I378S,6.485016
gag_polyprotein,I378T,2.5297546
gag_polyprotein,I378V,0.52941895
gag_polyprotein,I378W,5.4125977
gag_polyprotein,I378Y,6.480133
gag_polyprotein,Q379A,11.9366455
gag_polyprotein,Q379C,12.928955
gag_polyprotein,Q379D,11.988892
gag_polyprotein,Q379E,10.7969055
gag_polyprotein,Q379F,12.950226
gag_polyprotein,Q379G,11.954346
gag_polyprotein,Q379H,12.581726
gag_polyprotein,Q379I,12.888855
gag_polyprotein,Q379K,12.001678
gag_polyprotein,Q379L,10.729401
gag_polyprotein,Q379M,11.267273
gag_polyprotein,Q379N,11.899078
gag_polyprotein,Q379P,10.376953
gag_polyprotein,Q379R,8.816376
gag_polyprotein,Q379S,11.411102
gag_polyprotein,Q379T,11.386505
gag_polyprotein,Q379V,11.882751
gag_polyprotein,Q379W,12.939728
gag_polyprotein,Q379Y,12.852356
gag_polyprotein,K380A,8.23291
gag_polyprotein,K380C,9.1171875
gag_polyprotein,K380D,9.117828
gag_polyprotein,K380E,7.2591553
gag_polyprotein,K380F,9.184265
gag_polyprotein,K380G,3.1595154
gag_polyprotein,K380H,8.253906
gag_polyprotein,K380I,9.240143
gag_polyprotein,K380L,9.272034
gag_polyprotein,K380M,9.187866
gag_polyprotein,K380N,5.977295
gag_polyprotein,K380P,7.737915
gag_polyprotein,K380Q,6.2741394
gag_polyprotein,K380R,-1.0678711
gag_polyprotein,K380S,6.7573853
gag_polyprotein,K380T,7.564331
gag_polyprotein,K380V,9.114929
gag_polyprotein,K380W,9.118561
gag_polyprotein,K380Y,9.13385
gag_polyprotein,G381A,8.956055
gag_polyprotein,G381C,11.606232
gag_polyprotein,G381D,6.012268
gag_polyprotein,G381E,10.996307
gag_polyprotein,G381F,11.648621
gag_polyprotein,G381H,11.607758
gag_polyprotein,G381I,11.631653
gag_polyprotein,G381K,11.560699
gag_polyprotein,G381L,10.624176
gag_polyprotein,G381M,10.199371
gag_polyprotein,G381N,6.5070496
gag_polyprotein,G381P,10.960144
gag_polyprotein,G381Q,11.570404
gag_polyprotein,G381R,9.588989
gag_polyprotein,G381S,4.8223877
gag_polyprotein,G381T,9.990906
gag_polyprotein,G381V,10.960449
gag_polyprotein,G381W,11.585632
gag_polyprotein,G381Y,11.654236
gag_polyprotein,N382A,9.887787
gag_polyprotein,N382C,11.310486
gag_polyprotein,N382D,6.856018
gag_polyprotein,N382E,9.932495
gag_polyprotein,N382F,10.136353
gag_polyprotein,N382G,9.23053
gag_polyprotein,N382H,9.341003
gag_polyprotein,N382I,8.839691
gag_polyprotein,N382K,5.226227
gag_polyprotein,N382L,10.626038
gag_polyprotein,N382M,10.126099
gag_polyprotein,N382P,9.416931
gag_polyprotein,N382Q,8.979828
gag_polyprotein,N382R,8.343445
gag_polyprotein,N382S,7.213196
gag_polyprotein,N382T,7.3181763
gag_polyprotein,N382V,10.631805
gag_polyprotein,N382W,11.290955
gag_polyprotein,N382Y,9.492004
gag_polyprotein,F383A,10.464935
gag_polyprotein,F383C,8.50119
gag_polyprotein,F383D,7.672241
gag_polyprotein,F383E,9.504456
gag_polyprotein,F383G,6.9833984
gag_polyprotein,F383H,9.579529
gag_polyprotein,F383I,5.9232483
gag_polyprotein,F383K,10.301666
gag_polyprotein,F383L,4.845886
gag_polyprotein,F383M,8.93573
gag_polyprotein,F383N,8.690918
gag_polyprotein,F383P,6.2948303
gag_polyprotein,F383Q,10.39743
gag_polyprotein,F383R,10.434326
gag_polyprotein,F383S,6.87796
gag_polyprotein,F383T,9.343628
gag_polyprotein,F383V,4.84433
gag_polyprotein,F383W,7.148102
gag_polyprotein,F383Y,4.3710938
gag_polyprotein,R384A,10.1475525
gag_polyprotein,R384C,10.741364
gag_polyprotein,R384D,10.67746
gag_polyprotein,R384E,8.797272
gag_polyprotein,R384F,10.677185
gag_polyprotein,R384G,4.6238403
gag_polyprotein,R384H,10.659546
gag_polyprotein,R384I,10.720734
gag_polyprotein,R384K,2.8353271
gag_polyprotein,R384L,9.822449
gag_polyprotein,R384M,9.540253
gag_polyprotein,R384N,7.228546
gag_polyprotein,R384P,9.698151
gag_polyprotein,R384Q,6.9042053
gag_polyprotein,R384S,7.9814453
gag_polyprotein,R384T,8.998138
gag_polyprotein,R384V,10.671204
gag_polyprotein,R384W,9.878876
gag_polyprotein,R384Y,10.035126
gag_polyprotein,N385A,8.228638
gag_polyprotein,N385C,10.365265
gag_polyprotein,N385D,4.890686
gag_polyprotein,N385E,8.8602295
gag_polyprotein,N385F,10.374481
gag_polyprotein,N385G,4.477539
gag_polyprotein,N385H,7.94046
gag_polyprotein,N385I,8.401337
gag_polyprotein,N385K,5.8636475
gag_polyprotein,N385L,9.886475
gag_polyprotein,N385M,10.50116
gag_polyprotein,N385P,6.119446
gag_polyprotein,N385Q,10.331665
gag_polyprotein,N385R,7.907654
gag_polyprotein,N385S,3.4176025
gag_polyprotein,N385T,5.6702576
gag_polyprotein,N385V,9.767456
gag_polyprotein,N385W,9.862152
gag_polyprotein,N385Y,9.510956
gag_polyprotein,Q386A,8.773071
gag_polyprotein,Q386C,12.120331
gag_polyprotein,Q386D,11.15564
gag_polyprotein,Q386E,10.635803
gag_polyprotein,Q386F,9.495453
gag_polyprotein,Q386G,9.74295
gag_polyprotein,Q386H,7.119751
gag_polyprotein,Q386I,9.967346
gag_polyprotein,Q386K,8.152679
gag_polyprotein,Q386L,8.692108
gag_polyprotein,Q386M,11.412567
gag_polyprotein,Q386N,8.816254
gag_polyprotein,Q386P,4.998871
gag_polyprotein,Q386R,8.375458
gag_polyprotein,Q386S,7.1839294
gag_polyprotein,Q386T,7.9255066
gag_polyprotein,Q386V,11.227234
gag_polyprotein,Q386W,12.138275
gag_polyprotein,Q386Y,9.617523
gag_polyprotein,R387A,11.165955
gag_polyprotein,R387C,10.481628
gag_polyprotein,R387D,11.023346
gag_polyprotein,R387E,9.248779
gag_polyprotein,R387F,10.592255
gag_polyprotein,R387G,5.154297
gag_polyprotein,R387H,10.091217
gag_polyprotein,R387I,11.058655
gag_polyprotein,R387K,3.4935608
gag_polyprotein,R387L,9.858398
gag_polyprotein,R387M,11.125153
gag_polyprotein,R387N,7.662781
gag_polyprotein,R387P,10.068573
gag_polyprotein,R387Q,8.082581
gag_polyprotein,R387S,8.175842
gag_polyprotein,R387T,8.915985
gag_polyprotein,R387V,10.476898
gag_polyprotein,R387W,11.109894
gag_polyprotein,R387Y,10.975281
gag_polyprotein,K388A,9.596954
gag_polyprotein,K388C,11.338898
gag_polyprotein,K388D,9.975647
gag_polyprotein,K388E,10.7152405
gag_polyprotein,K388F,11.378784
gag_polyprotein,K388G,7.6371155
gag_polyprotein,K388H,11.4599
gag_polyprotein,K388I,8.813446
gag_polyprotein,K388L,10.589691
gag_polyprotein,K388M,9.475922
gag_polyprotein,K388N,8.693481
gag_polyprotein,K388P,10.06955
gag_polyprotein,K388Q,8.237976
gag_polyprotein,K388R,2.789978
gag_polyprotein,K388S,8.850189
gag_polyprotein,K388T,7.469818
gag_polyprotein,K388V,9.8758545
gag_polyprotein,K388W,11.317627
gag_polyprotein,K388Y,11.336792
gag_polyprotein,T389A,2.763733
gag_polyprotein,T389C,8.848145
gag_polyprotein,T389D,8.296997
gag_polyprotein,T389E,7.7780457
gag_polyprotein,T389F,6.1271057
gag_polyprotein,T389G,5.686096
gag_polyprotein,T389H,8.768127
gag_polyprotein,T389I,0.333313
gag_polyprotein,T389K,6.4604797
gag_polyprotein,T389L,6.1986084
gag_polyprotein,T389M,3.8827515
gag_polyprotein,T389N,2.9264526
gag_polyprotein,T389P,2.3471375
gag_polyprotein,T389Q,8.1138
gag_polyprotein,T389R,6.4661865
gag_polyprotein,T389S,1.9447327
gag_polyprotein,T389V,3.1420288
gag_polyprotein,T389W,8.14679
gag_polyprotein,T389Y,8.890228
gag_polyprotein,V390A,8.066101
gag_polyprotein,V390C,11.007416
gag_polyprotein,V390D,11.163391
gag_polyprotein,V390E,11.17569
gag_polyprotein,V390F,9.4279785
gag_polyprotein,V390G,10.283966
gag_polyprotein,V390H,11.156189
gag_polyprotein,V390I,2.7513123
gag_polyprotein,V390K,11.136017
gag_polyprotein,V390L,7.7674255
gag_polyprotein,V390M,10.463776
gag_polyprotein,V390N,10.082733
gag_polyprotein,V390P,7.753479
gag_polyprotein,V390Q,10.423981
gag_polyprotein,V390R,10.078186
gag_polyprotein,V390S,10.177734
gag_polyprotein,V390T,9.529785
gag_polyprotein,V390W,10.406799
gag_polyprotein,V390Y,11.167755
gag_polyprotein,K391A,9.837738
gag_polyprotein,K391C,12.452759
gag_polyprotein,K391D,11.503876
gag_polyprotein,K391E,10.074951
gag_polyprotein,K391F,11.477783
gag_polyprotein,K391G,11.347534
gag_polyprotein,K391H,10.464142
gag_polyprotein,K391I,12.403076
gag_polyprotein,K391L,11.511627
gag_polyprotein,K391M,12.445953
gag_polyprotein,K391N,9.952118
gag_polyprotein,K391P,12.320129
gag_polyprotein,K391Q,9.688538
gag_polyprotein,K391R,8.333893
gag_polyprotein,K391S,12.481842
gag_polyprotein,K391T,10.763763
gag_polyprotein,K391V,12.372681
gag_polyprotein,K391W,11.307953
gag_polyprotein,K391Y,12.330017
gag_polyprotein,C392A,10.816956
gag_polyprotein,C392D,12.764526
gag_polyprotein,C392E,12.744354
gag_polyprotein,C392F,11.404572
gag_polyprotein,C392G,10.3414
gag_polyprotein,C392H,12.770416
gag_polyprotein,C392I,11.749878
gag_polyprotein,C392K,12.791687
gag_polyprotein,C392L,11.124084
gag_polyprotein,C392M,12.821411
gag_polyprotein,C392N,12.813202
gag_polyprotein,C392P,12.847717
gag_polyprotein,C392Q,12.7561035
gag_polyprotein,C392R,9.174164
gag_polyprotein,C392S,10.702881
gag_polyprotein,C392T,11.722382
gag_polyprotein,C392V,11.287201
gag_polyprotein,C392W,12.749054
gag_polyprotein,C392Y,11.666626
gag_polyprotein,F393A,12.626862
gag_polyprotein,F393C,12.577667
gag_polyprotein,F393D,11.689941
gag_polyprotein,F393E,12.586395
gag_polyprotein,F393G,11.684631
gag_polyprotein,F393H,12.675781
gag_polyprotein,F393I,11.63916
gag_polyprotein,F393K,12.531952
gag_polyprotein,F393L,8.750458
gag_polyprotein,F393M,12.55069
gag_polyprotein,F393N,11.700867
gag_polyprotein,F393P,12.579956
gag_polyprotein,F393Q,11.0850525
gag_polyprotein,F393R,11.601654
gag_polyprotein,F393S,9.2751465
gag_polyprotein,F393T,10.992523
gag_polyprotein,F393V,12.40509
gag_polyprotein,F393W,12.649109
gag_polyprotein,F393Y,7.677704
gag_polyprotein,N394A,12.438202
gag_polyprotein,N394C,12.469696
gag_polyprotein,N394D,8.987488
gag_polyprotein,N394E,10.821136
gag_polyprotein,N394F,12.399567
gag_polyprotein,N394G,12.392303
gag_polyprotein,N394H,10.625275
gag_polyprotein,N394I,9.211121
gag_polyprotein,N394K,9.819122
gag_polyprotein,N394L,11.581329
gag_polyprotein,N394M,12.567352
gag_polyprotein,N394P,12.448151
gag_polyprotein,N394Q,11.661041
gag_polyprotein,N394R,11.46875
gag_polyprotein,N394S,9.665405
gag_polyprotein,N394T,10.151947
gag_polyprotein,N394V,12.39624
gag_polyprotein,N394W,12.480835
gag_polyprotein,N394Y,10.94986
gag_polyprotein,C395A,11.65097
gag_polyprotein,C395D,11.486176
gag_polyprotein,C395E,11.250397
gag_polyprotein,C395F,11.357178
gag_polyprotein,C395G,9.877533
gag_polyprotein,C395H,12.466461
gag_polyprotein,C395I,12.507629
gag_polyprotein,C395K,11.608917
gag_polyprotein,C395L,10.977386
gag_polyprotein,C395M,11.08609
gag_polyprotein,C395N,11.4696045
gag_polyprotein,C395P,11.643127
gag_polyprotein,C395Q,11.592102
gag_polyprotein,C395R,9.884644
gag_polyprotein,C395S,11.523804
gag_polyprotein,C395T,12.502686
gag_polyprotein,C395V,10.278229
gag_polyprotein,C395W,9.738251
gag_polyprotein,C395Y,9.409973
gag_polyprotein,G396A,10.342468
gag_polyprotein,G396C,12.581268
gag_polyprotein,G396D,9.735626
gag_polyprotein,G396E,10.388306
gag_polyprotein,G396F,12.621948
gag_polyprotein,G396H,12.545502
gag_polyprotein,G396I,12.601959
gag_polyprotein,G396K,12.622833
gag_polyprotein,G396L,12.653351
gag_polyprotein,G396M,12.59613
gag_polyprotein,G396N,12.666351
gag_polyprotein,G396P,11.577454
gag_polyprotein,G396Q,11.602997
gag_polyprotein,G396R,10.956482
gag_polyprotein,G396S,9.336273
gag_polyprotein,G396T,12.674683
gag_polyprotein,G396V,10.630402
gag_polyprotein,G396W,12.649078
gag_polyprotein,G396Y,11.553833
gag_polyprotein,K397A,11.343201
gag_polyprotein,K397C,11.3906555
gag_polyprotein,K397D,10.227936
gag_polyprotein,K397E,8.283539
gag_polyprotein,K397F,11.283844
gag_polyprotein,K397G,9.562775
gag_polyprotein,K397H,11.2977295
gag_polyprotein,K397I,11.189789
gag_polyprotein,K397L,10.683197
gag_polyprotein,K397M,11.389526
gag_polyprotein,K397N,10.865448
gag_polyprotein,K397P,10.521271
gag_polyprotein,K397Q,10.170563
gag_polyprotein,K397R,3.5160217
gag_polyprotein,K397S,10.345306
gag_polyprotein,K397T,10.200531
gag_polyprotein,K397V,11.236877
gag_polyprotein,K397W,11.339508
gag_polyprotein,K397Y,11.193848
gag_polyprotein,E398A,5.797058
gag_polyprotein,E398C,10.41037
gag_polyprotein,E398D,4.2382507
gag_polyprotein,E398F,10.413269
gag_polyprotein,E398G,8.270355
gag_polyprotein,E398H,9.350586
gag_polyprotein,E398I,5.3095093
gag_polyprotein,E398K,7.907379
gag_polyprotein,E398L,7.086426
gag_polyprotein,E398M,8.527893
gag_polyprotein,E398N,10.416626
gag_polyprotein,E398P,8.051697
gag_polyprotein,E398Q,5.953827
gag_polyprotein,E398R,8.989532
gag_polyprotein,E398S,9.565796
gag_polyprotein,E398T,6.5956116
gag_polyprotein,E398V,3.975006
gag_polyprotein,E398W,10.46991
gag_polyprotein,E398Y,9.539734
gag_polyprotein,G399A,12.8281555
gag_polyprotein,G399C,13.005432
gag_polyprotein,G399D,11.234131
gag_polyprotein,G399E,9.281006
gag_polyprotein,G399F,11.807831
gag_polyprotein,G399H,12.965881
gag_polyprotein,G399I,12.9366455
gag_polyprotein,G399K,12.911407
gag_polyprotein,G399L,12.970947
gag_polyprotein,G399M,12.896637
gag_polyprotein,G399N,12.88559
gag_polyprotein,G399P,12.852203
gag_polyprotein,G399Q,13.0191345
gag_polyprotein,G399R,9.76123
gag_polyprotein,G399S,10.917938
gag_polyprotein,G399T,12.986511
gag_polyprotein,G399V,10.737732
gag_polyprotein,G399W,11.851776
gag_polyprotein,G399Y,11.932251
gag_polyprotein,H400A,11.257477
gag_polyprotein,H400C,12.771576
gag_polyprotein,H400D,12.78537
gag_polyprotein,H400E,11.708832
gag_polyprotein,H400F,11.159943
gag_polyprotein,H400G,10.4149475
gag_polyprotein,H400I,11.856018
gag_polyprotein,H400K,11.7135315
gag_polyprotein,H400L,10.432709
gag_polyprotein,H400M,12.802826
gag_polyprotein,H400N,12.6744995
gag_polyprotein,H400P,12.800354
gag_polyprotein,H400Q,11.58017
gag_polyprotein,H400R,9.024048
gag_polyprotein,H400S,11.849304
gag_polyprotein,H400T,11.788483
gag_polyprotein,H400V,12.776154
gag_polyprotein,H400W,12.849579
gag_polyprotein,H400Y,11.378479
gag_polyprotein,I401A,10.964783
gag_polyprotein,I401C,10.2969055
gag_polyprotein,I401D,11.001923
gag_polyprotein,I401E,10.910187
gag_polyprotein,I401F,9.405548
gag_polyprotein,I401G,11.066101
gag_polyprotein,I401H,11.0155945
gag_polyprotein,I401K,9.704254
gag_polyprotein,I401L,3.2968445
gag_polyprotein,I401M,8.733917
gag_polyprotein,I401N,11.009918
gag_polyprotein,I401P,9.865326
gag_polyprotein,I401Q,11.0043335
gag_polyprotein,I401R,10.225555
gag_polyprotein,I401S,10.4270935
gag_polyprotein,I401T,5.6839905
gag_polyprotein,I401V,5.203705
gag_polyprotein,I401W,11.003845
gag_polyprotein,I401Y,10.052643
gag_polyprotein,A402C,11.446747
gag_polyprotein,A402D,12.241211
gag_polyprotein,A402E,12.349121
gag_polyprotein,A402F,12.424866
gag_polyprotein,A402G,12.249756
gag_polyprotein,A402H,11.465179
gag_polyprotein,A402I,12.274231
gag_polyprotein,A402K,12.326294
gag_polyprotein,A402L,10.592682
gag_polyprotein,A402M,12.415741
gag_polyprotein,A402N,11.305481
gag_polyprotein,A402P,9.4418335
gag_polyprotein,A402Q,11.506989
gag_polyprotein,A402R,12.352844
gag_polyprotein,A402S,8.297455
gag_polyprotein,A402T,8.278107
gag_polyprotein,A402V,8.88913
gag_polyprotein,A402W,11.419037
gag_polyprotein,A402Y,12.363831
gag_polyprotein,K403A,9.929504
gag_polyprotein,K403C,9.938446
gag_polyprotein,K403D,9.324951
gag_polyprotein,K403E,8.990295
gag_polyprotein,K403F,9.850128
gag_polyprotein,K403G,7.530731
gag_polyprotein,K403H,9.802704
gag_polyprotein,K403I,9.56488
gag_polyprotein,K403L,8.877808
gag_polyprotein,K403M,9.480438
gag_polyprotein,K403N,8.475464
gag_polyprotein,K403P,9.317017
gag_polyprotein,K403Q,8.867828
gag_polyprotein,K403R,-0.38519287
gag_polyprotein,K403S,7.8096924
gag_polyprotein,K403T,9.949982
gag_polyprotein,K403V,8.5894165
gag_polyprotein,K403W,9.833893
gag_polyprotein,K403Y,9.959747
gag_polyprotein,N404A,11.377106
gag_polyprotein,N404C,11.357727
gag_polyprotein,N404D,9.286957
gag_polyprotein,N404E,10.146454
gag_polyprotein,N404F,10.54837
gag_polyprotein,N404G,10.250061
gag_polyprotein,N404H,5.3470764
gag_polyprotein,N404I,9.738983
gag_polyprotein,N404K,7.7686768
gag_polyprotein,N404L,10.534668
gag_polyprotein,N404M,11.302368
gag_polyprotein,N404P,10.097076
gag_polyprotein,N404Q,9.712799
gag_polyprotein,N404R,8.187592
gag_polyprotein,N404S,7.2098083
gag_polyprotein,N404T,8.979004
gag_polyprotein,N404V,10.533997
gag_polyprotein,N404W,11.360779
gag_polyprotein,N404Y,8.743164
gag_polyprotein,C405A,12.609528
gag_polyprotein,C405D,11.202911
gag_polyprotein,C405E,12.669495
gag_polyprotein,C405F,10.629211
gag_polyprotein,C405G,10.389618
gag_polyprotein,C405H,11.676117
gag_polyprotein,C405I,11.412781
gag_polyprotein,C405K,12.659302
gag_polyprotein,C405L,11.857788
gag_polyprotein,C405M,12.618469
gag_polyprotein,C405N,10.830017
gag_polyprotein,C405P,10.781128
gag_polyprotein,C405Q,11.286102
gag_polyprotein,C405R,10.134644
gag_polyprotein,C405S,12.544037
gag_polyprotein,C405T,10.660095
gag_polyprotein,C405V,11.068176
gag_polyprotein,C405W,11.236084
gag_polyprotein,C405Y,9.923096
gag_polyprotein,R406A,11.435059
gag_polyprotein,R406C,11.547821
gag_polyprotein,R406D,11.454254
gag_polyprotein,R406E,10.604828
gag_polyprotein,R406F,10.765015
gag_polyprotein,R406G,8.928131
gag_polyprotein,R406H,11.45224
gag_polyprotein,R406I,10.78009
gag_polyprotein,R406K,3.4396057
gag_polyprotein,R406L,11.435211
gag_polyprotein,R406M,11.251678
gag_polyprotein,R406N,11.486755
gag_polyprotein,R406P,11.468689
gag_polyprotein,R406Q,9.70932
gag_polyprotein,R406S,10.327362
gag_polyprotein,R406T,9.845184
gag_polyprotein,R406V,11.463318
gag_polyprotein,R406W,11.453735
gag_polyprotein,R406Y,10.849701
gag_polyprotein,A407C,12.480103
gag_polyprotein,A407D,12.466217
gag_polyprotein,A407E,11.482666
gag_polyprotein,A407F,11.62735
gag_polyprotein,A407G,9.499878
gag_polyprotein,A407H,12.545502
gag_polyprotein,A407I,11.284576
gag_polyprotein,A407K,11.562347
gag_polyprotein,A407L,11.388977
gag_polyprotein,A407M,12.408478
gag_polyprotein,A407N,12.43811
gag_polyprotein,A407P,10.955994
gag_polyprotein,A407Q,11.487701
gag_polyprotein,A407R,12.474121
gag_polyprotein,A407S,10.648773
gag_polyprotein,A407T,8.182465
gag_polyprotein,A407V,9.56543
gag_polyprotein,A407W,11.583038
gag_polyprotein,A407Y,11.088928
gag_polyprotein,P408A,8.832153
gag_polyprotein,P408C,12.551605
gag_polyprotein,P408D,11.544434
gag_polyprotein,P408E,12.57782
gag_polyprotein,P408F,11.497253
gag_polyprotein,P408G,11.523254
gag_polyprotein,P408H,10.320648
gag_polyprotein,P408I,11.528137
gag_polyprotein,P408K,11.533264
gag_polyprotein,P408L,11.148499
gag_polyprotein,P408M,11.644196
gag_polyprotein,P408N,12.503723
gag_polyprotein,P408Q,12.309631
gag_polyprotein,P408R,11.577576
gag_polyprotein,P408S,10.452362
gag_polyprotein,P408T,9.922089
gag_polyprotein,P408V,12.537445
gag_polyprotein,P408W,11.509033
gag_polyprotein,P408Y,12.47464
gag_polyprotein,R409A,11.147339
gag_polyprotein,R409C,11.590332
gag_polyprotein,R409D,12.370605
gag_polyprotein,R409E,10.555756
gag_polyprotein,R409F,12.348389
gag_polyprotein,R409G,9.594086
gag_polyprotein,R409H,11.542816
gag_polyprotein,R409I,12.405579
gag_polyprotein,R409K,7.414612
gag_polyprotein,R409L,9.954102
gag_polyprotein,R409M,11.459778
gag_polyprotein,R409N,11.592377
gag_polyprotein,R409P,12.410248
gag_polyprotein,R409Q,10.323334
gag_polyprotein,R409S,10.169952
gag_polyprotein,R409T,10.35965
gag_polyprotein,R409V,11.085754
gag_polyprotein,R409W,11.093018
gag_polyprotein,R409Y,12.378265
gag_polyprotein,K410A,11.063812
gag_polyprotein,K410C,11.808441
gag_polyprotein,K410D,11.755981
gag_polyprotein,K410E,9.018738
gag_polyprotein,K410F,11.027039
gag_polyprotein,K410G,10.950836
gag_polyprotein,K410H,11.718842
gag_polyprotein,K410I,11.811249
gag_polyprotein,K410L,11.902252
gag_polyprotein,K410M,11.776733
gag_polyprotein,K410N,9.917633
gag_polyprotein,K410P,11.72168
gag_polyprotein,K410Q,11.015686
gag_polyprotein,K410R,4.3391113
gag_polyprotein,K410S,10.19278
gag_polyprotein,K410T,10.481598
gag_polyprotein,K410V,11.00412
gag_polyprotein,K410W,11.809326
gag_polyprotein,K410Y,11.721313
gag_polyprotein,K411A,9.824585
gag_polyprotein,K411C,10.843536
gag_polyprotein,K411D,9.8758545
gag_polyprotein,K411E,8.775879
gag_polyprotein,K411F,9.764374
gag_polyprotein,K411G,8.28183
gag_polyprotein,K411H,10.767944
gag_polyprotein,K411I,10.204773
gag_polyprotein,K411L,10.792603
gag_polyprotein,K411M,10.817932
gag_polyprotein,K411N,8.746826
gag_polyprotein,K411P,9.302948
gag_polyprotein,K411Q,8.542236
gag_polyprotein,K411R,1.7446594
gag_polyprotein,K411S,10.352234
gag_polyprotein,K411T,9.329834
gag_polyprotein,K411V,10.822845
gag_polyprotein,K411W,10.777069
gag_polyprotein,K411Y,9.997314
gag_polyprotein,G412A,10.590576
gag_polyprotein,G412C,13.022491
gag_polyprotein,G412D,10.3871765
gag_polyprotein,G412E,11.871857
gag_polyprotein,G412F,13.058899
gag_polyprotein,G412H,13.109528
gag_polyprotein,G412I,13.131653
gag_polyprotein,G412K,13.084869
gag_polyprotein,G412L,11.471741
gag_polyprotein,G412M,10.985718
gag_polyprotein,G412N,11.448944
gag_polyprotein,G412P,13.108704
gag_polyprotein,G412Q,13.067413
gag_polyprotein,G412R,12.7413025
gag_polyprotein,G412S,10.82193
gag_polyprotein,G412T,11.6154785
gag_polyprotein,G412V,13.115601
gag_polyprotein,G412W,11.276703
gag_polyprotein,G412Y,13.1788025
gag_polyprotein,C413A,11.748779
gag_polyprotein,C413D,12.671204
gag_polyprotein,C413E,12.721649
gag_polyprotein,C413F,12.724518
gag_polyprotein,C413G,11.125153
gag_polyprotein,C413H,12.677216
gag_polyprotein,C413I,10.740845
gag_polyprotein,C413K,12.740082
gag_polyprotein,C413L,9.616882
gag_polyprotein,C413M,12.812073
gag_polyprotein,C413N,12.700653
gag_polyprotein,C413P,11.663147
gag_polyprotein,C413Q,12.740173
gag_polyprotein,C413R,10.471527
gag_polyprotein,C413S,10.825867
gag_polyprotein,C413T,9.901093
gag_polyprotein,C413V,11.176086
gag_polyprotein,C413W,12.7430725
gag_polyprotein,C413Y,11.316803
gag_polyprotein,W414A,12.631531
gag_polyprotein,W414C,9.654297
gag_polyprotein,W414D,11.792847
gag_polyprotein,W414E,10.98645
gag_polyprotein,W414F,10.380676
gag_polyprotein,W414G,10.666718
gag_polyprotein,W414H,12.576019
gag_polyprotein,W414I,12.6163025
gag_polyprotein,W414K,12.498444
gag_polyprotein,W414L,9.824402
gag_polyprotein,W414M,12.6093445
gag_polyprotein,W414N,12.610077
gag_polyprotein,W414P,12.684204
gag_polyprotein,W414Q,12.554932
gag_polyprotein,W414R,9.650818
gag_polyprotein,W414S,10.052734
gag_polyprotein,W414T,11.044617
gag_polyprotein,W414V,11.650787
gag_polyprotein,W414Y,10.503357
gag_polyprotein,K415A,11.131348
gag_polyprotein,K415C,11.900757
gag_polyprotein,K415D,11.867035
gag_polyprotein,K415E,9.004059
gag_polyprotein,K415F,11.862274
gag_polyprotein,K415G,11.870087
gag_polyprotein,K415H,11.901428
gag_polyprotein,K415I,9.955933
gag_polyprotein,K415L,10.499634
gag_polyprotein,K415M,11.859131
gag_polyprotein,K415N,9.077301
gag_polyprotein,K415P,10.470612
gag_polyprotein,K415Q,9.557526
gag_polyprotein,K415R,5.8636475
gag_polyprotein,K415S,11.019836
gag_polyprotein,K415T,10.127533
gag_polyprotein,K415V,11.854279
gag_polyprotein,K415W,11.879822
gag_polyprotein,K415Y,11.845001
gag_polyprotein,C416A,10.935028
gag_polyprotein,C416D,12.642548
gag_polyprotein,C416E,10.792084
gag_polyprotein,C416F,11.301849
gag_polyprotein,C416G,10.488068
gag_polyprotein,C416H,12.701019
gag_polyprotein,C416I,11.722839
gag_polyprotein,C416K,12.722839
gag_polyprotein,C416L,11.7968445
gag_polyprotein,C416M,12.682251
gag_polyprotein,C416N,11.626434
gag_polyprotein,C416P,12.632141
gag_polyprotein,C416Q,11.831055
gag_polyprotein,C416R,10.598053
gag_polyprotein,C416S,10.770294
gag_polyprotein,C416T,12.592651
gag_polyprotein,C416V,9.492218
gag_polyprotein,C416W,10.477325
gag_polyprotein,C416Y,9.579437
gag_polyprotein,G417A,9.816467
gag_polyprotein,G417C,12.261383
gag_polyprotein,G417D,12.153046
gag_polyprotein,G417E,7.625305
gag_polyprotein,G417F,11.25
gag_polyprotein,G417H,11.462982
gag_polyprotein,G417I,11.222626
gag_polyprotein,G417K,10.310211
gag_polyprotein,G417L,11.361725
gag_polyprotein,G417M,12.430603
gag_polyprotein,G417N,11.370911
gag_polyprotein,G417P,10.543121
gag_polyprotein,G417Q,11.434631
gag_polyprotein,G417R,8.003204
gag_polyprotein,G417S,11.049774
gag_polyprotein,G417T,11.474731
gag_polyprotein,G417V,11.092499
gag_polyprotein,G417W,12.205627
gag_polyprotein,G417Y,10.9086
gag_polyprotein,K418A,9.879791
gag_polyprotein,K418C,10.4027405
gag_polyprotein,K418D,10.381714
gag_polyprotein,K418E,5.8401184
gag_polyprotein,K418F,9.829956
gag_polyprotein,K418G,7.1804504
gag_polyprotein,K418H,10.353699
gag_polyprotein,K418I,10.371155
gag_polyprotein,K418L,8.8905945
gag_polyprotein,K418M,10.396942
gag_polyprotein,K418N,7.0035095
gag_polyprotein,K418P,9.564514
gag_polyprotein,K418Q,3.1984863
gag_polyprotein,K418R,2.321869
gag_polyprotein,K418S,6.9134216
gag_polyprotein,K418T,8.828552
gag_polyprotein,K418V,9.171967
gag_polyprotein,K418W,10.391602
gag_polyprotein,K418Y,10.324982
gag_polyprotein,E419A,10.768463
gag_polyprotein,E419C,12.280487
gag_polyprotein,E419D,6.2388916
gag_polyprotein,E419F,12.11554
gag_polyprotein,E419G,8.91449
gag_polyprotein,E419H,11.381866
gag_polyprotein,E419I,12.103577
gag_polyprotein,E419K,8.504028
gag_polyprotein,E419L,11.419128
gag_polyprotein,E419M,12.124329
gag_polyprotein,E419N,12.075073
gag_polyprotein,E419P,11.366028
gag_polyprotein,E419Q,10.977936
gag_polyprotein,E419R,12.186676
gag_polyprotein,E419S,9.867676
gag_polyprotein,E419T,10.981018
gag_polyprotein,E419V,11.876038
gag_polyprotein,E419W,12.204834
gag_polyprotein,E419Y,12.11676
gag_polyprotein,G420A,10.205139
gag_polyprotein,G420C,12.551178
gag_polyprotein,G420D,10.687103
gag_polyprotein,G420E,8.578705
gag_polyprotein,G420F,12.57666
gag_polyprotein,G420H,12.489471
gag_polyprotein,G420I,12.514099
gag_polyprotein,G420K,12.634216
gag_polyprotein,G420L,11.660461
gag_polyprotein,G420M,11.571686
gag_polyprotein,G420N,11.626892
gag_polyprotein,G420P,11.073853
gag_polyprotein,G420Q,11.674561
gag_polyprotein,G420R,9.223206
gag_polyprotein,G420S,10.646454
gag_polyprotein,G420T,11.448059
gag_polyprotein,G420V,11.509827
gag_polyprotein,G420W,12.642883
gag_polyprotein,G420Y,11.563873
gag_polyprotein,H421A,11.701508
gag_polyprotein,H421C,11.909637
gag_polyprotein,H421D,10.405975
gag_polyprotein,H421E,10.545502
gag_polyprotein,H421F,12.905731
gag_polyprotein,H421G,12.09903
gag_polyprotein,H421I,12.957947
gag_polyprotein,H421K,12.029877
gag_polyprotein,H421L,9.847412
gag_polyprotein,H421M,12.974701
gag_polyprotein,H421N,11.416901
gag_polyprotein,H421P,10.665161
gag_polyprotein,H421Q,10.50592
gag_polyprotein,H421R,10.084015
gag_polyprotein,H421S,11.879578
gag_polyprotein,H421T,12.044434
gag_polyprotein,H421V,11.55658
gag_polyprotein,H421W,12.893677
gag_polyprotein,H421Y,11.414673
gag_polyprotein,Q422A,10.624725
gag_polyprotein,Q422C,11.167694
gag_polyprotein,Q422D,10.85257
gag_polyprotein,Q422E,9.658691
gag_polyprotein,Q422F,10.710876
gag_polyprotein,Q422G,11.369385
gag_polyprotein,Q422H,8.256744
gag_polyprotein,Q422I,11.084381
gag_polyprotein,Q422K,10.487854
gag_polyprotein,Q422L,7.9362183
gag_polyprotein,Q422M,12.157166
gag_polyprotein,Q422N,11.338959
gag_polyprotein,Q422P,9.638489
gag_polyprotein,Q422R,8.679138
gag_polyprotein,Q422S,12.210449
gag_polyprotein,Q422T,12.2491455
gag_polyprotein,Q422V,10.726288
gag_polyprotein,Q422W,12.115326
gag_polyprotein,Q422Y,12.199005
gag_polyprotein,M423A,11.216095
gag_polyprotein,M423C,11.829132
gag_polyprotein,M423D,10.761902
gag_polyprotein,M423E,11.814148
gag_polyprotein,M423F,11.082001
gag_polyprotein,M423G,10.378479
gag_polyprotein,M423H,10.7569275
gag_polyprotein,M423I,5.6221313
gag_polyprotein,M423K,9.965759
gag_polyprotein,M423L,5.885498
gag_polyprotein,M423N,11.773804
gag_polyprotein,M423P,10.851929
gag_polyprotein,M423Q,11.075531
gag_polyprotein,M423R,10.274963
gag_polyprotein,M423S,11.100159
gag_polyprotein,M423T,9.015503
gag_polyprotein,M423V,9.008453
gag_polyprotein,M423W,11.196289
gag_polyprotein,M423Y,10.469055
gag_polyprotein,K424A,11.391968
gag_polyprotein,K424C,12.4652405
gag_polyprotein,K424D,12.346436
gag_polyprotein,K424E,9.2699585
gag_polyprotein,K424F,12.427551
gag_polyprotein,K424G,10.870728
gag_polyprotein,K424H,11.658051
gag_polyprotein,K424I,11.001526
gag_polyprotein,K424L,10.555267
gag_polyprotein,K424M,11.550781
gag_polyprotein,K424N,10.648254
gag_polyprotein,K424P,10.783661
gag_polyprotein,K424Q,10.220459
gag_polyprotein,K424R,6.7578125
gag_polyprotein,K424S,10.722412
gag_polyprotein,K424T,10.642181
gag_polyprotein,K424V,11.5000305
gag_polyprotein,K424W,12.418396
gag_polyprotein,K424Y,12.382538
gag_polyprotein,D425A,9.977722
gag_polyprotein,D425C,11.390076
gag_polyprotein,D425E,3.3606567
gag_polyprotein,D425F,11.325989
gag_polyprotein,D425G,9.155518
gag_polyprotein,D425H,10.323395
gag_polyprotein,D425I,9.845978
gag_polyprotein,D425K,9.716827
gag_polyprotein,D425L,9.886047
gag_polyprotein,D425M,11.36499
gag_polyprotein,D425N,7.143738
gag_polyprotein,D425P,9.88913
gag_polyprotein,D425Q,11.472778
gag_polyprotein,D425R,11.382446
gag_polyprotein,D425S,10.303406
gag_polyprotein,D425T,11.34668
gag_polyprotein,D425V,9.263397
gag_polyprotein,D425W,11.283691
gag_polyprotein,D425Y,11.289886
gag_polyprotein,C426A,10.2872925
gag_polyprotein,C426D,11.989441
gag_polyprotein,C426E,11.900177
gag_polyprotein,C426F,11.921539
gag_polyprotein,C426G,10.5937805
gag_polyprotein,C426H,11.072205
gag_polyprotein,C426I,10.659241
gag_polyprotein,C426K,12.875305
gag_polyprotein,C426L,11.152435
gag_polyprotein,C426M,12.812256
gag_polyprotein,C426N,11.997955
gag_polyprotein,C426P,12.006256
gag_polyprotein,C426Q,12.810394
gag_polyprotein,C426R,10.136871
gag_polyprotein,C426S,11.306976
gag_polyprotein,C426T,11.012054
gag_polyprotein,C426V,10.8914795
gag_polyprotein,C426W,11.672394
gag_polyprotein,C426Y,10.13028
gag_polyprotein,T427A,5.716095
gag_polyprotein,T427C,9.993378
gag_polyprotein,T427D,5.6848755
gag_polyprotein,T427E,7.881836
gag_polyprotein,T427F,9.575439
gag_polyprotein,T427G,10.01593
gag_polyprotein,T427H,10.096893
gag_polyprotein,T427I,4.652405
gag_polyprotein,T427K,10.010742
gag_polyprotein,T427L,8.972351
gag_polyprotein,T427M,8.107239
gag_polyprotein,T427N,3.8954773
gag_polyprotein,T427P,5.6066895
gag_polyprotein,T427Q,10.50116
gag_polyprotein,T427R,9.958496
gag_polyprotein,T427S,4.4143677
gag_polyprotein,T427V,7.736145
gag_polyprotein,T427W,9.646057
gag_polyprotein,T427Y,9.811829
gag_polyprotein,E428A,8.754822
gag_polyprotein,E428C,11.523895
gag_polyprotein,E428D,7.493408
gag_polyprotein,E428F,11.551056
gag_polyprotein,E428G,4.9363403
gag_polyprotein,E428H,10.519501
gag_polyprotein,E428I,11.607574
gag_polyprotein,E428K,7.4578247
gag_polyprotein,E428L,10.326843
gag_polyprotein,E428M,10.616791
gag_polyprotein,E428N,9.651001
gag_polyprotein,E428P,11.515747
gag_polyprotein,E428Q,8.543335
gag_polyprotein,E428R,9.50528
gag_polyprotein,E428S,9.892181
gag_polyprotein,E428T,9.369171
gag_polyprotein,E428V,9.43573
gag_polyprotein,E428W,10.772491
gag_polyprotein,E428Y,10.297577
gag_polyprotein,R429A,9.468262
gag_polyprotein,R429C,11.841827
gag_polyprotein,R429D,10.505157
gag_polyprotein,R429E,10.459808
gag_polyprotein,R429F,11.814392
gag_polyprotein,R429G,6.205261
gag_polyprotein,R429H,11.832367
gag_polyprotein,R429I,11.049591
gag_polyprotein,R429K,5.6286316
gag_polyprotein,R429L,10.090576
gag_polyprotein,R429M,10.051056
gag_polyprotein,R429N,10.544312
gag_polyprotein,R429P,11.014862
gag_polyprotein,R429Q,10.29071
gag_polyprotein,R429S,9.990906
gag_polyprotein,R429T,10.288544
gag_polyprotein,R429V,10.997223
gag_polyprotein,R429W,11.055206
gag_polyprotein,R429Y,10.665253
gag_polyprotein,Q430A,10.664337
gag_polyprotein,Q430C,12.898102
gag_polyprotein,Q430D,11.609283
gag_polyprotein,Q430E,9.078125
gag_polyprotein,Q430F,12.815704
gag_polyprotein,Q430G,12.87561
gag_polyprotein,Q430H,11.154205
gag_polyprotein,Q430I,11.454712
gag_polyprotein,Q430K,11.187653
gag_polyprotein,Q430L,10.841888
gag_polyprotein,Q430M,11.893646
gag_polyprotein,Q430N,11.444733
gag_polyprotein,Q430P,11.380554
gag_polyprotein,Q430R,9.186005
gag_polyprotein,Q430S,11.949921
gag_polyprotein,Q430T,10.131226
gag_polyprotein,Q430V,10.895081
gag_polyprotein,Q430W,12.052032
gag_polyprotein,Q430Y,12.829437
gag_polyprotein,A431C,11.294617
gag_polyprotein,A431D,9.66449
gag_polyprotein,A431E,11.286835
gag_polyprotein,A431F,11.953674
gag_polyprotein,A431G,9.344727
gag_polyprotein,A431H,10.407806
gag_polyprotein,A431I,7.9983215
gag_polyprotein,A431K,11.3906555
gag_polyprotein,A431L,10.169281
gag_polyprotein,A431M,10.834473
gag_polyprotein,A431N,10.048309
gag_polyprotein,A431P,9.9045105
gag_polyprotein,A431Q,9.689636
gag_polyprotein,A431R,10.873993
gag_polyprotein,A431S,10.511902
gag_polyprotein,A431T,9.516052
gag_polyprotein,A431V,5.7532043
gag_polyprotein,A431W,11.941101
gag_polyprotein,A431Y,10.421509
gag_polyprotein,N432A,12.726868
gag_polyprotein,N432C,12.768799
gag_polyprotein,N432D,9.272644
gag_polyprotein,N432E,10.2873535
gag_polyprotein,N432F,12.658539
gag_polyprotein,N432G,9.93338
gag_polyprotein,N432H,11.177002
gag_polyprotein,N432I,10.54483
gag_polyprotein,N432K,10.09964
gag_polyprotein,N432L,11.573944
gag_polyprotein,N432M,12.679199
gag_polyprotein,N432P,11.818756
gag_polyprotein,N432Q,10.934143
gag_polyprotein,N432R,12.611206
gag_polyprotein,N432S,12.113464
gag_polyprotein,N432T,11.159729
gag_polyprotein,N432V,12.691528
gag_polyprotein,N432W,12.8038025
gag_polyprotein,N432Y,10.8263855
gag_polyprotein,F433A,12.059937
gag_polyprotein,F433C,12.370758
gag_polyprotein,F433D,11.978607
gag_polyprotein,F433E,12.13205
gag_polyprotein,F433G,11.670105
gag_polyprotein,F433H,12.0278015
gag_polyprotein,F433I,9.62677
gag_polyprotein,F433K,11.004486
gag_polyprotein,F433L,9.547699
gag_polyprotein,F433M,12.865753
gag_polyprotein,F433N,11.247253
gag_polyprotein,F433P,12.836578
gag_polyprotein,F433Q,11.876221
gag_polyprotein,F433R,12.901581
gag_polyprotein,F433S,11.334442
gag_polyprotein,F433T,12.88623
gag_polyprotein,F433V,10.151154
gag_polyprotein,F433W,12.973785
gag_polyprotein,F433Y,11.3862915
gag_polyprotein,L434A,12.776001
gag_polyprotein,L434C,12.746002
gag_polyprotein,L434D,12.758942
gag_polyprotein,L434E,11.429535
gag_polyprotein,L434F,9.477081
gag_polyprotein,L434G,12.730896
gag_polyprotein,L434H,11.4835205
gag_polyprotein,L434I,10.484528
gag_polyprotein,L434K,12.718597
gag_polyprotein,L434M,10.632355
gag_polyprotein,L434N,12.7482605
gag_polyprotein,L434P,11.00058
gag_polyprotein,L434Q,12.684143
gag_polyprotein,L434R,11.048553
gag_polyprotein,L434S,9.5624695
gag_polyprotein,L434T,10.634766
gag_polyprotein,L434V,10.679352
gag_polyprotein,L434W,11.733307
gag_polyprotein,L434Y,12.804657
gag_polyprotein,G435A,10.505768
gag_polyprotein,G435C,11.5373535
gag_polyprotein,G435D,9.828186
gag_polyprotein,G435E,8.612305
gag_polyprotein,G435F,11.16629
gag_polyprotein,G435H,12.416779
gag_polyprotein,G435I,12.421967
gag_polyprotein,G435K,10.946503
gag_polyprotein,G435L,10.919403
gag_polyprotein,G435M,12.4028015
gag_polyprotein,G435N,12.442688
gag_polyprotein,G435P,11.522156
gag_polyprotein,G435Q,10.669464
gag_polyprotein,G435R,7.4371643
gag_polyprotein,G435S,11.07608
gag_polyprotein,G435T,11.476044
gag_polyprotein,G435V,12.326965
gag_polyprotein,G435W,11.041595
gag_polyprotein,G435Y,12.485748
gag_polyprotein,K436A,11.043304
gag_polyprotein,K436C,11.998047
gag_polyprotein,K436D,10.565491
gag_polyprotein,K436E,9.191742
gag_polyprotein,K436F,11.396515
gag_polyprotein,K436G,9.021545
gag_polyprotein,K436H,11.313721
gag_polyprotein,K436I,11.156433
gag_polyprotein,K436L,9.569031
gag_polyprotein,K436M,11.924652
gag_polyprotein,K436N,9.126221
gag_polyprotein,K436P,10.652191
gag_polyprotein,K436Q,11.259552
gag_polyprotein,K436R,4.4671936
gag_polyprotein,K436S,10.439331
gag_polyprotein,K436T,10.861816
gag_polyprotein,K436V,11.937134
gag_polyprotein,K436W,11.2725525
gag_polyprotein,K436Y,11.959747
gag_polyprotein,I437A,8.772797
gag_polyprotein,I437C,11.448364
gag_polyprotein,I437D,9.995056
gag_polyprotein,I437E,11.411499
gag_polyprotein,I437F,6.8618164
gag_polyprotein,I437G,9.287598
gag_polyprotein,I437H,11.47403
gag_polyprotein,I437K,10.076263
gag_polyprotein,I437L,5.0646973
gag_polyprotein,I437M,8.411713
gag_polyprotein,I437N,9.425873
gag_polyprotein,I437P,11.515137
gag_polyprotein,I437Q,11.376801
gag_polyprotein,I437R,10.465912
gag_polyprotein,I437S,8.613434
gag_polyprotein,I437T,7.311798
gag_polyprotein,I437V,4.8536987
gag_polyprotein,I437W,9.629883
gag_polyprotein,I437Y,10.22113
gag_polyprotein,W438A,11.367249
gag_polyprotein,W438C,9.682465
gag_polyprotein,W438D,12.463287
gag_polyprotein,W438E,11.7144165
gag_polyprotein,W438F,10.004578
gag_polyprotein,W438G,9.538116
gag_polyprotein,W438H,11.73172
gag_polyprotein,W438I,10.887604
gag_polyprotein,W438K,11.5784
gag_polyprotein,W438L,7.7805786
gag_polyprotein,W438M,12.492615
gag_polyprotein,W438N,12.587677
gag_polyprotein,W438P,12.547882
gag_polyprotein,W438Q,12.55545
gag_polyprotein,W438R,8.884979
gag_polyprotein,W438S,11.842102
gag_polyprotein,W438T,11.0425415
gag_polyprotein,W438V,10.363464
gag_polyprotein,W438Y,10.845306
gag_polyprotein,P439A,9.692749
gag_polyprotein,P439C,11.892151
gag_polyprotein,P439D,10.802002
gag_polyprotein,P439E,11.165405
gag_polyprotein,P439F,10.903931
gag_polyprotein,P439G,12.069702
gag_polyprotein,P439H,10.427155
gag_polyprotein,P439I,11.900482
gag_polyprotein,P439K,11.223663
gag_polyprotein,P439L,10.25946
gag_polyprotein,P439M,11.911255
gag_polyprotein,P439N,11.95285
gag_polyprotein,P439Q,10.597626
gag_polyprotein,P439R,10.511353
gag_polyprotein,P439S,4.705139
gag_polyprotein,P439T,10.336945
gag_polyprotein,P439V,10.2438965
gag_polyprotein,P439W,10.784332
gag_polyprotein,P439Y,10.088715
gag_polyprotein,S440A,7.104492
gag_polyprotein,S440C,11.174927
gag_polyprotein,S440D,10.726776
gag_polyprotein,S440E,10.16449
gag_polyprotein,S440F,7.4050293
gag_polyprotein,S440G,11.182404
gag_polyprotein,S440H,10.153229
gag_polyprotein,S440I,11.940399
gag_polyprotein,S440K,10.267792
gag_polyprotein,S440L,8.969238
gag_polyprotein,S440M,11.884338
gag_polyprotein,S440N,10.547638
gag_polyprotein,S440P,7.108246
gag_polyprotein,S440Q,9.561188
gag_polyprotein,S440R,11.181061
gag_polyprotein,S440T,9.256592
gag_polyprotein,S440V,8.722076
gag_polyprotein,S440W,11.945404
gag_polyprotein,S440Y,10.069366
gag_polyprotein,H441A,9.243835
gag_polyprotein,H441C,5.871338
gag_polyprotein,H441D,8.933899
gag_polyprotein,H441E,9.232025
gag_polyprotein,H441F,8.446533
gag_polyprotein,H441G,8.401001
gag_polyprotein,H441I,8.685486
gag_polyprotein,H441K,7.880951
gag_polyprotein,H441L,5.6334534
gag_polyprotein,H441M,9.625885
gag_polyprotein,H441N,4.195404
gag_polyprotein,H441P,6.763031
gag_polyprotein,H441Q,4.4302673
gag_polyprotein,H441R,5.2776794
gag_polyprotein,H441S,3.8426514
gag_polyprotein,H441T,7.9333496
gag_polyprotein,H441V,8.415985
gag_polyprotein,H441W,10.203308
gag_polyprotein,H441Y,2.5212402
gag_polyprotein,K442A,10.587494
gag_polyprotein,K442C,11.458069
gag_polyprotein,K442D,10.202515
gag_polyprotein,K442E,8.543976
gag_polyprotein,K442F,10.437439
gag_polyprotein,K442G,7.4899597
gag_polyprotein,K442H,11.486053
gag_polyprotein,K442I,10.088379
gag_polyprotein,K442L,10.281036
gag_polyprotein,K442M,10.825531
gag_polyprotein,K442N,7.091339
gag_polyprotein,K442P,9.933472
gag_polyprotein,K442Q,7.9868774
gag_polyprotein,K442R,4.7606506
gag_polyprotein,K442S,7.0548706
gag_polyprotein,K442T,9.020111
gag_polyprotein,K442V,10.388733
gag_polyprotein,K442W,11.522888
gag_polyprotein,K442Y,11.387054
gag_polyprotein,G443A,9.521606
gag_polyprotein,G443C,11.800903
gag_polyprotein,G443D,6.834503
gag_polyprotein,G443E,5.7890015
gag_polyprotein,G443F,11.62677
gag_polyprotein,G443H,11.040649
gag_polyprotein,G443I,10.885956
gag_polyprotein,G443K,9.467316
gag_polyprotein,G443L,9.57431
gag_polyprotein,G443M,11.743011
gag_polyprotein,G443N,10.187561
gag_polyprotein,G443P,10.958527
gag_polyprotein,G443Q,9.883026
gag_polyprotein,G443R,9.113556
gag_polyprotein,G443S,10.238159
gag_polyprotein,G443T,11.104645
gag_polyprotein,G443V,11.77066
gag_polyprotein,G443W,11.64151
gag_polyprotein,G443Y,10.911072
gag_polyprotein,R444A,11.511078
gag_polyprotein,R444C,12.963623
gag_polyprotein,R444D,11.243225
gag_polyprotein,R444E,10.220459
gag_polyprotein,R444F,11.0000305
gag_polyprotein,R444G,8.237854
gag_polyprotein,R444H,11.639404
gag_polyprotein,R444I,10.885376
gag_polyprotein,R444K,10.388855
gag_polyprotein,R444L,12.989319
gag_polyprotein,R444M,12.933899
gag_polyprotein,R444N,11.370697
gag_polyprotein,R444P,11.967194
gag_polyprotein,R444Q,12.168884
gag_polyprotein,R444S,12.141907
gag_polyprotein,R444T,12.161285
gag_polyprotein,R444V,11.656128
gag_polyprotein,R444W,11.684753
gag_polyprotein,R444Y,10.447876
gag_polyprotein,P445A,10.432892
gag_polyprotein,P445C,12.187958
gag_polyprotein,P445D,11.164215
gag_polyprotein,P445E,10.511932
gag_polyprotein,P445F,10.768585
gag_polyprotein,P445G,11.027771
gag_polyprotein,P445H,13.155029
gag_polyprotein,P445I,10.695129
gag_polyprotein,P445K,12.22644
gag_polyprotein,P445L,11.061249
gag_polyprotein,P445M,13.090698
gag_polyprotein,P445N,13.154144
gag_polyprotein,P445Q,11.797577
gag_polyprotein,P445R,12.157379
gag_polyprotein,P445S,10.221893
gag_polyprotein,P445T,12.138824
gag_polyprotein,P445V,13.173126
gag_polyprotein,P445W,11.725189
gag_polyprotein,P445Y,13.125122
gag_polyprotein,G446A,9.601929
gag_polyprotein,G446C,11.58194
gag_polyprotein,G446D,10.14563
gag_polyprotein,G446E,8.013733
gag_polyprotein,G446F,10.636078
gag_polyprotein,G446H,11.750153
gag_polyprotein,G446I,11.591919
gag_polyprotein,G446K,10.395172
gag_polyprotein,G446L,9.998138
gag_polyprotein,G446M,11.232422
gag_polyprotein,G446N,11.590607
gag_polyprotein,G446P,9.840424
gag_polyprotein,G446Q,11.4019165
gag_polyprotein,G446R,8.282562
gag_polyprotein,G446S,11.15802
gag_polyprotein,G446T,12.465637
gag_polyprotein,G446V,10.925751
gag_polyprotein,G446W,10.0694275
gag_polyprotein,G446Y,12.480286
gag_polyprotein,N447A,11.732208
gag_polyprotein,N447C,12.401367
gag_polyprotein,N447D,10.085327
gag_polyprotein,N447E,10.671753
gag_polyprotein,N447F,13.222015
gag_polyprotein,N447G,11.096832
gag_polyprotein,N447H,12.19693
gag_polyprotein,N447I,10.494049
gag_polyprotein,N447K,9.942352
gag_polyprotein,N447L,11.453033
gag_polyprotein,N447M,13.0321045
gag_polyprotein,N447P,11.200439
gag_polyprotein,N447Q,13.106842
gag_polyprotein,N447R,12.406097
gag_polyprotein,N447S,10.040283
gag_polyprotein,N447T,11.027557
gag_polyprotein,N447V,12.418304
gag_polyprotein,N447W,13.126709
gag_polyprotein,N447Y,11.49408
gag_polyprotein,F448A,10.970886
gag_polyprotein,F448C,11.02478
gag_polyprotein,F448D,12.631805
gag_polyprotein,F448E,12.780029
gag_polyprotein,F448G,11.841034
gag_polyprotein,F448H,12.615845
gag_polyprotein,F448I,11.1067505
gag_polyprotein,F448K,12.598755
gag_polyprotein,F448L,8.459412
gag_polyprotein,F448M,12.631989
gag_polyprotein,F448N,11.743439
gag_polyprotein,F448P,11.344818
gag_polyprotein,F448Q,12.723267
gag_polyprotein,F448R,11.91745
gag_polyprotein,F448S,8.924988
gag_polyprotein,F448T,11.0130005
gag_polyprotein,F448V,11.434387
gag_polyprotein,F448W,10.071259
gag_polyprotein,F448Y,10.595154
gag_polyprotein,L449A,9.751221
gag_polyprotein,L449C,7.0537415
gag_polyprotein,L449D,11.08429
gag_polyprotein,L449E,9.401062
gag_polyprotein,L449F,6.720398
gag_polyprotein,L449G,10.446075
gag_polyprotein,L449H,7.9552307
gag_polyprotein,L449I,6.7626038
gag_polyprotein,L449K,9.7969055
gag_polyprotein,L449M,9.926178
gag_polyprotein,L449N,10.549408
gag_polyprotein,L449P,3.943451
gag_polyprotein,L449Q,9.055328
gag_polyprotein,L449R,9.958527
gag_polyprotein,L449S,8.929718
gag_polyprotein,L449T,10.247314
gag_polyprotein,L449V,6.4205627
gag_polyprotein,L449W,9.636841
gag_polyprotein,L449Y,8.17691
gag_polyprotein,Q450A,12.281982
gag_polyprotein,Q450C,11.803253
gag_polyprotein,Q450D,12.312622
gag_polyprotein,Q450E,10.669861
gag_polyprotein,Q450F,13.122009
gag_polyprotein,Q450G,13.319855
gag_polyprotein,Q450H,12.332672
gag_polyprotein,Q450I,13.2083435
gag_polyprotein,Q450K,11.221283
gag_polyprotein,Q450L,9.9965515
gag_polyprotein,Q450M,12.281921
gag_polyprotein,Q450N,10.905701
gag_polyprotein,Q450P,10.3663025
gag_polyprotein,Q450R,10.117706
gag_polyprotein,Q450S,10.598785
gag_polyprotein,Q450T,11.403076
gag_polyprotein,Q450V,10.656189
gag_polyprotein,Q450W,12.440887
gag_polyprotein,Q450Y,12.602997
gag_polyprotein,S451A,9.305939
gag_polyprotein,S451C,8.782684
gag_polyprotein,S451D,9.204102
gag_polyprotein,S451E,9.153595
gag_polyprotein,S451F,10.374664
gag_polyprotein,S451G,5.287323
gag_polyprotein,S451H,9.339203
gag_polyprotein,S451I,9.839783
gag_polyprotein,S451K,8.639435
gag_polyprotein,S451L,10.360443
gag_polyprotein,S451M,10.41333
gag_polyprotein,S451N,2.1962585
gag_polyprotein,S451P,10.978851
gag_polyprotein,S451Q,10.395264
gag_polyprotein,S451R,6.6484375
gag_polyprotein,S451T,6.712555
gag_polyprotein,S451V,9.6223755
gag_polyprotein,S451W,10.968506
gag_polyprotein,S451Y,9.032654
gag_polyprotein,R452A,9.994843
gag_polyprotein,R452C,12.356598
gag_polyprotein,R452D,12.285797
gag_polyprotein,R452E,10.502686
gag_polyprotein,R452F,12.347595
gag_polyprotein,R452G,8.791504
gag_polyprotein,R452H,10.7621155
gag_polyprotein,R452I,12.290588
gag_polyprotein,R452K,7.107361
gag_polyprotein,R452L,10.973907
gag_polyprotein,R452M,11.569244
gag_polyprotein,R452N,11.681274
gag_polyprotein,R452P,10.852203
gag_polyprotein,R452Q,9.707031
gag_polyprotein,R452S,8.135254
gag_polyprotein,R452T,9.432343
gag_polyprotein,R452V,12.233795
gag_polyprotein,R452W,11.659424
gag_polyprotein,R452Y,12.290161
gag_polyprotein,P453A,7.51947
gag_polyprotein,P453C,10.184113
gag_polyprotein,P453D,9.933716
gag_polyprotein,P453E,9.513702
gag_polyprotein,P453F,10.905579
gag_polyprotein,P453G,9.941956
gag_polyprotein,P453H,10.895752
gag_polyprotein,P453I,8.922607
gag_polyprotein,P453K,9.453949
gag_polyprotein,P453L,4.2816772
gag_polyprotein,P453M,8.875153
gag_polyprotein,P453N,9.694031
gag_polyprotein,P453Q,7.13739
gag_polyprotein,P453R,10.238342
gag_polyprotein,P453S,6.6904907
gag_polyprotein,P453T,3.9650269
gag_polyprotein,P453V,7.1772156
gag_polyprotein,P453W,10.320923
gag_polyprotein,P453Y,10.85202
gag_polyprotein,E454A,8.8316345
gag_polyprotein,E454C,12.1397705
gag_polyprotein,E454D,10.442841
gag_polyprotein,E454F,12.136658
gag_polyprotein,E454G,7.796692
gag_polyprotein,E454H,10.48938
gag_polyprotein,E454I,11.503876
gag_polyprotein,E454K,8.174652
gag_polyprotein,E454L,11.3403015
gag_polyprotein,E454M,10.915741
gag_polyprotein,E454N,12.053528
gag_polyprotein,E454P,12.164581
gag_polyprotein,E454Q,9.252289
gag_polyprotein,E454R,9.739563
gag_polyprotein,E454S,9.261353
gag_polyprotein,E454T,8.258728
gag_polyprotein,E454V,8.685547
gag_polyprotein,E454W,11.244232
gag_polyprotein,E454Y,11.369202
gag_polyprotein,P455A,9.435486
gag_polyprotein,P455C,12.566132
gag_polyprotein,P455D,11.045105
gag_polyprotein,P455E,10.377319
gag_polyprotein,P455F,12.618805
gag_polyprotein,P455G,10.694824
gag_polyprotein,P455H,11.40271
gag_polyprotein,P455I,10.8593445
gag_polyprotein,P455K,11.678009
gag_polyprotein,P455L,10.502747
gag_polyprotein,P455M,12.747986
gag_polyprotein,P455N,11.932556
gag_polyprotein,P455Q,9.279236
gag_polyprotein,P455R,10.193817
gag_polyprotein,P455S,9.4687195
gag_polyprotein,P455T,10.859497
gag_polyprotein,P455V,11.924988
gag_polyprotein,P455W,12.697571
gag_polyprotein,P455Y,12.729675
gag_polyprotein,T456A,7.7812195
gag_polyprotein,T456C,11.096741
gag_polyprotein,T456D,10.46347
gag_polyprotein,T456E,9.824951
gag_polyprotein,T456F,9.921326
gag_polyprotein,T456G,9.278656
gag_polyprotein,T456H,11.0425415
gag_polyprotein,T456I,8.977173
gag_polyprotein,T456K,10.966705
gag_polyprotein,T456L,8.979126
gag_polyprotein,T456M,10.036377
gag_polyprotein,T456N,9.207153
gag_polyprotein,T456P,7.057129
gag_polyprotein,T456Q,9.140869
gag_polyprotein,T456R,10.410187
gag_polyprotein,T456S,2.2045898
gag_polyprotein,T456V,9.054993
gag_polyprotein,T456W,10.921051
gag_polyprotein,T456Y,9.798157
gag_polyprotein,A457C,11.898682
gag_polyprotein,A457D,12.685455
gag_polyprotein,A457E,10.282715
gag_polyprotein,A457F,10.902893
gag_polyprotein,A457G,10.894226
gag_polyprotein,A457H,10.97876
gag_polyprotein,A457I,10.714142
gag_polyprotein,A457K,11.683502
gag_polyprotein,A457L,10.651062
gag_polyprotein,A457M,12.769196
gag_polyprotein,A457N,10.730988
gag_polyprotein,A457P,11.553833
gag_polyprotein,A457Q,10.767609
gag_polyprotein,A457R,9.95224
gag_polyprotein,A457S,9.418945
gag_polyprotein,A457T,9.531494
gag_polyprotein,A457V,9.149567
gag_polyprotein,A457W,12.748596
gag_polyprotein,A457Y,11.897888
gag_polyprotein,P458A,10.458069
gag_polyprotein,P458C,12.687012
gag_polyprotein,P458D,12.649567
gag_polyprotein,P458E,10.190247
gag_polyprotein,P458F,11.193787
gag_polyprotein,P458G,11.487946
gag_polyprotein,P458H,11.135498
gag_polyprotein,P458I,11.399384
gag_polyprotein,P458K,12.659851
gag_polyprotein,P458L,10.001892
gag_polyprotein,P458M,12.697601
gag_polyprotein,P458N,10.876648
gag_polyprotein,P458Q,11.215393
gag_polyprotein,P458R,9.663605
gag_polyprotein,P458S,9.405701
gag_polyprotein,P458T,10.6501465
gag_polyprotein,P458V,10.841736
gag_polyprotein,P458W,12.58371
gag_polyprotein,P458Y,12.560852
gag_polyprotein,P459A,10.5563965
gag_polyprotein,P459C,12.236908
gag_polyprotein,P459D,10.8967285
gag_polyprotein,P459E,10.941437
gag_polyprotein,P459F,10.963074
gag_polyprotein,P459G,10.749756
gag_polyprotein,P459H,13.004913
gag_polyprotein,P459I,13.03009
gag_polyprotein,P459K,11.78717
gag_polyprotein,P459L,9.833038
gag_polyprotein,P459M,11.291962
gag_polyprotein,P459N,13.051758
gag_polyprotein,P459Q,12.120361
gag_polyprotein,P459R,12.251648
gag_polyprotein,P459S,8.977234
gag_polyprotein,P459T,10.103607
gag_polyprotein,P459V,13.053589
gag_polyprotein,P459W,11.723389
gag_polyprotein,P459Y,10.717957
gag_polyprotein,E460A,2.2894897
gag_polyprotein,E460C,11.01828
gag_polyprotein,E460D,9.728668
gag_polyprotein,E460F,11.001648
gag_polyprotein,E460G,8.070404
gag_polyprotein,E460H,10.507935
gag_polyprotein,E460I,8.377136
gag_polyprotein,E460K,9.461914
gag_polyprotein,E460L,7.1087646
gag_polyprotein,E460M,6.94989
gag_polyprotein,E460N,10.547974
gag_polyprotein,E460P,8.113403
gag_polyprotein,E460Q,8.762299
gag_polyprotein,E460R,9.091827
gag_polyprotein,E460S,9.406921
gag_polyprotein,E460T,8.015778
gag_polyprotein,E460V,6.901703
gag_polyprotein,E460W,9.387665
gag_polyprotein,E460Y,10.314117
gag_polyprotein,E461A,10.293335
gag_polyprotein,E461C,11.452118
gag_polyprotein,E461D,8.955048
gag_polyprotein,E461F,11.179443
gag_polyprotein,E461G,8.301941
gag_polyprotein,E461H,11.637054
gag_polyprotein,E461I,11.825043
gag_polyprotein,E461K,8.59375
gag_polyprotein,E461L,9.924408
gag_polyprotein,E461M,12.509399
gag_polyprotein,E461N,11.083466
gag_polyprotein,E461P,8.851379
gag_polyprotein,E461Q,9.314148
gag_polyprotein,E461R,10.052032
gag_polyprotein,E461S,11.2742
gag_polyprotein,E461T,11.713562
gag_polyprotein,E461V,10.31958
gag_polyprotein,E461W,12.4808655
gag_polyprotein,E461Y,11.030701
gag_polyprotein,S462A,9.613922
gag_polyprotein,S462C,8.554535
gag_polyprotein,S462D,8.527893
gag_polyprotein,S462E,9.476776
gag_polyprotein,S462F,10.612305
gag_polyprotein,S462G,8.328278
gag_polyprotein,S462H,10.699005
gag_polyprotein,S462I,5.4519653
gag_polyprotein,S462K,10.272278
gag_polyprotein,S462L,8.078552
gag_polyprotein,S462M,9.661194
gag_polyprotein,S462N,6.8358765
gag_polyprotein,S462P,10.385651
gag_polyprotein,S462Q,10.063629
gag_polyprotein,S462R,9.10788
gag_polyprotein,S462T,8.335419
gag_polyprotein,S462V,9.37973
gag_polyprotein,S462W,12.156097
gag_polyprotein,S462Y,10.34848
gag_polyprotein,F463A,10.163849
gag_polyprotein,F463C,6.991852
gag_polyprotein,F463D,10.591919
gag_polyprotein,F463E,11.658112
gag_polyprotein,F463G,8.917389
gag_polyprotein,F463H,10.824799
gag_polyprotein,F463I,7.190277
gag_polyprotein,F463K,11.570435
gag_polyprotein,F463L,4.7471924
gag_polyprotein,F463M,10.517456
gag_polyprotein,F463N,11.552307
gag_polyprotein,F463P,10.4021
gag_polyprotein,F463Q,9.461182
gag_polyprotein,F463R,10.071777
gag_polyprotein,F463S,8.541077
gag_polyprotein,F463T,10.323395
gag_polyprotein,F463V,6.8699036
gag_polyprotein,F463W,7.916382
gag_polyprotein,F463Y,8.348938
gag_polyprotein,R464A,8.502838
gag_polyprotein,R464C,11.081879
gag_polyprotein,R464D,10.295624
gag_polyprotein,R464E,8.235413
gag_polyprotein,R464F,9.665588
gag_polyprotein,R464G,4.126007
gag_polyprotein,R464H,9.760315
gag_polyprotein,R464I,10.929199
gag_polyprotein,R464K,4.7770386
gag_polyprotein,R464L,8.74939
gag_polyprotein,R464M,6.368744
gag_polyprotein,R464N,9.14563
gag_polyprotein,R464P,9.495148
gag_polyprotein,R464Q,8.689301
gag_polyprotein,R464S,4.7593384
gag_polyprotein,R464T,8.63208
gag_polyprotein,R464V,8.495911
gag_polyprotein,R464W,8.792847
gag_polyprotein,R464Y,10.447113
gag_polyprotein,F465A,9.280182
gag_polyprotein,F465C,7.3907166
gag_polyprotein,F465D,9.566101
gag_polyprotein,F465E,6.5322266
gag_polyprotein,F465G,9.703705
gag_polyprotein,F465H,11.324005
gag_polyprotein,F465I,8.1519165
gag_polyprotein,F465K,9.306915
gag_polyprotein,F465L,6.1248474
gag_polyprotein,F465M,7.22876
gag_polyprotein,F465N,9.192352
gag_polyprotein,F465P,8.3298645
gag_polyprotein,F465Q,10.821747
gag_polyprotein,F465R,7.8726807
gag_polyprotein,F465S,5.8587036
gag_polyprotein,F465T,9.027588
gag_polyprotein,F465V,7.186859
gag_polyprotein,F465W,8.237701
gag_polyprotein,F465Y,8.265686
gag_polyprotein,G466A,7.7908936
gag_polyprotein,G466C,9.674286
gag_polyprotein,G466D,9.891174
gag_polyprotein,G466E,6.5952454
gag_polyprotein,G466F,10.756317
gag_polyprotein,G466H,11.107666
gag_polyprotein,G466I,11.038147
gag_polyprotein,G466K,7.597351
gag_polyprotein,G466L,9.839691
gag_polyprotein,G466M,10.370392
gag_polyprotein,G466N,10.650482
gag_polyprotein,G466P,10.188293
gag_polyprotein,G466Q,8.802277
gag_polyprotein,G466R,6.50531
gag_polyprotein,G466S,9.957489
gag_polyprotein,G466T,9.8446045
gag_polyprotein,G466V,6.611328
gag_polyprotein,G466W,9.237854
gag_polyprotein,G466Y,11.167755
gag_polyprotein,E467A,8.4219055
gag_polyprotein,E467C,10.548401
gag_polyprotein,E467D,7.875702
gag_polyprotein,E467F,8.553436
gag_polyprotein,E467G,4.975281
gag_polyprotein,E467H,11.431427
gag_polyprotein,E467I,8.981506
gag_polyprotein,E467K,6.6238403
gag_polyprotein,E467L,9.651123
gag_polyprotein,E467M,9.187988
gag_polyprotein,E467N,9.7118225
gag_polyprotein,E467P,8.857452
gag_polyprotein,E467Q,8.752899
gag_polyprotein,E467R,8.469147
gag_polyprotein,E467S,9.648407
gag_polyprotein,E467T,8.005188
gag_polyprotein,E467V,6.9753113
gag_polyprotein,E467W,9.925079
gag_polyprotein,E467Y,11.412628
gag_polyprotein,E468A,6.4376526
gag_polyprotein,E468C,10.67807
gag_polyprotein,E468D,8.066742
gag_polyprotein,E468F,11.267303
gag_polyprotein,E468G,4.366455
gag_polyprotein,E468H,11.204773
gag_polyprotein,E468I,10.144989
gag_polyprotein,E468K,6.0093994
gag_polyprotein,E468L,8.963318
gag_polyprotein,E468M,11.203217
gag_polyprotein,E468N,9.215912
gag_polyprotein,E468P,9.208527
gag_polyprotein,E468Q,6.593048
gag_polyprotein,E468R,8.073975
gag_polyprotein,E468S,9.695221
gag_polyprotein,E468T,7.6175537
gag_polyprotein,E468V,9.077545
gag_polyprotein,E468W,10.226288
gag_polyprotein,E468Y,11.206726
gag_polyprotein,T469A,3.6828613
gag_polyprotein,T469C,9.720459
gag_polyprotein,T469D,8.917419
gag_polyprotein,T469E,4.4425964
gag_polyprotein,T469F,9.673706
gag_polyprotein,T469G,7.9154663
gag_polyprotein,T469H,10.664154
gag_polyprotein,T469I,4.8511353
gag_polyprotein,T469K,5.2791443
gag_polyprotein,T469L,7.7938843
gag_polyprotein,T469M,6.4869995
gag_polyprotein,T469N,8.581604
gag_polyprotein,T469P,5.5470276
gag_polyprotein,T469Q,7.5262756
gag_polyprotein,T469R,8.040436
gag_polyprotein,T469S,8.470245
gag_polyprotein,T469V,7.100403
gag_polyprotein,T469W,10.128082
gag_polyprotein,T469Y,10.132996
gag_polyprotein,T471A,2.4022217
gag_polyprotein,T471C,8.975128
gag_polyprotein,T471D,7.386444
gag_polyprotein,T471E,8.350281
gag_polyprotein,T471F,9.739624
gag_polyprotein,T471G,8.544281
gag_polyprotein,T471H,8.486084
gag_polyprotein,T471I,4.9510803
gag_polyprotein,T471K,8.133881
gag_polyprotein,T471L,7.746155
gag_polyprotein,T471M,8.63797
gag_polyprotein,T471N,5.3573303
gag_polyprotein,T471P,5.2655945
gag_polyprotein,T471Q,9.740753
gag_polyprotein,T471R,8.032776
gag_polyprotein,T471S,5.9155273
gag_polyprotein,T471V,6.145996
gag_polyprotein,T471W,9.654236
gag_polyprotein,T471Y,9.749329
gag_polyprotein,P472A,7.6282654
gag_polyprotein,P472C,9.709747
gag_polyprotein,P472D,9.67688
gag_polyprotein,P472E,8.857758
gag_polyprotein,P472F,8.895264
gag_polyprotein,P472G,7.706238
gag_polyprotein,P472H,7.177124
gag_polyprotein,P472I,9.635468
gag_polyprotein,P472K,9.912903
gag_polyprotein,P472L,5.8017883
gag_polyprotein,P472M,10.638458
gag_polyprotein,P472N,9.444183
gag_polyprotein,P472Q,8.588562
gag_polyprotein,P472R,8.470947
gag_polyprotein,P472S,5.1247253
gag_polyprotein,P472T,6.643097
gag_polyprotein,P472V,8.579681
gag_polyprotein,P472W,11.44278
gag_polyprotein,P472Y,9.428253
gag_polyprotein,S473A,4.272583
gag_polyprotein,S473C,7.7774963
gag_polyprotein,S473D,7.514374
gag_polyprotein,S473E,6.7530518
gag_polyprotein,S473F,5.127655
gag_polyprotein,S473G,6.544098
gag_polyprotein,S473H,6.2739563
gag_polyprotein,S473I,8.9305725
gag_polyprotein,S473K,8.071777
gag_polyprotein,S473L,5.8563232
gag_polyprotein,S473M,9.30835
gag_polyprotein,S473N,7.7424927
gag_polyprotein,S473P,1.0670776
gag_polyprotein,S473Q,7.4282837
gag_polyprotein,S473R,7.696472
gag_polyprotein,S473T,5.617676
gag_polyprotein,S473V,6.6782227
gag_polyprotein,S473W,10.067535
gag_polyprotein,S473Y,7.093506
gag_polyprotein,Q474A,8.088837
gag_polyprotein,Q474C,11.704346
gag_polyprotein,Q474D,9.774353
gag_polyprotein,Q474E,8.59964
gag_polyprotein,Q474F,10.927307
gag_polyprotein,Q474G,9.766815
gag_polyprotein,Q474H,10.439178
gag_polyprotein,Q474I,9.535095
gag_polyprotein,Q474K,9.053528
gag_polyprotein,Q474L,6.0351257
gag_polyprotein,Q474M,8.952393
gag_polyprotein,Q474N,11.803589
gag_polyprotein,Q474P,5.367035
gag_polyprotein,Q474R,6.352539
gag_polyprotein,Q474S,8.079071
gag_polyprotein,Q474T,8.805511
gag_polyprotein,Q474V,9.765991
gag_polyprotein,Q474W,9.826996
gag_polyprotein,Q474Y,9.566803
gag_polyprotein,K475A,8.472565
gag_polyprotein,K475C,11.151581
gag_polyprotein,K475D,9.273254
gag_polyprotein,K475E,6.3661194
gag_polyprotein,K475F,10.230988
gag_polyprotein,K475G,7.30484
gag_polyprotein,K475H,11.184692
gag_polyprotein,K475I,8.569794
gag_polyprotein,K475L,9.249298
gag_polyprotein,K475M,9.318481
gag_polyprotein,K475N,7.198944
gag_polyprotein,K475P,8.211761
gag_polyprotein,K475Q,7.152191
gag_polyprotein,K475R,4.36557
gag_polyprotein,K475S,6.104553
gag_polyprotein,K475T,7.963928
gag_polyprotein,K475V,9.578583
gag_polyprotein,K475W,11.127899
gag_polyprotein,K475Y,9.855072
gag_polyprotein,Q476A,8.787079
gag_polyprotein,Q476C,10.778351
gag_polyprotein,Q476D,9.404053
gag_polyprotein,Q476E,7.6796875
gag_polyprotein,Q476F,11.075104
gag_polyprotein,Q476G,8.7812805
gag_polyprotein,Q476H,8.329376
gag_polyprotein,Q476I,9.713165
gag_polyprotein,Q476K,5.3865356
gag_polyprotein,Q476L,7.599579
gag_polyprotein,Q476M,10.129364
gag_polyprotein,Q476N,10.236542
gag_polyprotein,Q476P,4.7769165
gag_polyprotein,Q476R,5.514679
gag_polyprotein,Q476S,8.00293
gag_polyprotein,Q476T,8.415344
gag_polyprotein,Q476V,9.077087
gag_polyprotein,Q476W,9.916443
gag_polyprotein,Q476Y,10.391052
gag_polyprotein,E477A,8.716553
gag_polyprotein,E477C,10.845703
gag_polyprotein,E477D,4.5834045
gag_polyprotein,E477F,9.659363
gag_polyprotein,E477G,3.7175903
gag_polyprotein,E477H,9.431335
gag_polyprotein,E477I,9.954468
gag_polyprotein,E477K,6.298584
gag_polyprotein,E477L,9.136383
gag_polyprotein,E477M,9.162476
gag_polyprotein,E477N,8.3550415
gag_polyprotein,E477P,8.347534
gag_polyprotein,E477Q,7.7782593
gag_polyprotein,E477R,8.27063
gag_polyprotein,E477S,8.239716
gag_polyprotein,E477T,8.031952
gag_polyprotein,E477V,8.618286
gag_polyprotein,E477W,9.466003
gag_polyprotein,E477Y,10.883881
gag_polyprotein,P478A,5.3733826
gag_polyprotein,P478C,9.958191
gag_polyprotein,P478D,7.2713013
gag_polyprotein,P478E,6.2537537
gag_polyprotein,P478F,8.56308
gag_polyprotein,P478G,6.95932
gag_polyprotein,P478H,8.9263
gag_polyprotein,P478I,7.32724
gag_polyprotein,P478K,5.0469055
gag_polyprotein,P478L,3.7140503
gag_polyprotein,P478M,5.984955
gag_polyprotein,P478N,8.667694
gag_polyprotein,P478Q,2.8555603
gag_polyprotein,P478R,5.6184387
gag_polyprotein,P478S,3.769165
gag_polyprotein,P478T,2.466217
gag_polyprotein,P478V,6.6374817
gag_polyprotein,P478W,8.588379
gag_polyprotein,P478Y,8.857544
gag_polyprotein,I479A,5.633545
gag_polyprotein,I479C,8.93335
gag_polyprotein,I479D,7.503601
gag_polyprotein,I479E,5.5942383
gag_polyprotein,I479F,8.081177
gag_polyprotein,I479G,4.713196
gag_polyprotein,I479H,8.94989
gag_polyprotein,I479K,3.6965027
gag_polyprotein,I479L,5.0660706
gag_polyprotein,I479M,4.5247803
gag_polyprotein,I479N,7.6493835
gag_polyprotein,I479P,5.453644
gag_polyprotein,I479Q,6.6802063
gag_polyprotein,I479R,3.2156677
gag_polyprotein,I479S,6.8760376
gag_polyprotein,I479T,2.4060059
gag_polyprotein,I479V,3.1928406
gag_polyprotein,I479W,8.645386
gag_polyprotein,I479Y,9.185455
gag_polyprotein,D480A,8.398651
gag_polyprotein,D480C,10.565491
gag_polyprotein,D480E,5.578186
gag_polyprotein,D480F,10.240448
gag_polyprotein,D480G,5.6374207
gag_polyprotein,D480H,8.980194
gag_polyprotein,D480I,10.178284
gag_polyprotein,D480K,7.0677795
gag_polyprotein,D480L,9.69928
gag_polyprotein,D480M,11.273254
gag_polyprotein,D480N,4.874481
gag_polyprotein,D480P,8.397339
gag_polyprotein,D480Q,7.093384
gag_polyprotein,D480R,8.494812
gag_polyprotein,D480S,7.575653
gag_polyprotein,D480T,8.283051
gag_polyprotein,D480V,8.824432
gag_polyprotein,D480W,10.430054
gag_polyprotein,D480Y,9.222992
gag_polyprotein,K481A,8.420807
gag_polyprotein,K481C,10.25293
gag_polyprotein,K481D,8.800659
gag_polyprotein,K481E,5.243103
gag_polyprotein,K481F,9.894989
gag_polyprotein,K481G,7.6748657
gag_polyprotein,K481H,9.438446
gag_polyprotein,K481I,8.679291
gag_polyprotein,K481L,8.11908
gag_polyprotein,K481M,10.266632
gag_polyprotein,K481N,7.931305
gag_polyprotein,K481P,7.878662
gag_polyprotein,K481Q,4.29718
gag_polyprotein,K481R,4.1186523
gag_polyprotein,K481S,8.216156
gag_polyprotein,K481T,7.088806
gag_polyprotein,K481V,9.146454
gag_polyprotein,K481W,9.899536
gag_polyprotein,K481Y,9.850281
gag_polyprotein,E482A,8.067291
gag_polyprotein,E482C,10.227509
gag_polyprotein,E482D,2.5681763
gag_polyprotein,E482F,8.732452
gag_polyprotein,E482G,4.3476257
gag_polyprotein,E482H,10.120209
gag_polyprotein,E482I,9.473694
gag_polyprotein,E482K,7.2249756
gag_polyprotein,E482L,9.09375
gag_polyprotein,E482M,10.286041
gag_polyprotein,E482N,6.9448853
gag_polyprotein,E482P,8.380676
gag_polyprotein,E482Q,7.2724304
gag_polyprotein,E482R,8.276428
gag_polyprotein,E482S,6.6370544
gag_polyprotein,E482T,8.254883
gag_polyprotein,E482V,9.1597595
gag_polyprotein,E482W,9.426666
gag_polyprotein,E482Y,9.348206
gag_polyprotein,L483A,7.224579
gag_polyprotein,L483C,8.092133
gag_polyprotein,L483D,8.4340515
gag_polyprotein,L483E,7.3774414
gag_polyprotein,L483F,8.078461
gag_polyprotein,L483G,6.7843933
gag_polyprotein,L483H,6.5070496
gag_polyprotein,L483I,6.4929504
gag_polyprotein,L483K,4.549713
gag_polyprotein,L483M,2.3773804
gag_polyprotein,L483N,7.391449
gag_polyprotein,L483P,5.3062134
gag_polyprotein,L483Q,3.7462463
gag_polyprotein,L483R,4.086426
gag_polyprotein,L483S,6.9436646
gag_polyprotein,L483T,4.2628174
gag_polyprotein,L483V,4.2237854
gag_polyprotein,L483W,9.393616
gag_polyprotein,L483Y,7.0062256
gag_polyprotein,Y484A,8.267761
gag_polyprotein,Y484C,6.3783875
gag_polyprotein,Y484D,9.040955
gag_polyprotein,Y484E,8.412994
gag_polyprotein,Y484F,7.323242
gag_polyprotein,Y484G,8.4664
gag_polyprotein,Y484H,5.583557
gag_polyprotein,Y484I,9.577454
gag_polyprotein,Y484K,9.234436
gag_polyprotein,Y484L,7.4906006
gag_polyprotein,Y484M,11.475037
gag_polyprotein,Y484N,7.2753296
gag_polyprotein,Y484P,6.9605103
gag_polyprotein,Y484Q,9.028778
gag_polyprotein,Y484R,7.983551
gag_polyprotein,Y484S,6.0230103
gag_polyprotein,Y484T,8.200989
gag_polyprotein,Y484V,8.321838
gag_polyprotein,Y484W,9.325897
gag_polyprotein,P485A,7.816284
gag_polyprotein,P485C,10.372803
gag_polyprotein,P485D,11.020996
gag_polyprotein,P485E,9.335846
gag_polyprotein,P485F,11.989258
gag_polyprotein,P485G,9.1241455
gag_polyprotein,P485H,8.434174
gag_polyprotein,P485I,11.976105
gag_polyprotein,P485K,10.721771
gag_polyprotein,P485L,8.603546
gag_polyprotein,P485M,11.281769
gag_polyprotein,P485N,9.831818
gag_polyprotein,P485Q,8.570618
gag_polyprotein,P485R,9.735901
gag_polyprotein,P485S,7.6314697
gag_polyprotein,P485T,7.5098267
gag_polyprotein,P485V,10.039703
gag_polyprotein,P485W,9.099945
gag_polyprotein,P485Y,10.696136
gag_polyprotein,L486A,7.153015
gag_polyprotein,L486C,9.875702
gag_polyprotein,L486D,9.364227
gag_polyprotein,L486E,7.8970947
gag_polyprotein,L486F,5.188019
gag_polyprotein,L486G,7.7668457
gag_polyprotein,L486H,9.266754
gag_polyprotein,L486I,5.9973755
gag_polyprotein,L486K,8.919312
gag_polyprotein,L486M,5.7930603
gag_polyprotein,L486N,9.296143
gag_polyprotein,L486P,8.024384
gag_polyprotein,L486Q,7.761261
gag_polyprotein,L486R,9.706726
gag_polyprotein,L486S,3.3532104
gag_polyprotein,L486T,6.2252197
gag_polyprotein,L486V,5.220825
gag_polyprotein,L486W,6.475464
gag_polyprotein,L486Y,8.929779
gag_polyprotein,A487C,7.5798035
gag_polyprotein,A487D,4.7703857
gag_polyprotein,A487E,8.554779
gag_polyprotein,A487F,8.897278
gag_polyprotein,A487G,7.745819
gag_polyprotein,A487H,8.158661
gag_polyprotein,A487I,5.8112183
gag_polyprotein,A487K,8.6719055
gag_polyprotein,A487L,7.3122253
gag_polyprotein,A487M,9.539856
gag_polyprotein,A487N,6.566498
gag_polyprotein,A487P,6.884735
gag_polyprotein,A487Q,8.585327
gag_polyprotein,A487R,9.123352
gag_polyprotein,A487S,4.6914062
gag_polyprotein,A487T,1.4429932
gag_polyprotein,A487V,4.351654
gag_polyprotein,A487W,8.627289
gag_polyprotein,A487Y,9.596039
gag_polyprotein,S488A,5.3112793
gag_polyprotein,S488C,8.576263
gag_polyprotein,S488D,10.413666
gag_polyprotein,S488E,9.484253
gag_polyprotein,S488F,9.319244
gag_polyprotein,S488G,9.075531
gag_polyprotein,S488H,9.901581
gag_polyprotein,S488I,10.698029
gag_polyprotein,S488K,9.627655
gag_polyprotein,S488L,9.213593
gag_polyprotein,S488M,11.657318
gag_polyprotein,S488N,9.961884
gag_polyprotein,S488P,8.663513
gag_polyprotein,S488Q,10.15329
gag_polyprotein,S488R,9.366028
gag_polyprotein,S488T,7.9842834
gag_polyprotein,S488V,9.794647
gag_polyprotein,S488W,11.747253
gag_polyprotein,S488Y,9.297791
gag_polyprotein,L489A,11.423035
gag_polyprotein,L489C,10.31543
gag_polyprotein,L489D,9.529388
gag_polyprotein,L489E,9.90329
gag_polyprotein,L489F,9.201599
gag_polyprotein,L489G,10.983398
gag_polyprotein,L489H,12.167114
gag_polyprotein,L489I,7.9580994
gag_polyprotein,L489K,9.878052
gag_polyprotein,L489M,10.182098
gag_polyprotein,L489N,10.811768
gag_polyprotein,L489P,8.786835
gag_polyprotein,L489Q,11.43042
gag_polyprotein,L489R,10.027496
gag_polyprotein,L489S,9.373535
gag_polyprotein,L489T,10.166748
gag_polyprotein,L489V,8.878326
gag_polyprotein,L489W,9.338226
gag_polyprotein,L489Y,10.164978
gag_polyprotein,R490A,8.2734375
gag_polyprotein,R490C,9.386353
gag_polyprotein,R490D,8.539459
gag_polyprotein,R490E,7.50708
gag_polyprotein,R490F,9.552826
gag_polyprotein,R490G,8.395325
gag_polyprotein,R490H,8.308777
gag_polyprotein,R490I,9.021332
gag_polyprotein,R490K,0.7718506
gag_polyprotein,R490L,7.907257
gag_polyprotein,R490M,8.641571
gag_polyprotein,R490N,7.5289917
gag_polyprotein,R490P,8.380432
gag_polyprotein,R490Q,7.5976562
gag_polyprotein,R490S,7.631531
gag_polyprotein,R490T,7.414673
gag_polyprotein,R490V,9.034515
gag_polyprotein,R490W,8.555725
gag_polyprotein,R490Y,9.198761
gag_polyprotein,S491A,8.953461
gag_polyprotein,S491C,9.833252
gag_polyprotein,S491D,9.404572
gag_polyprotein,S491E,8.752106
gag_polyprotein,S491F,11.108429
gag_polyprotein,S491G,8.668396
gag_polyprotein,S491H,9.6918335
gag_polyprotein,S491I,9.571655
gag_polyprotein,S491K,10.943939
gag_polyprotein,S491L,6.8006287
gag_polyprotein,S491M,11.777985
gag_polyprotein,S491N,10.125183
gag_polyprotein,S491P,8.029755
gag_polyprotein,S491Q,8.811432
gag_polyprotein,S491R,9.497528
gag_polyprotein,S491T,8.673523
gag_polyprotein,S491V,9.419556
gag_polyprotein,S491W,10.573456
gag_polyprotein,S491Y,10.549377
gag_polyprotein,L492A,9.723389
gag_polyprotein,L492C,11.115753
gag_polyprotein,L492D,10.580597
gag_polyprotein,L492E,9.941895
gag_polyprotein,L492F,9.427368
gag_polyprotein,L492G,11.38205
gag_polyprotein,L492H,10.220978
gag_polyprotein,L492I,9.08371
gag_polyprotein,L492K,9.815277
gag_polyprotein,L492M,10.935089
gag_polyprotein,L492N,12.286499
gag_polyprotein,L492P,8.963654
gag_polyprotein,L492Q,10.360321
gag_polyprotein,L492R,9.666901
gag_polyprotein,L492S,8.941956
gag_polyprotein,L492T,8.471527
gag_polyprotein,L492V,9.992554
gag_polyprotein,L492W,10.129303
gag_polyprotein,L492Y,10.754456
gag_polyprotein,F493A,9.725922
gag_polyprotein,F493C,10.105103
gag_polyprotein,F493D,10.747284
gag_polyprotein,F493E,9.518158
gag_polyprotein,F493G,8.998077
gag_polyprotein,F493H,9.125275
gag_polyprotein,F493I,8.603882
gag_polyprotein,F493K,10.3342285
gag_polyprotein,F493L,7.8440247
gag_polyprotein,F493M,11.1102295
gag_polyprotein,F493N,11.3203125
gag_polyprotein,F493P,11.86319
gag_polyprotein,F493Q,10.554504
gag_polyprotein,F493R,10.845734
gag_polyprotein,F493S,8.599976
gag_polyprotein,F493T,10.277283
gag_polyprotein,F493V,8.1788025
gag_polyprotein,F493W,9.577942
gag_polyprotein,F493Y,8.680328
gag_polyprotein,G494A,8.3591
gag_polyprotein,G494C,10.441528
gag_polyprotein,G494D,9.182007
gag_polyprotein,G494E,11.046661
gag_polyprotein,G494F,11.349304
gag_polyprotein,G494H,10.437744
gag_polyprotein,G494I,10.430695
gag_polyprotein,G494K,9.223877
gag_polyprotein,G494L,9.289581
gag_polyprotein,G494M,10.384491
gag_polyprotein,G494N,9.963837
gag_polyprotein,G494P,9.905945
gag_polyprotein,G494Q,11.228851
gag_polyprotein,G494R,9.550232
gag_polyprotein,G494S,9.368927
gag_polyprotein,G494T,8.721832
gag_polyprotein,G494V,10.32428
gag_polyprotein,G494W,9.0278015
gag_polyprotein,G494Y,10.975525
gag_polyprotein,S495A,5.4466553
gag_polyprotein,S495C,7.8274536
gag_polyprotein,S495D,4.948761
gag_polyprotein,S495E,4.902313
gag_polyprotein,S495F,7.3944397
gag_polyprotein,S495G,5.288147
gag_polyprotein,S495H,6.2817383
gag_polyprotein,S495I,7.0635986
gag_polyprotein,S495K,6.1243286
gag_polyprotein,S495L,5.3127136
gag_polyprotein,S495M,6.460266
gag_polyprotein,S495N,-3.2423096
gag_polyprotein,S495P,5.670807
gag_polyprotein,S495Q,4.9426575
gag_polyprotein,S495R,4.4949646
gag_polyprotein,S495T,4.3185425
gag_polyprotein,S495V,6.0414124
gag_polyprotein,S495W,5.7703857
gag_polyprotein,S495Y,7.0126343
gag_polyprotein,D496A,9.459778
gag_polyprotein,D496C,10.3497925
gag_polyprotein,D496E,8.20639
gag_polyprotein,D496F,10.755951
gag_polyprotein,D496G,7.661957
gag_polyprotein,D496H,9.878784
gag_polyprotein,D496I,9.123047
gag_polyprotein,D496K,9.1875305
gag_polyprotein,D496L,11.076447
gag_polyprotein,D496M,11.748383
gag_polyprotein,D496N,8.619934
gag_polyprotein,D496P,9.4991455
gag_polyprotein,D496Q,8.888763
gag_polyprotein,D496R,8.128082
gag_polyprotein,D496S,8.619995
gag_polyprotein,D496T,8.462219
gag_polyprotein,D496V,9.977936
gag_polyprotein,D496W,11.017883
gag_polyprotein,D496Y,9.921143
gag_polyprotein,P497A,8.771271
gag_polyprotein,P497C,9.161377
gag_polyprotein,P497D,9.104492
gag_polyprotein,P497E,9.36673
gag_polyprotein,P497F,8.707947
gag_polyprotein,P497G,8.512726
gag_polyprotein,P497H,6.719452
gag_polyprotein,P497I,9.242737
gag_polyprotein,P497K,9.095032
gag_polyprotein,P497L,5.219452
gag_polyprotein,P497M,10.000702
gag_polyprotein,P497N,9.790527
gag_polyprotein,P497Q,7.548523
gag_polyprotein,P497R,7.8177185
gag_polyprotein,P497S,9.303314
gag_polyprotein,P497T,8.295288
gag_polyprotein,P497V,9.87793
gag_polyprotein,P497W,10.240509
gag_polyprotein,P497Y,11.15918
gag_polyprotein,S498A,8.547974
gag_polyprotein,S498C,8.544189
gag_polyprotein,S498D,8.311005
gag_polyprotein,S498E,8.365936
gag_polyprotein,S498F,9.743042
gag_polyprotein,S498G,7.940033
gag_polyprotein,S498H,9.65094
gag_polyprotein,S498I,8.345673
gag_polyprotein,S498K,8.769989
gag_polyprotein,S498L,2.9319458
gag_polyprotein,S498M,9.604706
gag_polyprotein,S498N,10.693634
gag_polyprotein,S498P,8.849243
gag_polyprotein,S498Q,8.811676
gag_polyprotein,S498R,7.927887
gag_polyprotein,S498T,9.047089
gag_polyprotein,S498V,7.480652
gag_polyprotein,S498W,7.1330566
gag_polyprotein,S498Y,9.377533
