protein_name,mutations,evol_indices
P20873_GAG_HV1JR,wt,-0.0
P20873_GAG_HV1JR,M1A,11.239471
P20873_GAG_HV1JR,M1C,11.557556
P20873_GAG_HV1JR,M1D,13.130157
P20873_GAG_HV1JR,M1E,10.960815
P20873_GAG_HV1JR,M1F,13.150269
P20873_GAG_HV1JR,M1G,13.249512
P20873_GAG_HV1JR,M1H,11.144348
P20873_GAG_HV1JR,M1I,10.029846
P20873_GAG_HV1JR,M1K,11.452423
P20873_GAG_HV1JR,M1L,11.418213
P20873_GAG_HV1JR,M1N,13.222015
P20873_GAG_HV1JR,M1P,13.236053
P20873_GAG_HV1JR,M1Q,11.91745
P20873_GAG_HV1JR,M1R,8.953857
P20873_GAG_HV1JR,M1S,13.235199
P20873_GAG_HV1JR,M1T,10.141602
P20873_GAG_HV1JR,M1V,11.618317
P20873_GAG_HV1JR,M1W,13.142548
P20873_GAG_HV1JR,M1Y,13.23587
P20873_GAG_HV1JR,G2A,11.464264
P20873_GAG_HV1JR,G2C,11.52887
P20873_GAG_HV1JR,G2D,11.0156555
P20873_GAG_HV1JR,G2E,10.165253
P20873_GAG_HV1JR,G2F,13.25415
P20873_GAG_HV1JR,G2H,13.185364
P20873_GAG_HV1JR,G2I,13.310699
P20873_GAG_HV1JR,G2K,11.549805
P20873_GAG_HV1JR,G2L,11.202057
P20873_GAG_HV1JR,G2M,13.214966
P20873_GAG_HV1JR,G2N,11.198547
P20873_GAG_HV1JR,G2P,13.234009
P20873_GAG_HV1JR,G2Q,13.387573
P20873_GAG_HV1JR,G2R,10.469513
P20873_GAG_HV1JR,G2S,10.088715
P20873_GAG_HV1JR,G2T,10.84375
P20873_GAG_HV1JR,G2V,11.377472
P20873_GAG_HV1JR,G2W,13.21106
P20873_GAG_HV1JR,G2Y,13.17157
P20873_GAG_HV1JR,A3C,13.207153
P20873_GAG_HV1JR,A3D,13.131897
P20873_GAG_HV1JR,A3E,13.179565
P20873_GAG_HV1JR,A3F,13.094818
P20873_GAG_HV1JR,A3G,9.464752
P20873_GAG_HV1JR,A3H,13.078461
P20873_GAG_HV1JR,A3I,13.123962
P20873_GAG_HV1JR,A3K,9.608795
P20873_GAG_HV1JR,A3L,10.450195
P20873_GAG_HV1JR,A3M,13.134216
P20873_GAG_HV1JR,A3N,13.11676
P20873_GAG_HV1JR,A3P,13.157074
P20873_GAG_HV1JR,A3Q,11.131561
P20873_GAG_HV1JR,A3R,9.262817
P20873_GAG_HV1JR,A3S,9.959869
P20873_GAG_HV1JR,A3T,9.58786
P20873_GAG_HV1JR,A3V,10.922455
P20873_GAG_HV1JR,A3W,12.614471
P20873_GAG_HV1JR,A3Y,13.123169
P20873_GAG_HV1JR,R4A,13.489166
P20873_GAG_HV1JR,R4C,13.390808
P20873_GAG_HV1JR,R4D,13.461945
P20873_GAG_HV1JR,R4E,11.341522
P20873_GAG_HV1JR,R4F,13.434845
P20873_GAG_HV1JR,R4G,8.542664
P20873_GAG_HV1JR,R4H,13.513214
P20873_GAG_HV1JR,R4I,13.416473
P20873_GAG_HV1JR,R4K,8.130005
P20873_GAG_HV1JR,R4L,10.97406
P20873_GAG_HV1JR,R4M,13.401794
P20873_GAG_HV1JR,R4N,13.430817
P20873_GAG_HV1JR,R4P,12.6710205
P20873_GAG_HV1JR,R4Q,13.5271
P20873_GAG_HV1JR,R4S,11.764313
P20873_GAG_HV1JR,R4T,13.461914
P20873_GAG_HV1JR,R4V,13.463715
P20873_GAG_HV1JR,R4W,13.499451
P20873_GAG_HV1JR,R4Y,13.484009
P20873_GAG_HV1JR,A5C,13.197571
P20873_GAG_HV1JR,A5D,13.21936
P20873_GAG_HV1JR,A5E,13.193817
P20873_GAG_HV1JR,A5F,13.228119
P20873_GAG_HV1JR,A5G,12.666016
P20873_GAG_HV1JR,A5H,13.249695
P20873_GAG_HV1JR,A5I,13.274811
P20873_GAG_HV1JR,A5K,11.522369
P20873_GAG_HV1JR,A5L,11.599152
P20873_GAG_HV1JR,A5M,13.244965
P20873_GAG_HV1JR,A5N,13.239899
P20873_GAG_HV1JR,A5P,13.291565
P20873_GAG_HV1JR,A5Q,13.146606
P20873_GAG_HV1JR,A5R,8.1805725
P20873_GAG_HV1JR,A5S,10.427124
P20873_GAG_HV1JR,A5T,9.212006
P20873_GAG_HV1JR,A5V,8.016357
P20873_GAG_HV1JR,A5W,13.221313
P20873_GAG_HV1JR,A5Y,13.199463
P20873_GAG_HV1JR,S6A,9.203674
P20873_GAG_HV1JR,S6C,13.481445
P20873_GAG_HV1JR,S6D,13.516754
P20873_GAG_HV1JR,S6E,11.557312
P20873_GAG_HV1JR,S6F,13.493652
P20873_GAG_HV1JR,S6G,11.322754
P20873_GAG_HV1JR,S6H,13.463867
P20873_GAG_HV1JR,S6I,13.5867
P20873_GAG_HV1JR,S6K,11.657898
P20873_GAG_HV1JR,S6L,11.607971
P20873_GAG_HV1JR,S6M,13.471161
P20873_GAG_HV1JR,S6N,13.518219
P20873_GAG_HV1JR,S6P,10.590912
P20873_GAG_HV1JR,S6Q,13.347717
P20873_GAG_HV1JR,S6R,11.252258
P20873_GAG_HV1JR,S6T,10.034424
P20873_GAG_HV1JR,S6V,13.554749
P20873_GAG_HV1JR,S6W,13.461151
P20873_GAG_HV1JR,S6Y,13.440247
P20873_GAG_HV1JR,V7A,7.6561584
P20873_GAG_HV1JR,V7C,11.465271
P20873_GAG_HV1JR,V7D,11.41037
P20873_GAG_HV1JR,V7E,10.386322
P20873_GAG_HV1JR,V7F,11.523865
P20873_GAG_HV1JR,V7G,9.994263
P20873_GAG_HV1JR,V7H,11.514954
P20873_GAG_HV1JR,V7I,2.5980225
P20873_GAG_HV1JR,V7K,10.070007
P20873_GAG_HV1JR,V7L,8.885071
P20873_GAG_HV1JR,V7M,9.80835
P20873_GAG_HV1JR,V7N,11.441559
P20873_GAG_HV1JR,V7P,11.48111
P20873_GAG_HV1JR,V7Q,10.255005
P20873_GAG_HV1JR,V7R,8.646118
P20873_GAG_HV1JR,V7S,10.19342
P20873_GAG_HV1JR,V7T,9.9841
P20873_GAG_HV1JR,V7W,11.423798
P20873_GAG_HV1JR,V7Y,11.39386
P20873_GAG_HV1JR,L8A,9.04715
P20873_GAG_HV1JR,L8C,12.25415
P20873_GAG_HV1JR,L8D,10.54715
P20873_GAG_HV1JR,L8E,12.330048
P20873_GAG_HV1JR,L8F,8.609802
P20873_GAG_HV1JR,L8G,9.6651
P20873_GAG_HV1JR,L8H,12.273254
P20873_GAG_HV1JR,L8I,4.982361
P20873_GAG_HV1JR,L8K,9.83197
P20873_GAG_HV1JR,L8M,12.258453
P20873_GAG_HV1JR,L8N,12.238617
P20873_GAG_HV1JR,L8P,12.342804
P20873_GAG_HV1JR,L8Q,10.971954
P20873_GAG_HV1JR,L8R,12.265961
P20873_GAG_HV1JR,L8S,9.607208
P20873_GAG_HV1JR,L8T,12.273407
P20873_GAG_HV1JR,L8V,8.501648
P20873_GAG_HV1JR,L8W,12.25592
P20873_GAG_HV1JR,L8Y,11.898468
P20873_GAG_HV1JR,S9A,9.875153
P20873_GAG_HV1JR,S9C,12.441406
P20873_GAG_HV1JR,S9D,10.536621
P20873_GAG_HV1JR,S9E,9.918762
P20873_GAG_HV1JR,S9F,12.463409
P20873_GAG_HV1JR,S9G,10.2100525
P20873_GAG_HV1JR,S9H,12.354095
P20873_GAG_HV1JR,S9I,12.410767
P20873_GAG_HV1JR,S9K,9.913696
P20873_GAG_HV1JR,S9L,10.844513
P20873_GAG_HV1JR,S9M,12.404602
P20873_GAG_HV1JR,S9N,10.26297
P20873_GAG_HV1JR,S9P,12.375122
P20873_GAG_HV1JR,S9Q,11.003052
P20873_GAG_HV1JR,S9R,5.701599
P20873_GAG_HV1JR,S9T,7.4691467
P20873_GAG_HV1JR,S9V,10.283813
P20873_GAG_HV1JR,S9W,12.422821
P20873_GAG_HV1JR,S9Y,10.783112
P20873_GAG_HV1JR,G10A,4.5499573
P20873_GAG_HV1JR,G10C,11.951569
P20873_GAG_HV1JR,G10D,11.905518
P20873_GAG_HV1JR,G10E,9.498718
P20873_GAG_HV1JR,G10F,11.98111
P20873_GAG_HV1JR,G10H,12.002747
P20873_GAG_HV1JR,G10I,11.9904175
P20873_GAG_HV1JR,G10K,9.664703
P20873_GAG_HV1JR,G10L,11.928864
P20873_GAG_HV1JR,G10M,11.984711
P20873_GAG_HV1JR,G10N,11.916565
P20873_GAG_HV1JR,G10P,10.377319
P20873_GAG_HV1JR,G10Q,10.565308
P20873_GAG_HV1JR,G10R,7.005707
P20873_GAG_HV1JR,G10S,7.1905212
P20873_GAG_HV1JR,G10T,10.667572
P20873_GAG_HV1JR,G10V,9.98645
P20873_GAG_HV1JR,G10W,9.394318
P20873_GAG_HV1JR,G10Y,12.014465
P20873_GAG_HV1JR,G11A,9.5364685
P20873_GAG_HV1JR,G11C,12.538849
P20873_GAG_HV1JR,G11D,10.029602
P20873_GAG_HV1JR,G11E,6.408661
P20873_GAG_HV1JR,G11F,11.010559
P20873_GAG_HV1JR,G11H,12.540009
P20873_GAG_HV1JR,G11I,12.56955
P20873_GAG_HV1JR,G11K,9.414001
P20873_GAG_HV1JR,G11L,9.888397
P20873_GAG_HV1JR,G11M,12.556213
P20873_GAG_HV1JR,G11N,12.608368
P20873_GAG_HV1JR,G11P,12.560608
P20873_GAG_HV1JR,G11Q,12.462006
P20873_GAG_HV1JR,G11R,9.073822
P20873_GAG_HV1JR,G11S,7.3377686
P20873_GAG_HV1JR,G11T,12.5624695
P20873_GAG_HV1JR,G11V,10.936462
P20873_GAG_HV1JR,G11W,12.552399
P20873_GAG_HV1JR,G11Y,12.551514
P20873_GAG_HV1JR,E12A,5.484314
P20873_GAG_HV1JR,E12C,10.176971
P20873_GAG_HV1JR,E12D,3.7190552
P20873_GAG_HV1JR,E12F,10.170471
P20873_GAG_HV1JR,E12G,5.5101624
P20873_GAG_HV1JR,E12H,9.185059
P20873_GAG_HV1JR,E12I,10.204773
P20873_GAG_HV1JR,E12K,1.4479065
P20873_GAG_HV1JR,E12L,10.141815
P20873_GAG_HV1JR,E12M,10.156097
P20873_GAG_HV1JR,E12N,5.5590515
P20873_GAG_HV1JR,E12P,9.188904
P20873_GAG_HV1JR,E12Q,2.1253967
P20873_GAG_HV1JR,E12R,6.3749695
P20873_GAG_HV1JR,E12S,5.7788086
P20873_GAG_HV1JR,E12T,9.001617
P20873_GAG_HV1JR,E12V,10.124573
P20873_GAG_HV1JR,E12W,10.137451
P20873_GAG_HV1JR,E12Y,10.23877
P20873_GAG_HV1JR,L13A,13.690552
P20873_GAG_HV1JR,L13C,13.818909
P20873_GAG_HV1JR,L13D,13.809418
P20873_GAG_HV1JR,L13E,13.925446
P20873_GAG_HV1JR,L13F,9.525665
P20873_GAG_HV1JR,L13G,13.876404
P20873_GAG_HV1JR,L13H,13.853668
P20873_GAG_HV1JR,L13I,13.80661
P20873_GAG_HV1JR,L13K,9.988403
P20873_GAG_HV1JR,L13M,13.898224
P20873_GAG_HV1JR,L13N,13.926575
P20873_GAG_HV1JR,L13P,13.876099
P20873_GAG_HV1JR,L13Q,13.834564
P20873_GAG_HV1JR,L13R,11.675018
P20873_GAG_HV1JR,L13S,9.447449
P20873_GAG_HV1JR,L13T,11.913361
P20873_GAG_HV1JR,L13V,13.843811
P20873_GAG_HV1JR,L13W,13.9991455
P20873_GAG_HV1JR,L13Y,13.883423
P20873_GAG_HV1JR,D14A,11.4088745
P20873_GAG_HV1JR,D14C,13.12146
P20873_GAG_HV1JR,D14E,6.9742737
P20873_GAG_HV1JR,D14F,13.073761
P20873_GAG_HV1JR,D14G,10.731171
P20873_GAG_HV1JR,D14H,13.178925
P20873_GAG_HV1JR,D14I,13.109955
P20873_GAG_HV1JR,D14K,10.38736
P20873_GAG_HV1JR,D14L,13.16452
P20873_GAG_HV1JR,D14M,13.104523
P20873_GAG_HV1JR,D14N,7.876007
P20873_GAG_HV1JR,D14P,13.106598
P20873_GAG_HV1JR,D14Q,13.0448
P20873_GAG_HV1JR,D14R,13.112549
P20873_GAG_HV1JR,D14S,13.160645
P20873_GAG_HV1JR,D14T,11.392975
P20873_GAG_HV1JR,D14V,12.313904
P20873_GAG_HV1JR,D14W,13.139069
P20873_GAG_HV1JR,D14Y,10.249207
P20873_GAG_HV1JR,R15A,4.6344604
P20873_GAG_HV1JR,R15C,10.577057
P20873_GAG_HV1JR,R15D,10.510345
P20873_GAG_HV1JR,R15E,8.320709
P20873_GAG_HV1JR,R15F,9.349548
P20873_GAG_HV1JR,R15G,9.232574
P20873_GAG_HV1JR,R15H,6.052704
P20873_GAG_HV1JR,R15I,10.167999
P20873_GAG_HV1JR,R15K,1.3266602
P20873_GAG_HV1JR,R15L,8.526062
P20873_GAG_HV1JR,R15M,9.141205
P20873_GAG_HV1JR,R15N,7.5438232
P20873_GAG_HV1JR,R15P,8.493652
P20873_GAG_HV1JR,R15Q,3.8498535
P20873_GAG_HV1JR,R15S,5.052063
P20873_GAG_HV1JR,R15T,5.095154
P20873_GAG_HV1JR,R15V,10.385315
P20873_GAG_HV1JR,R15W,10.490112
P20873_GAG_HV1JR,R15Y,10.4888
P20873_GAG_HV1JR,W16A,12.952698
P20873_GAG_HV1JR,W16C,13.008057
P20873_GAG_HV1JR,W16D,12.977905
P20873_GAG_HV1JR,W16E,12.498047
P20873_GAG_HV1JR,W16F,8.575867
P20873_GAG_HV1JR,W16G,10.149872
P20873_GAG_HV1JR,W16H,12.996399
P20873_GAG_HV1JR,W16I,12.922302
P20873_GAG_HV1JR,W16K,10.299713
P20873_GAG_HV1JR,W16L,6.644104
P20873_GAG_HV1JR,W16M,12.985352
P20873_GAG_HV1JR,W16N,12.944214
P20873_GAG_HV1JR,W16P,11.156464
P20873_GAG_HV1JR,W16Q,12.963654
P20873_GAG_HV1JR,W16R,9.656006
P20873_GAG_HV1JR,W16S,12.970764
P20873_GAG_HV1JR,W16T,12.962311
P20873_GAG_HV1JR,W16V,12.885071
P20873_GAG_HV1JR,W16Y,12.941162
P20873_GAG_HV1JR,E17A,13.160065
P20873_GAG_HV1JR,E17C,13.271362
P20873_GAG_HV1JR,E17D,10.314453
P20873_GAG_HV1JR,E17F,13.255402
P20873_GAG_HV1JR,E17G,8.660797
P20873_GAG_HV1JR,E17H,13.23526
P20873_GAG_HV1JR,E17I,13.137451
P20873_GAG_HV1JR,E17K,6.228607
P20873_GAG_HV1JR,E17L,13.268372
P20873_GAG_HV1JR,E17M,13.226074
P20873_GAG_HV1JR,E17N,13.167755
P20873_GAG_HV1JR,E17P,13.200958
P20873_GAG_HV1JR,E17Q,12.727875
P20873_GAG_HV1JR,E17R,13.264648
P20873_GAG_HV1JR,E17S,11.603302
P20873_GAG_HV1JR,E17T,13.263855
P20873_GAG_HV1JR,E17V,13.191895
P20873_GAG_HV1JR,E17W,13.218872
P20873_GAG_HV1JR,E17Y,13.271515
P20873_GAG_HV1JR,K18A,10.056854
P20873_GAG_HV1JR,K18C,11.7144165
P20873_GAG_HV1JR,K18D,11.794006
P20873_GAG_HV1JR,K18E,9.451263
P20873_GAG_HV1JR,K18F,11.711853
P20873_GAG_HV1JR,K18G,7.0048523
P20873_GAG_HV1JR,K18H,11.761047
P20873_GAG_HV1JR,K18I,11.710114
P20873_GAG_HV1JR,K18L,10.429413
P20873_GAG_HV1JR,K18M,11.722351
P20873_GAG_HV1JR,K18N,6.7205505
P20873_GAG_HV1JR,K18P,11.705566
P20873_GAG_HV1JR,K18Q,10.574768
P20873_GAG_HV1JR,K18R,2.9909668
P20873_GAG_HV1JR,K18S,11.848053
P20873_GAG_HV1JR,K18T,8.848663
P20873_GAG_HV1JR,K18V,11.716675
P20873_GAG_HV1JR,K18W,11.618713
P20873_GAG_HV1JR,K18Y,11.733612
P20873_GAG_HV1JR,I19A,9.545563
P20873_GAG_HV1JR,I19C,11.517914
P20873_GAG_HV1JR,I19D,13.091095
P20873_GAG_HV1JR,I19E,13.096252
P20873_GAG_HV1JR,I19F,9.213196
P20873_GAG_HV1JR,I19G,13.081299
P20873_GAG_HV1JR,I19H,13.040253
P20873_GAG_HV1JR,I19K,12.499207
P20873_GAG_HV1JR,I19L,10.100616
P20873_GAG_HV1JR,I19M,13.080475
P20873_GAG_HV1JR,I19N,9.126312
P20873_GAG_HV1JR,I19P,12.985748
P20873_GAG_HV1JR,I19Q,13.145325
P20873_GAG_HV1JR,I19R,11.521301
P20873_GAG_HV1JR,I19S,11.975525
P20873_GAG_HV1JR,I19T,13.001953
P20873_GAG_HV1JR,I19V,7.9477234
P20873_GAG_HV1JR,I19W,12.625305
P20873_GAG_HV1JR,I19Y,13.073975
P20873_GAG_HV1JR,R20A,12.468445
P20873_GAG_HV1JR,R20C,12.391663
P20873_GAG_HV1JR,R20D,12.425354
P20873_GAG_HV1JR,R20E,10.990662
P20873_GAG_HV1JR,R20F,12.398895
P20873_GAG_HV1JR,R20G,8.230652
P20873_GAG_HV1JR,R20H,9.618408
P20873_GAG_HV1JR,R20I,12.406555
P20873_GAG_HV1JR,R20K,8.500366
P20873_GAG_HV1JR,R20L,12.402954
P20873_GAG_HV1JR,R20M,12.486053
P20873_GAG_HV1JR,R20N,10.520111
P20873_GAG_HV1JR,R20P,12.402649
P20873_GAG_HV1JR,R20Q,5.861847
P20873_GAG_HV1JR,R20S,9.726166
P20873_GAG_HV1JR,R20T,12.473053
P20873_GAG_HV1JR,R20V,12.379517
P20873_GAG_HV1JR,R20W,9.896454
P20873_GAG_HV1JR,R20Y,7.8436584
P20873_GAG_HV1JR,L21A,14.010315
P20873_GAG_HV1JR,L21C,13.99115
P20873_GAG_HV1JR,L21D,14.018768
P20873_GAG_HV1JR,L21E,11.996002
P20873_GAG_HV1JR,L21F,13.462799
P20873_GAG_HV1JR,L21G,14.032806
P20873_GAG_HV1JR,L21H,14.078064
P20873_GAG_HV1JR,L21I,11.863647
P20873_GAG_HV1JR,L21K,12.332245
P20873_GAG_HV1JR,L21M,14.047302
P20873_GAG_HV1JR,L21N,14.044556
P20873_GAG_HV1JR,L21P,14.051697
P20873_GAG_HV1JR,L21Q,14.000763
P20873_GAG_HV1JR,L21R,11.967468
P20873_GAG_HV1JR,L21S,13.947845
P20873_GAG_HV1JR,L21T,14.106171
P20873_GAG_HV1JR,L21V,8.824768
P20873_GAG_HV1JR,L21W,14.033051
P20873_GAG_HV1JR,L21Y,14.179321
P20873_GAG_HV1JR,R22A,13.637665
P20873_GAG_HV1JR,R22C,13.1285095
P20873_GAG_HV1JR,R22D,13.701752
P20873_GAG_HV1JR,R22E,13.670959
P20873_GAG_HV1JR,R22F,13.637756
P20873_GAG_HV1JR,R22G,9.358551
P20873_GAG_HV1JR,R22H,13.649445
P20873_GAG_HV1JR,R22I,13.695923
P20873_GAG_HV1JR,R22K,8.441559
P20873_GAG_HV1JR,R22L,11.886597
P20873_GAG_HV1JR,R22M,13.651062
P20873_GAG_HV1JR,R22N,13.624603
P20873_GAG_HV1JR,R22P,13.650696
P20873_GAG_HV1JR,R22Q,13.664459
P20873_GAG_HV1JR,R22S,9.049225
P20873_GAG_HV1JR,R22T,13.127899
P20873_GAG_HV1JR,R22V,13.645447
P20873_GAG_HV1JR,R22W,13.6562195
P20873_GAG_HV1JR,R22Y,13.706757
P20873_GAG_HV1JR,P23A,8.826904
P20873_GAG_HV1JR,P23C,13.784363
P20873_GAG_HV1JR,P23D,13.749756
P20873_GAG_HV1JR,P23E,13.794312
P20873_GAG_HV1JR,P23F,13.761322
P20873_GAG_HV1JR,P23G,13.679169
P20873_GAG_HV1JR,P23H,13.655151
P20873_GAG_HV1JR,P23I,13.748474
P20873_GAG_HV1JR,P23K,13.772003
P20873_GAG_HV1JR,P23L,11.924347
P20873_GAG_HV1JR,P23M,13.725555
P20873_GAG_HV1JR,P23N,13.83432
P20873_GAG_HV1JR,P23Q,8.199524
P20873_GAG_HV1JR,P23R,13.871857
P20873_GAG_HV1JR,P23S,11.845154
P20873_GAG_HV1JR,P23T,13.08017
P20873_GAG_HV1JR,P23V,13.746307
P20873_GAG_HV1JR,P23W,13.719299
P20873_GAG_HV1JR,P23Y,13.74411
P20873_GAG_HV1JR,G24A,10.359497
P20873_GAG_HV1JR,G24C,12.947968
P20873_GAG_HV1JR,G24D,11.723206
P20873_GAG_HV1JR,G24E,6.842621
P20873_GAG_HV1JR,G24F,12.913269
P20873_GAG_HV1JR,G24H,13.033417
P20873_GAG_HV1JR,G24I,12.960602
P20873_GAG_HV1JR,G24K,13.001709
P20873_GAG_HV1JR,G24L,13.056915
P20873_GAG_HV1JR,G24M,7.041107
P20873_GAG_HV1JR,G24N,12.917908
P20873_GAG_HV1JR,G24P,12.564667
P20873_GAG_HV1JR,G24Q,10.840973
P20873_GAG_HV1JR,G24R,10.922211
P20873_GAG_HV1JR,G24S,12.5047
P20873_GAG_HV1JR,G24T,12.913605
P20873_GAG_HV1JR,G24V,9.768524
P20873_GAG_HV1JR,G24W,12.89801
P20873_GAG_HV1JR,G24Y,13.012695
P20873_GAG_HV1JR,G25A,12.889404
P20873_GAG_HV1JR,G25C,12.99231
P20873_GAG_HV1JR,G25D,11.964996
P20873_GAG_HV1JR,G25E,8.204254
P20873_GAG_HV1JR,G25F,12.876953
P20873_GAG_HV1JR,G25H,11.315674
P20873_GAG_HV1JR,G25I,9.7933655
P20873_GAG_HV1JR,G25K,13.016907
P20873_GAG_HV1JR,G25L,11.192261
P20873_GAG_HV1JR,G25M,12.919495
P20873_GAG_HV1JR,G25N,10.864807
P20873_GAG_HV1JR,G25P,12.930054
P20873_GAG_HV1JR,G25Q,12.97287
P20873_GAG_HV1JR,G25R,9.364563
P20873_GAG_HV1JR,G25S,6.5919495
P20873_GAG_HV1JR,G25T,12.915375
P20873_GAG_HV1JR,G25V,11.4617
P20873_GAG_HV1JR,G25W,12.9375
P20873_GAG_HV1JR,G25Y,12.93277
P20873_GAG_HV1JR,K26A,9.971008
P20873_GAG_HV1JR,K26C,11.358551
P20873_GAG_HV1JR,K26D,11.314972
P20873_GAG_HV1JR,K26E,10.013153
P20873_GAG_HV1JR,K26F,11.318573
P20873_GAG_HV1JR,K26G,9.098267
P20873_GAG_HV1JR,K26H,8.094116
P20873_GAG_HV1JR,K26I,11.303711
P20873_GAG_HV1JR,K26L,9.579712
P20873_GAG_HV1JR,K26M,11.324097
P20873_GAG_HV1JR,K26N,4.270508
P20873_GAG_HV1JR,K26P,11.376801
P20873_GAG_HV1JR,K26Q,9.836365
P20873_GAG_HV1JR,K26R,3.2043457
P20873_GAG_HV1JR,K26S,4.581299
P20873_GAG_HV1JR,K26T,9.149445
P20873_GAG_HV1JR,K26V,11.31015
P20873_GAG_HV1JR,K26W,11.35907
P20873_GAG_HV1JR,K26Y,11.363556
P20873_GAG_HV1JR,K27A,10.506775
P20873_GAG_HV1JR,K27C,13.387817
P20873_GAG_HV1JR,K27D,11.26062
P20873_GAG_HV1JR,K27E,13.357117
P20873_GAG_HV1JR,K27F,13.312622
P20873_GAG_HV1JR,K27G,13.375153
P20873_GAG_HV1JR,K27H,13.439362
P20873_GAG_HV1JR,K27I,13.342407
P20873_GAG_HV1JR,K27L,13.259308
P20873_GAG_HV1JR,K27M,13.401245
P20873_GAG_HV1JR,K27N,10.314545
P20873_GAG_HV1JR,K27P,11.758545
P20873_GAG_HV1JR,K27Q,9.982513
P20873_GAG_HV1JR,K27R,8.59906
P20873_GAG_HV1JR,K27S,9.784515
P20873_GAG_HV1JR,K27T,10.065063
P20873_GAG_HV1JR,K27V,13.306946
P20873_GAG_HV1JR,K27W,13.322449
P20873_GAG_HV1JR,K27Y,13.381714
P20873_GAG_HV1JR,K28A,6.906067
P20873_GAG_HV1JR,K28C,6.379303
P20873_GAG_HV1JR,K28D,10.473511
P20873_GAG_HV1JR,K28E,7.9903564
P20873_GAG_HV1JR,K28F,10.525604
P20873_GAG_HV1JR,K28G,8.084961
P20873_GAG_HV1JR,K28H,6.9465637
P20873_GAG_HV1JR,K28I,10.52005
P20873_GAG_HV1JR,K28L,9.4808655
P20873_GAG_HV1JR,K28M,6.9318542
P20873_GAG_HV1JR,K28N,7.493866
P20873_GAG_HV1JR,K28P,10.553314
P20873_GAG_HV1JR,K28Q,2.2318115
P20873_GAG_HV1JR,K28R,2.1856995
P20873_GAG_HV1JR,K28S,6.130066
P20873_GAG_HV1JR,K28T,4.4538574
P20873_GAG_HV1JR,K28V,10.578003
P20873_GAG_HV1JR,K28W,10.449646
P20873_GAG_HV1JR,K28Y,10.549774
P20873_GAG_HV1JR,Y29A,13.4739685
P20873_GAG_HV1JR,Y29C,10.108307
P20873_GAG_HV1JR,Y29D,13.48407
P20873_GAG_HV1JR,Y29E,10.5065
P20873_GAG_HV1JR,Y29F,11.148773
P20873_GAG_HV1JR,Y29G,13.383606
P20873_GAG_HV1JR,Y29H,11.663666
P20873_GAG_HV1JR,Y29I,13.506653
P20873_GAG_HV1JR,Y29K,11.381256
P20873_GAG_HV1JR,Y29L,11.767059
P20873_GAG_HV1JR,Y29M,13.480072
P20873_GAG_HV1JR,Y29N,12.0242
P20873_GAG_HV1JR,Y29P,13.452698
P20873_GAG_HV1JR,Y29Q,11.458771
P20873_GAG_HV1JR,Y29R,10.845001
P20873_GAG_HV1JR,Y29S,11.304504
P20873_GAG_HV1JR,Y29T,10.433624
P20873_GAG_HV1JR,Y29V,13.465149
P20873_GAG_HV1JR,Y29W,13.483795
P20873_GAG_HV1JR,R30A,9.93335
P20873_GAG_HV1JR,R30C,9.856171
P20873_GAG_HV1JR,R30D,8.277954
P20873_GAG_HV1JR,R30E,8.137756
P20873_GAG_HV1JR,R30F,9.893524
P20873_GAG_HV1JR,R30G,7.025757
P20873_GAG_HV1JR,R30H,5.144623
P20873_GAG_HV1JR,R30I,9.503296
P20873_GAG_HV1JR,R30K,-0.1661377
P20873_GAG_HV1JR,R30L,7.839966
P20873_GAG_HV1JR,R30M,9.864319
P20873_GAG_HV1JR,R30N,8.567474
P20873_GAG_HV1JR,R30P,9.84436
P20873_GAG_HV1JR,R30Q,1.472168
P20873_GAG_HV1JR,R30S,6.2044067
P20873_GAG_HV1JR,R30T,8.485657
P20873_GAG_HV1JR,R30V,9.89917
P20873_GAG_HV1JR,R30W,8.989471
P20873_GAG_HV1JR,R30Y,9.887451
P20873_GAG_HV1JR,L31A,13.943268
P20873_GAG_HV1JR,L31C,13.858459
P20873_GAG_HV1JR,L31D,13.953369
P20873_GAG_HV1JR,L31E,13.417755
P20873_GAG_HV1JR,L31F,11.099518
P20873_GAG_HV1JR,L31G,13.932068
P20873_GAG_HV1JR,L31H,14.034454
P20873_GAG_HV1JR,L31I,9.731323
P20873_GAG_HV1JR,L31K,13.881073
P20873_GAG_HV1JR,L31M,13.757507
P20873_GAG_HV1JR,L31N,13.930267
P20873_GAG_HV1JR,L31P,10.841217
P20873_GAG_HV1JR,L31Q,13.872803
P20873_GAG_HV1JR,L31R,11.143616
P20873_GAG_HV1JR,L31S,12.57605
P20873_GAG_HV1JR,L31T,10.912872
P20873_GAG_HV1JR,L31V,13.963257
P20873_GAG_HV1JR,L31W,13.82901
P20873_GAG_HV1JR,L31Y,13.968414
P20873_GAG_HV1JR,K32A,10.513062
P20873_GAG_HV1JR,K32C,13.858368
P20873_GAG_HV1JR,K32D,13.860107
P20873_GAG_HV1JR,K32E,9.974945
P20873_GAG_HV1JR,K32F,13.848999
P20873_GAG_HV1JR,K32G,13.841064
P20873_GAG_HV1JR,K32H,12.240601
P20873_GAG_HV1JR,K32I,13.832855
P20873_GAG_HV1JR,K32L,13.75296
P20873_GAG_HV1JR,K32M,13.800903
P20873_GAG_HV1JR,K32N,12.229004
P20873_GAG_HV1JR,K32P,13.401245
P20873_GAG_HV1JR,K32Q,13.804352
P20873_GAG_HV1JR,K32R,9.64975
P20873_GAG_HV1JR,K32S,11.084259
P20873_GAG_HV1JR,K32T,13.5824585
P20873_GAG_HV1JR,K32V,13.847412
P20873_GAG_HV1JR,K32W,13.751556
P20873_GAG_HV1JR,K32Y,13.769318
P20873_GAG_HV1JR,H33A,13.96582
P20873_GAG_HV1JR,H33C,13.894318
P20873_GAG_HV1JR,H33D,13.862854
P20873_GAG_HV1JR,H33E,10.202362
P20873_GAG_HV1JR,H33F,13.846863
P20873_GAG_HV1JR,H33G,13.940674
P20873_GAG_HV1JR,H33I,13.876617
P20873_GAG_HV1JR,H33K,11.726013
P20873_GAG_HV1JR,H33L,10.485352
P20873_GAG_HV1JR,H33M,13.913147
P20873_GAG_HV1JR,H33N,13.826508
P20873_GAG_HV1JR,H33P,11.841766
P20873_GAG_HV1JR,H33Q,13.769501
P20873_GAG_HV1JR,H33R,10.290253
P20873_GAG_HV1JR,H33S,11.209869
P20873_GAG_HV1JR,H33T,13.888672
P20873_GAG_HV1JR,H33V,14.007751
P20873_GAG_HV1JR,H33W,13.866425
P20873_GAG_HV1JR,H33Y,13.723663
P20873_GAG_HV1JR,I34A,8.654358
P20873_GAG_HV1JR,I34C,10.999756
P20873_GAG_HV1JR,I34D,11.049255
P20873_GAG_HV1JR,I34E,11.041321
P20873_GAG_HV1JR,I34F,9.510315
P20873_GAG_HV1JR,I34G,10.942566
P20873_GAG_HV1JR,I34H,10.997955
P20873_GAG_HV1JR,I34K,10.953217
P20873_GAG_HV1JR,I34L,1.8016663
P20873_GAG_HV1JR,I34M,8.706299
P20873_GAG_HV1JR,I34N,10.663452
P20873_GAG_HV1JR,I34P,10.510071
P20873_GAG_HV1JR,I34Q,11.039703
P20873_GAG_HV1JR,I34R,11.025024
P20873_GAG_HV1JR,I34S,11.050964
P20873_GAG_HV1JR,I34T,9.609772
P20873_GAG_HV1JR,I34V,3.6588745
P20873_GAG_HV1JR,I34W,11.027649
P20873_GAG_HV1JR,I34Y,10.989075
P20873_GAG_HV1JR,V35A,9.486816
P20873_GAG_HV1JR,V35C,12.645508
P20873_GAG_HV1JR,V35D,12.625305
P20873_GAG_HV1JR,V35E,9.851196
P20873_GAG_HV1JR,V35F,12.710266
P20873_GAG_HV1JR,V35G,11.230896
P20873_GAG_HV1JR,V35H,12.6427
P20873_GAG_HV1JR,V35I,5.3739624
P20873_GAG_HV1JR,V35K,12.635254
P20873_GAG_HV1JR,V35L,9.180817
P20873_GAG_HV1JR,V35M,7.1251526
P20873_GAG_HV1JR,V35N,12.680847
P20873_GAG_HV1JR,V35P,12.746368
P20873_GAG_HV1JR,V35Q,12.57785
P20873_GAG_HV1JR,V35R,11.088745
P20873_GAG_HV1JR,V35S,12.643463
P20873_GAG_HV1JR,V35T,12.685059
P20873_GAG_HV1JR,V35W,12.578522
P20873_GAG_HV1JR,V35Y,12.657867
P20873_GAG_HV1JR,W36A,14.554108
P20873_GAG_HV1JR,W36C,14.529968
P20873_GAG_HV1JR,W36D,14.499054
P20873_GAG_HV1JR,W36E,14.492554
P20873_GAG_HV1JR,W36F,14.557648
P20873_GAG_HV1JR,W36G,9.711945
P20873_GAG_HV1JR,W36H,14.607269
P20873_GAG_HV1JR,W36I,14.516022
P20873_GAG_HV1JR,W36K,14.564514
P20873_GAG_HV1JR,W36L,14.55365
P20873_GAG_HV1JR,W36M,14.546265
P20873_GAG_HV1JR,W36N,14.539673
P20873_GAG_HV1JR,W36P,14.526398
P20873_GAG_HV1JR,W36Q,14.513397
P20873_GAG_HV1JR,W36R,14.5095215
P20873_GAG_HV1JR,W36S,11.596771
P20873_GAG_HV1JR,W36T,12.45636
P20873_GAG_HV1JR,W36V,14.635254
P20873_GAG_HV1JR,W36Y,14.56485
P20873_GAG_HV1JR,A37C,13.682251
P20873_GAG_HV1JR,A37D,13.661255
P20873_GAG_HV1JR,A37E,11.4939575
P20873_GAG_HV1JR,A37F,13.678925
P20873_GAG_HV1JR,A37G,11.946625
P20873_GAG_HV1JR,A37H,13.637451
P20873_GAG_HV1JR,A37I,11.645355
P20873_GAG_HV1JR,A37K,13.749664
P20873_GAG_HV1JR,A37L,12.0781555
P20873_GAG_HV1JR,A37M,13.099945
P20873_GAG_HV1JR,A37N,13.594025
P20873_GAG_HV1JR,A37P,13.708466
P20873_GAG_HV1JR,A37Q,13.652863
P20873_GAG_HV1JR,A37R,12.186707
P20873_GAG_HV1JR,A37S,13.625214
P20873_GAG_HV1JR,A37T,9.9982605
P20873_GAG_HV1JR,A37V,8.345917
P20873_GAG_HV1JR,A37W,13.674622
P20873_GAG_HV1JR,A37Y,13.701447
P20873_GAG_HV1JR,S38A,11.759949
P20873_GAG_HV1JR,S38C,11.771301
P20873_GAG_HV1JR,S38D,13.854462
P20873_GAG_HV1JR,S38E,14.00061
P20873_GAG_HV1JR,S38F,13.882721
P20873_GAG_HV1JR,S38G,8.427612
P20873_GAG_HV1JR,S38H,13.964172
P20873_GAG_HV1JR,S38I,13.936554
P20873_GAG_HV1JR,S38K,13.94455
P20873_GAG_HV1JR,S38L,13.880707
P20873_GAG_HV1JR,S38M,13.914398
P20873_GAG_HV1JR,S38N,12.308105
P20873_GAG_HV1JR,S38P,13.870972
P20873_GAG_HV1JR,S38Q,13.923462
P20873_GAG_HV1JR,S38R,10.072418
P20873_GAG_HV1JR,S38T,12.804352
P20873_GAG_HV1JR,S38V,13.853302
P20873_GAG_HV1JR,S38W,13.938416
P20873_GAG_HV1JR,S38Y,13.952423
P20873_GAG_HV1JR,R39A,13.065399
P20873_GAG_HV1JR,R39C,13.083374
P20873_GAG_HV1JR,R39D,11.218903
P20873_GAG_HV1JR,R39E,13.018005
P20873_GAG_HV1JR,R39F,13.064209
P20873_GAG_HV1JR,R39G,9.466309
P20873_GAG_HV1JR,R39H,12.149963
P20873_GAG_HV1JR,R39I,13.058044
P20873_GAG_HV1JR,R39K,6.717224
P20873_GAG_HV1JR,R39L,11.51236
P20873_GAG_HV1JR,R39M,13.083466
P20873_GAG_HV1JR,R39N,9.9505005
P20873_GAG_HV1JR,R39P,13.091858
P20873_GAG_HV1JR,R39Q,13.040497
P20873_GAG_HV1JR,R39S,9.200623
P20873_GAG_HV1JR,R39T,13.100159
P20873_GAG_HV1JR,R39V,13.002716
P20873_GAG_HV1JR,R39W,11.214661
P20873_GAG_HV1JR,R39Y,12.569702
P20873_GAG_HV1JR,E40A,12.900299
P20873_GAG_HV1JR,E40C,13.933655
P20873_GAG_HV1JR,E40D,13.9218445
P20873_GAG_HV1JR,E40F,13.948608
P20873_GAG_HV1JR,E40G,10.159058
P20873_GAG_HV1JR,E40H,14.003754
P20873_GAG_HV1JR,E40I,13.933411
P20873_GAG_HV1JR,E40K,10.851715
P20873_GAG_HV1JR,E40L,13.960754
P20873_GAG_HV1JR,E40M,13.940918
P20873_GAG_HV1JR,E40N,14.115662
P20873_GAG_HV1JR,E40P,13.985474
P20873_GAG_HV1JR,E40Q,14.023621
P20873_GAG_HV1JR,E40R,9.49411
P20873_GAG_HV1JR,E40S,14.019562
P20873_GAG_HV1JR,E40T,13.932953
P20873_GAG_HV1JR,E40V,11.830902
P20873_GAG_HV1JR,E40W,11.892151
P20873_GAG_HV1JR,E40Y,13.95871
P20873_GAG_HV1JR,L41A,14.208771
P20873_GAG_HV1JR,L41C,12.996765
P20873_GAG_HV1JR,L41D,14.134857
P20873_GAG_HV1JR,L41E,14.2126465
P20873_GAG_HV1JR,L41F,14.253021
P20873_GAG_HV1JR,L41G,12.13385
P20873_GAG_HV1JR,L41H,14.261505
P20873_GAG_HV1JR,L41I,14.156647
P20873_GAG_HV1JR,L41K,14.158264
P20873_GAG_HV1JR,L41M,14.252014
P20873_GAG_HV1JR,L41N,14.157349
P20873_GAG_HV1JR,L41P,14.24527
P20873_GAG_HV1JR,L41Q,14.23465
P20873_GAG_HV1JR,L41R,9.595764
P20873_GAG_HV1JR,L41S,14.154449
P20873_GAG_HV1JR,L41T,11.905518
P20873_GAG_HV1JR,L41V,10.259552
P20873_GAG_HV1JR,L41W,14.194458
P20873_GAG_HV1JR,L41Y,14.140564
P20873_GAG_HV1JR,E42A,13.201721
P20873_GAG_HV1JR,E42C,13.21875
P20873_GAG_HV1JR,E42D,7.007416
P20873_GAG_HV1JR,E42F,13.216461
P20873_GAG_HV1JR,E42G,10.22641
P20873_GAG_HV1JR,E42H,13.213196
P20873_GAG_HV1JR,E42I,13.169098
P20873_GAG_HV1JR,E42K,8.792847
P20873_GAG_HV1JR,E42L,13.328674
P20873_GAG_HV1JR,E42M,13.249359
P20873_GAG_HV1JR,E42N,13.202118
P20873_GAG_HV1JR,E42P,13.300812
P20873_GAG_HV1JR,E42Q,11.231201
P20873_GAG_HV1JR,E42R,11.550812
P20873_GAG_HV1JR,E42S,13.206665
P20873_GAG_HV1JR,E42T,9.229797
P20873_GAG_HV1JR,E42V,12.2211
P20873_GAG_HV1JR,E42W,13.285461
P20873_GAG_HV1JR,E42Y,13.220673
P20873_GAG_HV1JR,R43A,14.11676
P20873_GAG_HV1JR,R43C,14.073212
P20873_GAG_HV1JR,R43D,14.166016
P20873_GAG_HV1JR,R43E,14.096771
P20873_GAG_HV1JR,R43F,14.048401
P20873_GAG_HV1JR,R43G,14.046417
P20873_GAG_HV1JR,R43H,11.714661
P20873_GAG_HV1JR,R43I,14.1232605
P20873_GAG_HV1JR,R43K,11.304657
P20873_GAG_HV1JR,R43L,13.924866
P20873_GAG_HV1JR,R43M,14.11676
P20873_GAG_HV1JR,R43N,14.058899
P20873_GAG_HV1JR,R43P,12.972595
P20873_GAG_HV1JR,R43Q,7.7981567
P20873_GAG_HV1JR,R43S,14.093414
P20873_GAG_HV1JR,R43T,14.056549
P20873_GAG_HV1JR,R43V,14.042572
P20873_GAG_HV1JR,R43W,14.059448
P20873_GAG_HV1JR,R43Y,14.086151
P20873_GAG_HV1JR,F44A,13.217621
P20873_GAG_HV1JR,F44C,11.199768
P20873_GAG_HV1JR,F44D,13.313507
P20873_GAG_HV1JR,F44E,13.274597
P20873_GAG_HV1JR,F44G,13.227661
P20873_GAG_HV1JR,F44H,13.357574
P20873_GAG_HV1JR,F44I,13.298553
P20873_GAG_HV1JR,F44K,13.330017
P20873_GAG_HV1JR,F44L,8.089264
P20873_GAG_HV1JR,F44M,13.299866
P20873_GAG_HV1JR,F44N,13.275696
P20873_GAG_HV1JR,F44P,13.279266
P20873_GAG_HV1JR,F44Q,13.261658
P20873_GAG_HV1JR,F44R,13.284302
P20873_GAG_HV1JR,F44S,10.370514
P20873_GAG_HV1JR,F44T,12.319458
P20873_GAG_HV1JR,F44V,13.204407
P20873_GAG_HV1JR,F44W,12.7795105
P20873_GAG_HV1JR,F44Y,6.482666
P20873_GAG_HV1JR,A45C,13.75592
P20873_GAG_HV1JR,A45D,12.593262
P20873_GAG_HV1JR,A45E,13.728302
P20873_GAG_HV1JR,A45F,13.769348
P20873_GAG_HV1JR,A45G,13.772522
P20873_GAG_HV1JR,A45H,13.654266
P20873_GAG_HV1JR,A45I,13.768402
P20873_GAG_HV1JR,A45K,13.742065
P20873_GAG_HV1JR,A45L,13.7526245
P20873_GAG_HV1JR,A45M,13.786774
P20873_GAG_HV1JR,A45N,13.825623
P20873_GAG_HV1JR,A45P,9.215271
P20873_GAG_HV1JR,A45Q,13.76712
P20873_GAG_HV1JR,A45R,13.831818
P20873_GAG_HV1JR,A45S,7.2071533
P20873_GAG_HV1JR,A45T,12.902374
P20873_GAG_HV1JR,A45V,13.744263
P20873_GAG_HV1JR,A45W,13.732605
P20873_GAG_HV1JR,A45Y,13.748871
P20873_GAG_HV1JR,V46A,8.179718
P20873_GAG_HV1JR,V46C,9.362762
P20873_GAG_HV1JR,V46D,11.778748
P20873_GAG_HV1JR,V46E,11.658112
P20873_GAG_HV1JR,V46F,10.671417
P20873_GAG_HV1JR,V46G,11.761169
P20873_GAG_HV1JR,V46H,11.647522
P20873_GAG_HV1JR,V46I,3.629303
P20873_GAG_HV1JR,V46K,11.687256
P20873_GAG_HV1JR,V46L,3.5794678
P20873_GAG_HV1JR,V46M,11.731812
P20873_GAG_HV1JR,V46N,11.772217
P20873_GAG_HV1JR,V46P,11.070068
P20873_GAG_HV1JR,V46Q,11.717957
P20873_GAG_HV1JR,V46R,11.760345
P20873_GAG_HV1JR,V46S,11.678101
P20873_GAG_HV1JR,V46T,11.788116
P20873_GAG_HV1JR,V46W,11.64151
P20873_GAG_HV1JR,V46Y,11.699646
P20873_GAG_HV1JR,N47A,13.01712
P20873_GAG_HV1JR,N47C,13.046204
P20873_GAG_HV1JR,N47D,6.4301147
P20873_GAG_HV1JR,N47E,13.07901
P20873_GAG_HV1JR,N47F,13.047119
P20873_GAG_HV1JR,N47G,13.0607605
P20873_GAG_HV1JR,N47H,11.621948
P20873_GAG_HV1JR,N47I,13.130646
P20873_GAG_HV1JR,N47K,9.710419
P20873_GAG_HV1JR,N47L,13.014496
P20873_GAG_HV1JR,N47M,13.012207
P20873_GAG_HV1JR,N47P,13.12085
P20873_GAG_HV1JR,N47Q,12.553864
P20873_GAG_HV1JR,N47R,9.521423
P20873_GAG_HV1JR,N47S,9.253265
P20873_GAG_HV1JR,N47T,10.047455
P20873_GAG_HV1JR,N47V,13.096252
P20873_GAG_HV1JR,N47W,13.076813
P20873_GAG_HV1JR,N47Y,9.969269
P20873_GAG_HV1JR,P48A,10.151245
P20873_GAG_HV1JR,P48C,13.427765
P20873_GAG_HV1JR,P48D,13.422302
P20873_GAG_HV1JR,P48E,13.460175
P20873_GAG_HV1JR,P48F,13.476166
P20873_GAG_HV1JR,P48G,13.352722
P20873_GAG_HV1JR,P48H,13.458374
P20873_GAG_HV1JR,P48I,13.394867
P20873_GAG_HV1JR,P48K,13.417664
P20873_GAG_HV1JR,P48L,10.277008
P20873_GAG_HV1JR,P48M,13.393951
P20873_GAG_HV1JR,P48N,13.338165
P20873_GAG_HV1JR,P48Q,13.475067
P20873_GAG_HV1JR,P48R,13.401306
P20873_GAG_HV1JR,P48S,6.8311157
P20873_GAG_HV1JR,P48T,9.14975
P20873_GAG_HV1JR,P48V,13.415863
P20873_GAG_HV1JR,P48W,13.392059
P20873_GAG_HV1JR,P48Y,13.412567
P20873_GAG_HV1JR,G49A,6.719757
P20873_GAG_HV1JR,G49C,9.471954
P20873_GAG_HV1JR,G49D,8.652252
P20873_GAG_HV1JR,G49E,12.163849
P20873_GAG_HV1JR,G49F,12.030304
P20873_GAG_HV1JR,G49H,12.051453
P20873_GAG_HV1JR,G49I,11.677399
P20873_GAG_HV1JR,G49K,12.039673
P20873_GAG_HV1JR,G49L,12.168854
P20873_GAG_HV1JR,G49M,12.097473
P20873_GAG_HV1JR,G49N,8.2344055
P20873_GAG_HV1JR,G49P,12.091858
P20873_GAG_HV1JR,G49Q,11.3324585
P20873_GAG_HV1JR,G49R,12.108612
P20873_GAG_HV1JR,G49S,4.1452026
P20873_GAG_HV1JR,G49T,12.039795
P20873_GAG_HV1JR,G49V,9.694214
P20873_GAG_HV1JR,G49W,12.038696
P20873_GAG_HV1JR,G49Y,12.177002
P20873_GAG_HV1JR,L50A,14.141296
P20873_GAG_HV1JR,L50C,14.214447
P20873_GAG_HV1JR,L50D,14.188904
P20873_GAG_HV1JR,L50E,13.009552
P20873_GAG_HV1JR,L50F,11.591553
P20873_GAG_HV1JR,L50G,14.185059
P20873_GAG_HV1JR,L50H,14.102509
P20873_GAG_HV1JR,L50I,14.166901
P20873_GAG_HV1JR,L50K,14.184998
P20873_GAG_HV1JR,L50M,14.179047
P20873_GAG_HV1JR,L50N,14.187164
P20873_GAG_HV1JR,L50P,9.358459
P20873_GAG_HV1JR,L50Q,14.1041565
P20873_GAG_HV1JR,L50R,9.653748
P20873_GAG_HV1JR,L50S,14.218323
P20873_GAG_HV1JR,L50T,14.152924
P20873_GAG_HV1JR,L50V,13.480713
P20873_GAG_HV1JR,L50W,14.088074
P20873_GAG_HV1JR,L50Y,14.122772
P20873_GAG_HV1JR,L51A,13.012451
P20873_GAG_HV1JR,L51C,13.000519
P20873_GAG_HV1JR,L51D,13.017456
P20873_GAG_HV1JR,L51E,13.0104065
P20873_GAG_HV1JR,L51F,11.591248
P20873_GAG_HV1JR,L51G,9.447357
P20873_GAG_HV1JR,L51H,13.128723
P20873_GAG_HV1JR,L51I,6.774414
P20873_GAG_HV1JR,L51K,13.006714
P20873_GAG_HV1JR,L51M,7.1765747
P20873_GAG_HV1JR,L51N,12.987152
P20873_GAG_HV1JR,L51P,13.018768
P20873_GAG_HV1JR,L51Q,13.013947
P20873_GAG_HV1JR,L51R,12.978973
P20873_GAG_HV1JR,L51S,13.014404
P20873_GAG_HV1JR,L51T,13.068451
P20873_GAG_HV1JR,L51V,8.509766
P20873_GAG_HV1JR,L51W,12.928925
P20873_GAG_HV1JR,L51Y,12.990997
P20873_GAG_HV1JR,E52A,12.170868
P20873_GAG_HV1JR,E52C,13.637604
P20873_GAG_HV1JR,E52D,13.739746
P20873_GAG_HV1JR,E52F,13.074768
P20873_GAG_HV1JR,E52G,9.253754
P20873_GAG_HV1JR,E52H,13.5563965
P20873_GAG_HV1JR,E52I,13.649719
P20873_GAG_HV1JR,E52K,7.286072
P20873_GAG_HV1JR,E52L,13.675262
P20873_GAG_HV1JR,E52M,13.738007
P20873_GAG_HV1JR,E52N,13.730652
P20873_GAG_HV1JR,E52P,13.138062
P20873_GAG_HV1JR,E52Q,13.0815735
P20873_GAG_HV1JR,E52R,13.656769
P20873_GAG_HV1JR,E52S,13.652496
P20873_GAG_HV1JR,E52T,13.684265
P20873_GAG_HV1JR,E52V,13.723114
P20873_GAG_HV1JR,E52W,13.6640625
P20873_GAG_HV1JR,E52Y,13.709473
P20873_GAG_HV1JR,S53A,4.573456
P20873_GAG_HV1JR,S53C,8.198395
P20873_GAG_HV1JR,S53D,8.240509
P20873_GAG_HV1JR,S53E,8.253418
P20873_GAG_HV1JR,S53F,8.25235
P20873_GAG_HV1JR,S53G,8.263214
P20873_GAG_HV1JR,S53H,8.258545
P20873_GAG_HV1JR,S53I,8.265411
P20873_GAG_HV1JR,S53K,8.226074
P20873_GAG_HV1JR,S53L,7.327057
P20873_GAG_HV1JR,S53M,8.144104
P20873_GAG_HV1JR,S53N,3.9822083
P20873_GAG_HV1JR,S53P,8.202759
P20873_GAG_HV1JR,S53Q,8.180969
P20873_GAG_HV1JR,S53R,8.16626
P20873_GAG_HV1JR,S53T,-4.619232
P20873_GAG_HV1JR,S53V,8.167999
P20873_GAG_HV1JR,S53W,8.2388
P20873_GAG_HV1JR,S53Y,8.272095
P20873_GAG_HV1JR,S54A,1.809967
P20873_GAG_HV1JR,S54C,10.804962
P20873_GAG_HV1JR,S54D,10.84491
P20873_GAG_HV1JR,S54E,7.211853
P20873_GAG_HV1JR,S54F,10.823059
P20873_GAG_HV1JR,S54G,5.5258484
P20873_GAG_HV1JR,S54H,10.839172
P20873_GAG_HV1JR,S54I,10.804047
P20873_GAG_HV1JR,S54K,10.9357605
P20873_GAG_HV1JR,S54L,8.08786
P20873_GAG_HV1JR,S54M,9.688721
P20873_GAG_HV1JR,S54N,10.943024
P20873_GAG_HV1JR,S54P,4.6516724
P20873_GAG_HV1JR,S54Q,9.601746
P20873_GAG_HV1JR,S54R,10.833252
P20873_GAG_HV1JR,S54T,3.845459
P20873_GAG_HV1JR,S54V,8.086212
P20873_GAG_HV1JR,S54W,10.943451
P20873_GAG_HV1JR,S54Y,10.8078
P20873_GAG_HV1JR,E55A,4.2804565
P20873_GAG_HV1JR,E55C,10.797546
P20873_GAG_HV1JR,E55D,3.1857605
P20873_GAG_HV1JR,E55F,10.805115
P20873_GAG_HV1JR,E55G,2.8973083
P20873_GAG_HV1JR,E55H,10.782959
P20873_GAG_HV1JR,E55I,8.222412
P20873_GAG_HV1JR,E55K,5.469269
P20873_GAG_HV1JR,E55L,8.698975
P20873_GAG_HV1JR,E55M,10.750458
P20873_GAG_HV1JR,E55N,7.686371
P20873_GAG_HV1JR,E55P,10.766113
P20873_GAG_HV1JR,E55Q,5.8072205
P20873_GAG_HV1JR,E55R,10.879517
P20873_GAG_HV1JR,E55S,6.503723
P20873_GAG_HV1JR,E55T,6.5605164
P20873_GAG_HV1JR,E55V,6.9231567
P20873_GAG_HV1JR,E55W,10.790375
P20873_GAG_HV1JR,E55Y,10.758148
P20873_GAG_HV1JR,G56A,15.2057495
P20873_GAG_HV1JR,G56C,15.243713
P20873_GAG_HV1JR,G56D,14.53302
P20873_GAG_HV1JR,G56E,15.146698
P20873_GAG_HV1JR,G56F,15.272461
P20873_GAG_HV1JR,G56H,15.253662
P20873_GAG_HV1JR,G56I,15.286652
P20873_GAG_HV1JR,G56K,15.247253
P20873_GAG_HV1JR,G56L,15.209869
P20873_GAG_HV1JR,G56M,15.276154
P20873_GAG_HV1JR,G56N,15.279999
P20873_GAG_HV1JR,G56P,15.256165
P20873_GAG_HV1JR,G56Q,15.277557
P20873_GAG_HV1JR,G56R,15.232147
P20873_GAG_HV1JR,G56S,12.711548
P20873_GAG_HV1JR,G56T,15.198853
P20873_GAG_HV1JR,G56V,12.626068
P20873_GAG_HV1JR,G56W,15.356964
P20873_GAG_HV1JR,G56Y,15.267975
P20873_GAG_HV1JR,C57A,14.359497
P20873_GAG_HV1JR,C57D,14.341797
P20873_GAG_HV1JR,C57E,14.395447
P20873_GAG_HV1JR,C57F,14.451416
P20873_GAG_HV1JR,C57G,14.438416
P20873_GAG_HV1JR,C57H,14.3437195
P20873_GAG_HV1JR,C57I,13.708099
P20873_GAG_HV1JR,C57K,14.373566
P20873_GAG_HV1JR,C57L,14.319458
P20873_GAG_HV1JR,C57M,14.375397
P20873_GAG_HV1JR,C57N,14.318848
P20873_GAG_HV1JR,C57P,14.399109
P20873_GAG_HV1JR,C57Q,14.380524
P20873_GAG_HV1JR,C57R,10.236725
P20873_GAG_HV1JR,C57S,10.106903
P20873_GAG_HV1JR,C57T,13.719757
P20873_GAG_HV1JR,C57V,14.384308
P20873_GAG_HV1JR,C57W,12.598511
P20873_GAG_HV1JR,C57Y,14.3471985
P20873_GAG_HV1JR,R58A,11.569122
P20873_GAG_HV1JR,R58C,11.66861
P20873_GAG_HV1JR,R58D,11.639954
P20873_GAG_HV1JR,R58E,9.0672
P20873_GAG_HV1JR,R58F,11.71167
P20873_GAG_HV1JR,R58G,7.536072
P20873_GAG_HV1JR,R58H,11.701172
P20873_GAG_HV1JR,R58I,7.409546
P20873_GAG_HV1JR,R58K,2.763214
P20873_GAG_HV1JR,R58L,11.70816
P20873_GAG_HV1JR,R58M,11.700867
P20873_GAG_HV1JR,R58N,11.581696
P20873_GAG_HV1JR,R58P,11.733002
P20873_GAG_HV1JR,R58Q,7.6342163
P20873_GAG_HV1JR,R58S,8.647308
P20873_GAG_HV1JR,R58T,11.600708
P20873_GAG_HV1JR,R58V,11.669464
P20873_GAG_HV1JR,R58W,11.619659
P20873_GAG_HV1JR,R58Y,11.603821
P20873_GAG_HV1JR,Q59A,7.958252
P20873_GAG_HV1JR,Q59C,11.784668
P20873_GAG_HV1JR,Q59D,10.204773
P20873_GAG_HV1JR,Q59E,7.1895447
P20873_GAG_HV1JR,Q59F,11.851807
P20873_GAG_HV1JR,Q59G,11.953461
P20873_GAG_HV1JR,Q59H,10.463623
P20873_GAG_HV1JR,Q59I,11.848145
P20873_GAG_HV1JR,Q59K,4.0354614
P20873_GAG_HV1JR,Q59L,10.784515
P20873_GAG_HV1JR,Q59M,11.866516
P20873_GAG_HV1JR,Q59N,11.273621
P20873_GAG_HV1JR,Q59P,10.299011
P20873_GAG_HV1JR,Q59R,5.7101746
P20873_GAG_HV1JR,Q59S,9.32135
P20873_GAG_HV1JR,Q59T,11.930756
P20873_GAG_HV1JR,Q59V,11.884216
P20873_GAG_HV1JR,Q59W,11.919952
P20873_GAG_HV1JR,Q59Y,11.902496
P20873_GAG_HV1JR,I60A,14.061859
P20873_GAG_HV1JR,I60C,13.985718
P20873_GAG_HV1JR,I60D,14.019348
P20873_GAG_HV1JR,I60E,13.941895
P20873_GAG_HV1JR,I60F,14.036407
P20873_GAG_HV1JR,I60G,13.981567
P20873_GAG_HV1JR,I60H,13.971252
P20873_GAG_HV1JR,I60K,14.0448
P20873_GAG_HV1JR,I60L,8.084595
P20873_GAG_HV1JR,I60M,10.576904
P20873_GAG_HV1JR,I60N,14.107819
P20873_GAG_HV1JR,I60P,13.889801
P20873_GAG_HV1JR,I60Q,13.944275
P20873_GAG_HV1JR,I60R,13.977112
P20873_GAG_HV1JR,I60S,13.988403
P20873_GAG_HV1JR,I60T,14.058014
P20873_GAG_HV1JR,I60V,11.603973
P20873_GAG_HV1JR,I60W,13.981323
P20873_GAG_HV1JR,I60Y,13.38916
P20873_GAG_HV1JR,L61A,12.078522
P20873_GAG_HV1JR,L61C,12.101318
P20873_GAG_HV1JR,L61D,12.132202
P20873_GAG_HV1JR,L61E,12.194946
P20873_GAG_HV1JR,L61F,12.006165
P20873_GAG_HV1JR,L61G,12.093018
P20873_GAG_HV1JR,L61H,12.086151
P20873_GAG_HV1JR,L61I,3.7192078
P20873_GAG_HV1JR,L61K,12.103973
P20873_GAG_HV1JR,L61M,4.4222717
P20873_GAG_HV1JR,L61N,11.729553
P20873_GAG_HV1JR,L61P,12.090759
P20873_GAG_HV1JR,L61Q,11.995972
P20873_GAG_HV1JR,L61R,12.0711975
P20873_GAG_HV1JR,L61S,12.063202
P20873_GAG_HV1JR,L61T,12.038361
P20873_GAG_HV1JR,L61V,11.611298
P20873_GAG_HV1JR,L61W,11.073059
P20873_GAG_HV1JR,L61Y,12.047821
P20873_GAG_HV1JR,G62A,3.2851562
P20873_GAG_HV1JR,G62C,10.102875
P20873_GAG_HV1JR,G62D,8.114471
P20873_GAG_HV1JR,G62E,1.4328613
P20873_GAG_HV1JR,G62F,10.03537
P20873_GAG_HV1JR,G62H,10.072754
P20873_GAG_HV1JR,G62I,4.383606
P20873_GAG_HV1JR,G62K,4.169098
P20873_GAG_HV1JR,G62L,5.8440247
P20873_GAG_HV1JR,G62M,9.451508
P20873_GAG_HV1JR,G62N,6.6046143
P20873_GAG_HV1JR,G62P,10.083557
P20873_GAG_HV1JR,G62Q,4.1896667
P20873_GAG_HV1JR,G62R,3.3007202
P20873_GAG_HV1JR,G62S,5.587311
P20873_GAG_HV1JR,G62T,5.2179565
P20873_GAG_HV1JR,G62V,3.8176575
P20873_GAG_HV1JR,G62W,8.558746
P20873_GAG_HV1JR,G62Y,9.189667
P20873_GAG_HV1JR,Q63A,7.5855103
P20873_GAG_HV1JR,Q63C,12.726624
P20873_GAG_HV1JR,Q63D,12.761749
P20873_GAG_HV1JR,Q63E,12.704254
P20873_GAG_HV1JR,Q63F,12.71582
P20873_GAG_HV1JR,Q63G,12.681274
P20873_GAG_HV1JR,Q63H,6.6585693
P20873_GAG_HV1JR,Q63I,12.664124
P20873_GAG_HV1JR,Q63K,10.70697
P20873_GAG_HV1JR,Q63L,10.079651
P20873_GAG_HV1JR,Q63M,12.692749
P20873_GAG_HV1JR,Q63N,12.628601
P20873_GAG_HV1JR,Q63P,10.922455
P20873_GAG_HV1JR,Q63R,9.482849
P20873_GAG_HV1JR,Q63S,8.317505
P20873_GAG_HV1JR,Q63T,10.706848
P20873_GAG_HV1JR,Q63V,10.705719
P20873_GAG_HV1JR,Q63W,12.106598
P20873_GAG_HV1JR,Q63Y,12.702515
P20873_GAG_HV1JR,L64A,13.169495
P20873_GAG_HV1JR,L64C,13.150452
P20873_GAG_HV1JR,L64D,13.158661
P20873_GAG_HV1JR,L64E,13.102753
P20873_GAG_HV1JR,L64F,8.776367
P20873_GAG_HV1JR,L64G,13.107117
P20873_GAG_HV1JR,L64H,13.183563
P20873_GAG_HV1JR,L64I,5.7857666
P20873_GAG_HV1JR,L64K,12.660645
P20873_GAG_HV1JR,L64M,11.109924
P20873_GAG_HV1JR,L64N,13.18396
P20873_GAG_HV1JR,L64P,13.124603
P20873_GAG_HV1JR,L64Q,13.205109
P20873_GAG_HV1JR,L64R,13.063446
P20873_GAG_HV1JR,L64S,13.195953
P20873_GAG_HV1JR,L64T,13.053772
P20873_GAG_HV1JR,L64V,11.514923
P20873_GAG_HV1JR,L64W,13.210571
P20873_GAG_HV1JR,L64Y,13.148651
P20873_GAG_HV1JR,Q65A,12.266449
P20873_GAG_HV1JR,Q65C,12.2274475
P20873_GAG_HV1JR,Q65D,12.204468
P20873_GAG_HV1JR,Q65E,8.948761
P20873_GAG_HV1JR,Q65F,12.23056
P20873_GAG_HV1JR,Q65G,12.239746
P20873_GAG_HV1JR,Q65H,4.3338013
P20873_GAG_HV1JR,Q65I,12.261475
P20873_GAG_HV1JR,Q65K,10.599518
P20873_GAG_HV1JR,Q65L,12.259247
P20873_GAG_HV1JR,Q65M,12.268707
P20873_GAG_HV1JR,Q65N,11.433197
P20873_GAG_HV1JR,Q65P,8.900116
P20873_GAG_HV1JR,Q65R,7.853821
P20873_GAG_HV1JR,Q65S,12.22522
P20873_GAG_HV1JR,Q65T,9.096649
P20873_GAG_HV1JR,Q65V,12.30072
P20873_GAG_HV1JR,Q65W,12.214722
P20873_GAG_HV1JR,Q65Y,11.079895
P20873_GAG_HV1JR,P66A,9.631866
P20873_GAG_HV1JR,P66C,12.761047
P20873_GAG_HV1JR,P66D,12.730164
P20873_GAG_HV1JR,P66E,12.741608
P20873_GAG_HV1JR,P66F,12.610321
P20873_GAG_HV1JR,P66G,12.712006
P20873_GAG_HV1JR,P66H,12.77536
P20873_GAG_HV1JR,P66I,12.725555
P20873_GAG_HV1JR,P66K,12.741699
P20873_GAG_HV1JR,P66L,10.260559
P20873_GAG_HV1JR,P66M,12.812866
P20873_GAG_HV1JR,P66N,12.226868
P20873_GAG_HV1JR,P66Q,12.656311
P20873_GAG_HV1JR,P66R,12.623474
P20873_GAG_HV1JR,P66S,4.6242676
P20873_GAG_HV1JR,P66T,12.673157
P20873_GAG_HV1JR,P66V,12.769653
P20873_GAG_HV1JR,P66W,12.308258
P20873_GAG_HV1JR,P66Y,12.744812
P20873_GAG_HV1JR,S67A,1.0167236
P20873_GAG_HV1JR,S67C,8.722046
P20873_GAG_HV1JR,S67D,10.854614
P20873_GAG_HV1JR,S67E,10.778961
P20873_GAG_HV1JR,S67F,8.068573
P20873_GAG_HV1JR,S67G,9.932373
P20873_GAG_HV1JR,S67H,10.874908
P20873_GAG_HV1JR,S67I,10.9002075
P20873_GAG_HV1JR,S67K,10.802551
P20873_GAG_HV1JR,S67L,8.59317
P20873_GAG_HV1JR,S67M,10.54895
P20873_GAG_HV1JR,S67N,9.2344055
P20873_GAG_HV1JR,S67P,7.215515
P20873_GAG_HV1JR,S67Q,10.853851
P20873_GAG_HV1JR,S67R,10.851746
P20873_GAG_HV1JR,S67T,4.992157
P20873_GAG_HV1JR,S67V,7.9629517
P20873_GAG_HV1JR,S67W,10.808746
P20873_GAG_HV1JR,S67Y,10.829468
P20873_GAG_HV1JR,L68A,12.8446045
P20873_GAG_HV1JR,L68C,12.861816
P20873_GAG_HV1JR,L68D,12.801666
P20873_GAG_HV1JR,L68E,12.852356
P20873_GAG_HV1JR,L68F,9.688263
P20873_GAG_HV1JR,L68G,12.835724
P20873_GAG_HV1JR,L68H,11.526703
P20873_GAG_HV1JR,L68I,4.7387085
P20873_GAG_HV1JR,L68K,12.865204
P20873_GAG_HV1JR,L68M,10.9470215
P20873_GAG_HV1JR,L68N,12.743652
P20873_GAG_HV1JR,L68P,12.339294
P20873_GAG_HV1JR,L68Q,12.812103
P20873_GAG_HV1JR,L68R,12.839569
P20873_GAG_HV1JR,L68S,12.385773
P20873_GAG_HV1JR,L68T,12.853516
P20873_GAG_HV1JR,L68V,12.404968
P20873_GAG_HV1JR,L68W,12.812195
P20873_GAG_HV1JR,L68Y,12.762756
P20873_GAG_HV1JR,K69A,7.780304
P20873_GAG_HV1JR,K69C,7.7827454
P20873_GAG_HV1JR,K69D,5.6096497
P20873_GAG_HV1JR,K69E,2.083496
P20873_GAG_HV1JR,K69F,7.821747
P20873_GAG_HV1JR,K69G,5.238861
P20873_GAG_HV1JR,K69H,4.233612
P20873_GAG_HV1JR,K69I,7.7387695
P20873_GAG_HV1JR,K69L,4.5321045
P20873_GAG_HV1JR,K69M,7.7875977
P20873_GAG_HV1JR,K69N,3.1837158
P20873_GAG_HV1JR,K69P,1.0231018
P20873_GAG_HV1JR,K69Q,-3.431244
P20873_GAG_HV1JR,K69R,1.0848083
P20873_GAG_HV1JR,K69S,6.326111
P20873_GAG_HV1JR,K69T,7.845703
P20873_GAG_HV1JR,K69V,7.7430115
P20873_GAG_HV1JR,K69W,7.725464
P20873_GAG_HV1JR,K69Y,5.9233704
P20873_GAG_HV1JR,T70A,8.074524
P20873_GAG_HV1JR,T70C,13.0841675
P20873_GAG_HV1JR,T70D,13.111572
P20873_GAG_HV1JR,T70E,13.170807
P20873_GAG_HV1JR,T70F,13.016998
P20873_GAG_HV1JR,T70G,13.063965
P20873_GAG_HV1JR,T70H,13.179504
P20873_GAG_HV1JR,T70I,9.3203125
P20873_GAG_HV1JR,T70K,12.937958
P20873_GAG_HV1JR,T70L,13.089661
P20873_GAG_HV1JR,T70M,13.023254
P20873_GAG_HV1JR,T70N,8.23996
P20873_GAG_HV1JR,T70P,11.60907
P20873_GAG_HV1JR,T70Q,12.606598
P20873_GAG_HV1JR,T70R,13.058105
P20873_GAG_HV1JR,T70S,10.050659
P20873_GAG_HV1JR,T70V,8.314697
P20873_GAG_HV1JR,T70W,13.09787
P20873_GAG_HV1JR,T70Y,13.09375
P20873_GAG_HV1JR,G71A,9.126099
P20873_GAG_HV1JR,G71C,14.272247
P20873_GAG_HV1JR,G71D,14.308472
P20873_GAG_HV1JR,G71E,14.2258
P20873_GAG_HV1JR,G71F,14.269653
P20873_GAG_HV1JR,G71H,14.325165
P20873_GAG_HV1JR,G71I,14.255157
P20873_GAG_HV1JR,G71K,13.663025
P20873_GAG_HV1JR,G71L,14.248199
P20873_GAG_HV1JR,G71M,13.607849
P20873_GAG_HV1JR,G71N,14.281464
P20873_GAG_HV1JR,G71P,14.191406
P20873_GAG_HV1JR,G71Q,14.376465
P20873_GAG_HV1JR,G71R,13.86795
P20873_GAG_HV1JR,G71S,9.99765
P20873_GAG_HV1JR,G71T,14.273407
P20873_GAG_HV1JR,G71V,14.231598
P20873_GAG_HV1JR,G71W,14.267059
P20873_GAG_HV1JR,G71Y,14.225616
P20873_GAG_HV1JR,S72A,10.444946
P20873_GAG_HV1JR,S72C,12.8680725
P20873_GAG_HV1JR,S72D,12.936768
P20873_GAG_HV1JR,S72E,12.933624
P20873_GAG_HV1JR,S72F,12.938416
P20873_GAG_HV1JR,S72G,12.919617
P20873_GAG_HV1JR,S72H,12.477264
P20873_GAG_HV1JR,S72I,12.865051
P20873_GAG_HV1JR,S72K,12.867371
P20873_GAG_HV1JR,S72L,11.493469
P20873_GAG_HV1JR,S72M,12.954163
P20873_GAG_HV1JR,S72N,12.873657
P20873_GAG_HV1JR,S72P,10.277954
P20873_GAG_HV1JR,S72Q,12.90155
P20873_GAG_HV1JR,S72R,12.861267
P20873_GAG_HV1JR,S72T,4.9081726
P20873_GAG_HV1JR,S72V,12.526947
P20873_GAG_HV1JR,S72W,12.897003
P20873_GAG_HV1JR,S72Y,12.874512
P20873_GAG_HV1JR,E73A,10.586945
P20873_GAG_HV1JR,E73C,13.551514
P20873_GAG_HV1JR,E73D,10.448364
P20873_GAG_HV1JR,E73F,13.535553
P20873_GAG_HV1JR,E73G,10.043823
P20873_GAG_HV1JR,E73H,13.54776
P20873_GAG_HV1JR,E73I,13.585968
P20873_GAG_HV1JR,E73K,8.585754
P20873_GAG_HV1JR,E73L,13.573975
P20873_GAG_HV1JR,E73M,13.594208
P20873_GAG_HV1JR,E73N,13.511322
P20873_GAG_HV1JR,E73P,13.609863
P20873_GAG_HV1JR,E73Q,11.494507
P20873_GAG_HV1JR,E73R,13.643768
P20873_GAG_HV1JR,E73S,13.600464
P20873_GAG_HV1JR,E73T,13.567566
P20873_GAG_HV1JR,E73V,10.415253
P20873_GAG_HV1JR,E73W,13.613251
P20873_GAG_HV1JR,E73Y,13.563995
P20873_GAG_HV1JR,E74A,9.046295
P20873_GAG_HV1JR,E74C,12.980957
P20873_GAG_HV1JR,E74D,8.1041565
P20873_GAG_HV1JR,E74F,12.976349
P20873_GAG_HV1JR,E74G,6.5674744
P20873_GAG_HV1JR,E74H,12.869324
P20873_GAG_HV1JR,E74I,12.981445
P20873_GAG_HV1JR,E74K,8.354218
P20873_GAG_HV1JR,E74L,12.919861
P20873_GAG_HV1JR,E74M,12.932098
P20873_GAG_HV1JR,E74N,13.019348
P20873_GAG_HV1JR,E74P,12.9600525
P20873_GAG_HV1JR,E74Q,12.477173
P20873_GAG_HV1JR,E74R,12.928772
P20873_GAG_HV1JR,E74S,13.015411
P20873_GAG_HV1JR,E74T,12.9422
P20873_GAG_HV1JR,E74V,11.0373535
P20873_GAG_HV1JR,E74W,12.97345
P20873_GAG_HV1JR,E74Y,12.93396
P20873_GAG_HV1JR,L75A,11.643707
P20873_GAG_HV1JR,L75C,11.601166
P20873_GAG_HV1JR,L75D,11.593658
P20873_GAG_HV1JR,L75E,11.648956
P20873_GAG_HV1JR,L75F,4.291046
P20873_GAG_HV1JR,L75G,11.606995
P20873_GAG_HV1JR,L75H,11.64032
P20873_GAG_HV1JR,L75I,3.6374512
P20873_GAG_HV1JR,L75K,11.673553
P20873_GAG_HV1JR,L75M,10.002747
P20873_GAG_HV1JR,L75N,11.639404
P20873_GAG_HV1JR,L75P,11.631073
P20873_GAG_HV1JR,L75Q,11.667816
P20873_GAG_HV1JR,L75R,7.2703247
P20873_GAG_HV1JR,L75S,11.679016
P20873_GAG_HV1JR,L75T,11.606567
P20873_GAG_HV1JR,L75V,6.8608093
P20873_GAG_HV1JR,L75W,11.598145
P20873_GAG_HV1JR,L75Y,10.065552
P20873_GAG_HV1JR,T76A,4.640167
P20873_GAG_HV1JR,T76C,4.3296204
P20873_GAG_HV1JR,T76D,4.604309
P20873_GAG_HV1JR,T76E,4.6885986
P20873_GAG_HV1JR,T76F,4.6054993
P20873_GAG_HV1JR,T76G,3.018097
P20873_GAG_HV1JR,T76H,4.612549
P20873_GAG_HV1JR,T76I,2.0376587
P20873_GAG_HV1JR,T76K,-6.048004
P20873_GAG_HV1JR,T76L,4.6349487
P20873_GAG_HV1JR,T76M,3.205902
P20873_GAG_HV1JR,T76N,2.888153
P20873_GAG_HV1JR,T76P,4.7046204
P20873_GAG_HV1JR,T76Q,-0.9519348
P20873_GAG_HV1JR,T76R,-5.621399
P20873_GAG_HV1JR,T76S,4.6986694
P20873_GAG_HV1JR,T76V,4.631073
P20873_GAG_HV1JR,T76W,4.63855
P20873_GAG_HV1JR,T76Y,4.617401
P20873_GAG_HV1JR,S77A,8.991852
P20873_GAG_HV1JR,S77C,14.590363
P20873_GAG_HV1JR,S77D,14.599304
P20873_GAG_HV1JR,S77E,14.58316
P20873_GAG_HV1JR,S77F,14.733459
P20873_GAG_HV1JR,S77G,14.69455
P20873_GAG_HV1JR,S77H,14.645355
P20873_GAG_HV1JR,S77I,14.7126465
P20873_GAG_HV1JR,S77K,13.974152
P20873_GAG_HV1JR,S77L,14.578949
P20873_GAG_HV1JR,S77M,14.69577
P20873_GAG_HV1JR,S77N,14.705566
P20873_GAG_HV1JR,S77P,14.675873
P20873_GAG_HV1JR,S77Q,14.669647
P20873_GAG_HV1JR,S77R,14.589447
P20873_GAG_HV1JR,S77T,14.653748
P20873_GAG_HV1JR,S77V,14.752655
P20873_GAG_HV1JR,S77W,14.733459
P20873_GAG_HV1JR,S77Y,14.661865
P20873_GAG_HV1JR,L78A,12.993317
P20873_GAG_HV1JR,L78C,12.867218
P20873_GAG_HV1JR,L78D,12.962769
P20873_GAG_HV1JR,L78E,12.8741455
P20873_GAG_HV1JR,L78F,11.252411
P20873_GAG_HV1JR,L78G,12.911011
P20873_GAG_HV1JR,L78H,12.780121
P20873_GAG_HV1JR,L78I,8.150757
P20873_GAG_HV1JR,L78K,12.933716
P20873_GAG_HV1JR,L78M,12.843353
P20873_GAG_HV1JR,L78N,12.900452
P20873_GAG_HV1JR,L78P,12.885162
P20873_GAG_HV1JR,L78Q,12.922424
P20873_GAG_HV1JR,L78R,12.934296
P20873_GAG_HV1JR,L78S,12.304108
P20873_GAG_HV1JR,L78T,12.974518
P20873_GAG_HV1JR,L78V,5.240753
P20873_GAG_HV1JR,L78W,12.873901
P20873_GAG_HV1JR,L78Y,12.925903
P20873_GAG_HV1JR,Y79A,10.649658
P20873_GAG_HV1JR,Y79C,10.496155
P20873_GAG_HV1JR,Y79D,10.665558
P20873_GAG_HV1JR,Y79E,10.667206
P20873_GAG_HV1JR,Y79F,0.7920227
P20873_GAG_HV1JR,Y79G,10.628571
P20873_GAG_HV1JR,Y79H,3.8992004
P20873_GAG_HV1JR,Y79I,10.707306
P20873_GAG_HV1JR,Y79K,10.793457
P20873_GAG_HV1JR,Y79L,10.383148
P20873_GAG_HV1JR,Y79M,10.724274
P20873_GAG_HV1JR,Y79N,7.804474
P20873_GAG_HV1JR,Y79P,10.741821
P20873_GAG_HV1JR,Y79Q,10.690674
P20873_GAG_HV1JR,Y79R,10.714569
P20873_GAG_HV1JR,Y79S,9.205109
P20873_GAG_HV1JR,Y79T,10.647705
P20873_GAG_HV1JR,Y79V,10.653168
P20873_GAG_HV1JR,Y79W,6.218506
P20873_GAG_HV1JR,N80A,13.882568
P20873_GAG_HV1JR,N80C,13.8229065
P20873_GAG_HV1JR,N80D,10.535217
P20873_GAG_HV1JR,N80E,13.806854
P20873_GAG_HV1JR,N80F,13.8124695
P20873_GAG_HV1JR,N80G,13.763702
P20873_GAG_HV1JR,N80H,11.239655
P20873_GAG_HV1JR,N80I,12.230774
P20873_GAG_HV1JR,N80K,11.684998
P20873_GAG_HV1JR,N80L,13.87796
P20873_GAG_HV1JR,N80M,13.872345
P20873_GAG_HV1JR,N80P,13.88266
P20873_GAG_HV1JR,N80Q,13.869354
P20873_GAG_HV1JR,N80R,13.263916
P20873_GAG_HV1JR,N80S,10.416046
P20873_GAG_HV1JR,N80T,11.709869
P20873_GAG_HV1JR,N80V,13.850067
P20873_GAG_HV1JR,N80W,13.800446
P20873_GAG_HV1JR,N80Y,10.46405
P20873_GAG_HV1JR,T81A,3.2789612
P20873_GAG_HV1JR,T81C,11.790375
P20873_GAG_HV1JR,T81D,11.733459
P20873_GAG_HV1JR,T81E,11.761108
P20873_GAG_HV1JR,T81F,11.795563
P20873_GAG_HV1JR,T81G,11.362762
P20873_GAG_HV1JR,T81H,11.6936035
P20873_GAG_HV1JR,T81I,9.774353
P20873_GAG_HV1JR,T81K,11.803101
P20873_GAG_HV1JR,T81L,4.90036
P20873_GAG_HV1JR,T81M,9.365051
P20873_GAG_HV1JR,T81N,11.727905
P20873_GAG_HV1JR,T81P,10.678558
P20873_GAG_HV1JR,T81Q,11.423004
P20873_GAG_HV1JR,T81R,11.778717
P20873_GAG_HV1JR,T81S,10.805115
P20873_GAG_HV1JR,T81V,8.377655
P20873_GAG_HV1JR,T81W,11.822754
P20873_GAG_HV1JR,T81Y,11.66687
P20873_GAG_HV1JR,V82A,11.13382
P20873_GAG_HV1JR,V82C,11.149902
P20873_GAG_HV1JR,V82D,11.100952
P20873_GAG_HV1JR,V82E,11.222107
P20873_GAG_HV1JR,V82F,11.160797
P20873_GAG_HV1JR,V82G,10.905701
P20873_GAG_HV1JR,V82H,11.134949
P20873_GAG_HV1JR,V82I,1.4807129
P20873_GAG_HV1JR,V82K,11.17337
P20873_GAG_HV1JR,V82L,5.549469
P20873_GAG_HV1JR,V82M,8.138306
P20873_GAG_HV1JR,V82N,11.076965
P20873_GAG_HV1JR,V82P,11.142975
P20873_GAG_HV1JR,V82Q,11.144745
P20873_GAG_HV1JR,V82R,11.1492
P20873_GAG_HV1JR,V82S,11.152496
P20873_GAG_HV1JR,V82T,8.695404
P20873_GAG_HV1JR,V82W,11.151245
P20873_GAG_HV1JR,V82Y,11.279724
P20873_GAG_HV1JR,A83C,13.142914
P20873_GAG_HV1JR,A83D,13.028412
P20873_GAG_HV1JR,A83E,12.899261
P20873_GAG_HV1JR,A83F,13.024872
P20873_GAG_HV1JR,A83G,13.062775
P20873_GAG_HV1JR,A83H,13.067871
P20873_GAG_HV1JR,A83I,13.169922
P20873_GAG_HV1JR,A83K,12.663971
P20873_GAG_HV1JR,A83L,13.054169
P20873_GAG_HV1JR,A83M,13.129456
P20873_GAG_HV1JR,A83N,13.025452
P20873_GAG_HV1JR,A83P,11.801514
P20873_GAG_HV1JR,A83Q,13.019165
P20873_GAG_HV1JR,A83R,13.0373535
P20873_GAG_HV1JR,A83S,8.862061
P20873_GAG_HV1JR,A83T,8.784973
P20873_GAG_HV1JR,A83V,5.9694214
P20873_GAG_HV1JR,A83W,13.065155
P20873_GAG_HV1JR,A83Y,13.086365
P20873_GAG_HV1JR,T84A,7.2888184
P20873_GAG_HV1JR,T84C,10.827454
P20873_GAG_HV1JR,T84D,10.871674
P20873_GAG_HV1JR,T84E,10.805969
P20873_GAG_HV1JR,T84F,10.915375
P20873_GAG_HV1JR,T84G,10.889709
P20873_GAG_HV1JR,T84H,10.861908
P20873_GAG_HV1JR,T84I,10.757751
P20873_GAG_HV1JR,T84K,10.850861
P20873_GAG_HV1JR,T84L,9.847656
P20873_GAG_HV1JR,T84M,10.890167
P20873_GAG_HV1JR,T84N,10.799866
P20873_GAG_HV1JR,T84P,8.571747
P20873_GAG_HV1JR,T84Q,10.865814
P20873_GAG_HV1JR,T84R,10.901611
P20873_GAG_HV1JR,T84S,10.902466
P20873_GAG_HV1JR,T84V,0.5824585
P20873_GAG_HV1JR,T84W,10.829224
P20873_GAG_HV1JR,T84Y,10.799957
P20873_GAG_HV1JR,L85A,13.536072
P20873_GAG_HV1JR,L85C,13.568573
P20873_GAG_HV1JR,L85D,13.585663
P20873_GAG_HV1JR,L85E,13.628845
P20873_GAG_HV1JR,L85F,12.55957
P20873_GAG_HV1JR,L85G,13.577301
P20873_GAG_HV1JR,L85H,13.638702
P20873_GAG_HV1JR,L85I,7.228607
P20873_GAG_HV1JR,L85K,13.601318
P20873_GAG_HV1JR,L85M,9.748871
P20873_GAG_HV1JR,L85N,13.588074
P20873_GAG_HV1JR,L85P,10.123413
P20873_GAG_HV1JR,L85Q,13.54837
P20873_GAG_HV1JR,L85R,13.558746
P20873_GAG_HV1JR,L85S,13.586365
P20873_GAG_HV1JR,L85T,13.585999
P20873_GAG_HV1JR,L85V,13.52652
P20873_GAG_HV1JR,L85W,13.563324
P20873_GAG_HV1JR,L85Y,13.669861
P20873_GAG_HV1JR,Y86A,12.313751
P20873_GAG_HV1JR,Y86C,8.2890625
P20873_GAG_HV1JR,Y86D,12.22641
P20873_GAG_HV1JR,Y86E,12.302368
P20873_GAG_HV1JR,Y86F,4.9749146
P20873_GAG_HV1JR,Y86G,12.36087
P20873_GAG_HV1JR,Y86H,10.492645
P20873_GAG_HV1JR,Y86I,12.325012
P20873_GAG_HV1JR,Y86K,12.311462
P20873_GAG_HV1JR,Y86L,7.9206543
P20873_GAG_HV1JR,Y86M,12.304749
P20873_GAG_HV1JR,Y86N,12.351105
P20873_GAG_HV1JR,Y86P,12.353424
P20873_GAG_HV1JR,Y86Q,12.341461
P20873_GAG_HV1JR,Y86R,12.385223
P20873_GAG_HV1JR,Y86S,9.657715
P20873_GAG_HV1JR,Y86T,11.93277
P20873_GAG_HV1JR,Y86V,12.328613
P20873_GAG_HV1JR,Y86W,5.6551514
P20873_GAG_HV1JR,C87A,13.703766
P20873_GAG_HV1JR,C87D,13.5672
P20873_GAG_HV1JR,C87E,13.136658
P20873_GAG_HV1JR,C87F,8.903656
P20873_GAG_HV1JR,C87G,11.27066
P20873_GAG_HV1JR,C87H,13.673096
P20873_GAG_HV1JR,C87I,13.711945
P20873_GAG_HV1JR,C87K,13.660614
P20873_GAG_HV1JR,C87L,13.692963
P20873_GAG_HV1JR,C87M,13.582245
P20873_GAG_HV1JR,C87N,13.63736
P20873_GAG_HV1JR,C87P,13.687012
P20873_GAG_HV1JR,C87Q,13.64032
P20873_GAG_HV1JR,C87R,10.358673
P20873_GAG_HV1JR,C87S,13.115173
P20873_GAG_HV1JR,C87T,13.607117
P20873_GAG_HV1JR,C87V,13.714569
P20873_GAG_HV1JR,C87W,9.551849
P20873_GAG_HV1JR,C87Y,10.193573
P20873_GAG_HV1JR,V88A,11.761963
P20873_GAG_HV1JR,V88C,14.547272
P20873_GAG_HV1JR,V88D,12.769104
P20873_GAG_HV1JR,V88E,14.393646
P20873_GAG_HV1JR,V88F,14.4748535
P20873_GAG_HV1JR,V88G,12.807465
P20873_GAG_HV1JR,V88H,14.471497
P20873_GAG_HV1JR,V88I,10.203674
P20873_GAG_HV1JR,V88K,14.441071
P20873_GAG_HV1JR,V88L,13.898499
P20873_GAG_HV1JR,V88M,14.43277
P20873_GAG_HV1JR,V88N,14.369965
P20873_GAG_HV1JR,V88P,14.458405
P20873_GAG_HV1JR,V88Q,14.479858
P20873_GAG_HV1JR,V88R,14.359863
P20873_GAG_HV1JR,V88S,14.436005
P20873_GAG_HV1JR,V88T,14.459747
P20873_GAG_HV1JR,V88W,14.458862
P20873_GAG_HV1JR,V88Y,14.436005
P20873_GAG_HV1JR,H89A,13.602997
P20873_GAG_HV1JR,H89C,13.564423
P20873_GAG_HV1JR,H89D,11.402954
P20873_GAG_HV1JR,H89E,13.484711
P20873_GAG_HV1JR,H89F,13.575348
P20873_GAG_HV1JR,H89G,13.4522705
P20873_GAG_HV1JR,H89I,13.571045
P20873_GAG_HV1JR,H89K,13.009857
P20873_GAG_HV1JR,H89L,9.773224
P20873_GAG_HV1JR,H89M,13.55545
P20873_GAG_HV1JR,H89N,13.366974
P20873_GAG_HV1JR,H89P,12.542664
P20873_GAG_HV1JR,H89Q,7.7563477
P20873_GAG_HV1JR,H89R,10.967773
P20873_GAG_HV1JR,H89S,13.432556
P20873_GAG_HV1JR,H89T,13.541168
P20873_GAG_HV1JR,H89V,13.600708
P20873_GAG_HV1JR,H89W,13.609772
P20873_GAG_HV1JR,H89Y,10.177399
P20873_GAG_HV1JR,Q90A,8.053925
P20873_GAG_HV1JR,Q90C,7.895508
P20873_GAG_HV1JR,Q90D,11.481262
P20873_GAG_HV1JR,Q90E,6.7101746
P20873_GAG_HV1JR,Q90F,11.4263
P20873_GAG_HV1JR,Q90G,9.30661
P20873_GAG_HV1JR,Q90H,7.1151123
P20873_GAG_HV1JR,Q90I,11.422211
P20873_GAG_HV1JR,Q90K,5.149353
P20873_GAG_HV1JR,Q90L,6.1559143
P20873_GAG_HV1JR,Q90M,10.209045
P20873_GAG_HV1JR,Q90N,6.2344666
P20873_GAG_HV1JR,Q90P,9.190216
P20873_GAG_HV1JR,Q90R,4.3439636
P20873_GAG_HV1JR,Q90S,6.6251526
P20873_GAG_HV1JR,Q90T,11.447266
P20873_GAG_HV1JR,Q90V,11.468597
P20873_GAG_HV1JR,Q90W,11.41507
P20873_GAG_HV1JR,Q90Y,9.00766
P20873_GAG_HV1JR,R91A,10.08667
P20873_GAG_HV1JR,R91C,7.1072693
P20873_GAG_HV1JR,R91D,5.804962
P20873_GAG_HV1JR,R91E,5.2739563
P20873_GAG_HV1JR,R91F,9.957062
P20873_GAG_HV1JR,R91G,2.7415466
P20873_GAG_HV1JR,R91H,7.873413
P20873_GAG_HV1JR,R91I,10.168152
P20873_GAG_HV1JR,R91K,0.48516846
P20873_GAG_HV1JR,R91L,10.039246
P20873_GAG_HV1JR,R91M,6.6112976
P20873_GAG_HV1JR,R91N,3.2120667
P20873_GAG_HV1JR,R91P,10.054871
P20873_GAG_HV1JR,R91Q,4.034607
P20873_GAG_HV1JR,R91S,6.236969
P20873_GAG_HV1JR,R91T,7.8643494
P20873_GAG_HV1JR,R91V,10.040161
P20873_GAG_HV1JR,R91W,10.101349
P20873_GAG_HV1JR,R91Y,9.05307
P20873_GAG_HV1JR,I92A,12.021271
P20873_GAG_HV1JR,I92C,12.201874
P20873_GAG_HV1JR,I92D,12.1138
P20873_GAG_HV1JR,I92E,9.126617
P20873_GAG_HV1JR,I92F,10.534302
P20873_GAG_HV1JR,I92G,12.21347
P20873_GAG_HV1JR,I92H,12.166412
P20873_GAG_HV1JR,I92K,9.025757
P20873_GAG_HV1JR,I92L,7.187561
P20873_GAG_HV1JR,I92M,6.50296
P20873_GAG_HV1JR,I92N,10.836548
P20873_GAG_HV1JR,I92P,12.187317
P20873_GAG_HV1JR,I92Q,12.154602
P20873_GAG_HV1JR,I92R,12.267059
P20873_GAG_HV1JR,I92S,10.433472
P20873_GAG_HV1JR,I92T,7.768219
P20873_GAG_HV1JR,I92V,5.3138123
P20873_GAG_HV1JR,I92W,12.11377
P20873_GAG_HV1JR,I92Y,9.41217
P20873_GAG_HV1JR,E93A,5.944275
P20873_GAG_HV1JR,E93C,10.181366
P20873_GAG_HV1JR,E93D,0.4524231
P20873_GAG_HV1JR,E93F,10.058044
P20873_GAG_HV1JR,E93G,5.039551
P20873_GAG_HV1JR,E93H,9.199768
P20873_GAG_HV1JR,E93I,10.188446
P20873_GAG_HV1JR,E93K,6.2101135
P20873_GAG_HV1JR,E93L,10.172272
P20873_GAG_HV1JR,E93M,7.6410522
P20873_GAG_HV1JR,E93N,4.961853
P20873_GAG_HV1JR,E93P,7.297455
P20873_GAG_HV1JR,E93Q,6.123749
P20873_GAG_HV1JR,E93R,7.142151
P20873_GAG_HV1JR,E93S,7.328308
P20873_GAG_HV1JR,E93T,5.880615
P20873_GAG_HV1JR,E93V,7.469208
P20873_GAG_HV1JR,E93W,10.1285095
P20873_GAG_HV1JR,E93Y,10.206665
P20873_GAG_HV1JR,I94A,7.9831543
P20873_GAG_HV1JR,I94C,9.902557
P20873_GAG_HV1JR,I94D,9.875305
P20873_GAG_HV1JR,I94E,9.839355
P20873_GAG_HV1JR,I94F,10.005554
P20873_GAG_HV1JR,I94G,9.955048
P20873_GAG_HV1JR,I94H,9.8749695
P20873_GAG_HV1JR,I94K,9.896973
P20873_GAG_HV1JR,I94L,9.629852
P20873_GAG_HV1JR,I94M,8.895905
P20873_GAG_HV1JR,I94N,9.858673
P20873_GAG_HV1JR,I94P,9.893402
P20873_GAG_HV1JR,I94Q,9.951324
P20873_GAG_HV1JR,I94R,9.947571
P20873_GAG_HV1JR,I94S,9.85791
P20873_GAG_HV1JR,I94T,9.986023
P20873_GAG_HV1JR,I94V,-1.5209045
P20873_GAG_HV1JR,I94W,9.919312
P20873_GAG_HV1JR,I94Y,9.859558
P20873_GAG_HV1JR,K95A,6.186096
P20873_GAG_HV1JR,K95C,11.300446
P20873_GAG_HV1JR,K95D,11.355774
P20873_GAG_HV1JR,K95E,8.781708
P20873_GAG_HV1JR,K95F,11.2526245
P20873_GAG_HV1JR,K95G,9.64917
P20873_GAG_HV1JR,K95H,11.278046
P20873_GAG_HV1JR,K95I,11.21347
P20873_GAG_HV1JR,K95L,11.30661
P20873_GAG_HV1JR,K95M,11.286011
P20873_GAG_HV1JR,K95N,7.296997
P20873_GAG_HV1JR,K95P,10.948151
P20873_GAG_HV1JR,K95Q,4.930847
P20873_GAG_HV1JR,K95R,2.5447693
P20873_GAG_HV1JR,K95S,9.138916
P20873_GAG_HV1JR,K95T,7.154663
P20873_GAG_HV1JR,K95V,11.292053
P20873_GAG_HV1JR,K95W,11.224213
P20873_GAG_HV1JR,K95Y,11.233215
P20873_GAG_HV1JR,D96A,13.906158
P20873_GAG_HV1JR,D96C,14.367798
P20873_GAG_HV1JR,D96E,14.317657
P20873_GAG_HV1JR,D96F,14.342255
P20873_GAG_HV1JR,D96G,13.660919
P20873_GAG_HV1JR,D96H,12.043945
P20873_GAG_HV1JR,D96I,14.395203
P20873_GAG_HV1JR,D96K,14.265808
P20873_GAG_HV1JR,D96L,13.77066
P20873_GAG_HV1JR,D96M,14.404663
P20873_GAG_HV1JR,D96N,8.552948
P20873_GAG_HV1JR,D96P,13.738556
P20873_GAG_HV1JR,D96Q,14.404999
P20873_GAG_HV1JR,D96R,14.3611145
P20873_GAG_HV1JR,D96S,14.391663
P20873_GAG_HV1JR,D96T,14.405151
P20873_GAG_HV1JR,D96V,14.370758
P20873_GAG_HV1JR,D96W,14.39032
P20873_GAG_HV1JR,D96Y,14.333374
P20873_GAG_HV1JR,T97A,12.556366
P20873_GAG_HV1JR,T97C,15.546722
P20873_GAG_HV1JR,T97D,15.508362
P20873_GAG_HV1JR,T97E,15.535065
P20873_GAG_HV1JR,T97F,15.519897
P20873_GAG_HV1JR,T97G,15.590424
P20873_GAG_HV1JR,T97H,15.5937195
P20873_GAG_HV1JR,T97I,15.535553
P20873_GAG_HV1JR,T97K,15.542755
P20873_GAG_HV1JR,T97L,14.974701
P20873_GAG_HV1JR,T97M,15.559174
P20873_GAG_HV1JR,T97N,15.619812
P20873_GAG_HV1JR,T97P,15.616821
P20873_GAG_HV1JR,T97Q,15.534454
P20873_GAG_HV1JR,T97R,15.512146
P20873_GAG_HV1JR,T97S,15.535706
P20873_GAG_HV1JR,T97V,15.599274
P20873_GAG_HV1JR,T97W,15.478699
P20873_GAG_HV1JR,T97Y,15.575714
P20873_GAG_HV1JR,K98A,9.591675
P20873_GAG_HV1JR,K98C,12.008118
P20873_GAG_HV1JR,K98D,12.351013
P20873_GAG_HV1JR,K98E,10.292206
P20873_GAG_HV1JR,K98F,12.400269
P20873_GAG_HV1JR,K98G,12.3341675
P20873_GAG_HV1JR,K98H,12.4366455
P20873_GAG_HV1JR,K98I,12.437195
P20873_GAG_HV1JR,K98L,12.3689575
P20873_GAG_HV1JR,K98M,12.406067
P20873_GAG_HV1JR,K98N,7.054962
P20873_GAG_HV1JR,K98P,9.858948
P20873_GAG_HV1JR,K98Q,6.710266
P20873_GAG_HV1JR,K98R,7.3198547
P20873_GAG_HV1JR,K98S,9.180664
P20873_GAG_HV1JR,K98T,7.6366577
P20873_GAG_HV1JR,K98V,12.4841
P20873_GAG_HV1JR,K98W,12.395111
P20873_GAG_HV1JR,K98Y,12.393616
P20873_GAG_HV1JR,E99A,13.639496
P20873_GAG_HV1JR,E99C,13.612457
P20873_GAG_HV1JR,E99D,7.1917725
P20873_GAG_HV1JR,E99F,13.651154
P20873_GAG_HV1JR,E99G,8.872162
P20873_GAG_HV1JR,E99H,13.607605
P20873_GAG_HV1JR,E99I,13.5720215
P20873_GAG_HV1JR,E99K,11.100372
P20873_GAG_HV1JR,E99L,13.626709
P20873_GAG_HV1JR,E99M,13.61615
P20873_GAG_HV1JR,E99N,13.603058
P20873_GAG_HV1JR,E99P,13.554016
P20873_GAG_HV1JR,E99Q,13.579315
P20873_GAG_HV1JR,E99R,13.646362
P20873_GAG_HV1JR,E99S,13.543213
P20873_GAG_HV1JR,E99T,13.57077
P20873_GAG_HV1JR,E99V,13.094513
P20873_GAG_HV1JR,E99W,13.594757
P20873_GAG_HV1JR,E99Y,13.589752
P20873_GAG_HV1JR,A100C,15.644348
P20873_GAG_HV1JR,A100D,15.716064
P20873_GAG_HV1JR,A100E,15.653412
P20873_GAG_HV1JR,A100F,15.656555
P20873_GAG_HV1JR,A100G,15.726471
P20873_GAG_HV1JR,A100H,15.769409
P20873_GAG_HV1JR,A100I,15.703949
P20873_GAG_HV1JR,A100K,15.705261
P20873_GAG_HV1JR,A100L,13.54361
P20873_GAG_HV1JR,A100M,15.824554
P20873_GAG_HV1JR,A100N,15.763519
P20873_GAG_HV1JR,A100P,15.738861
P20873_GAG_HV1JR,A100Q,15.687073
P20873_GAG_HV1JR,A100R,15.7883
P20873_GAG_HV1JR,A100S,15.72995
P20873_GAG_HV1JR,A100T,14.977875
P20873_GAG_HV1JR,A100V,15.639801
P20873_GAG_HV1JR,A100W,15.679413
P20873_GAG_HV1JR,A100Y,15.735901
P20873_GAG_HV1JR,L101A,13.141602
P20873_GAG_HV1JR,L101C,13.210571
P20873_GAG_HV1JR,L101D,13.029266
P20873_GAG_HV1JR,L101E,13.084808
P20873_GAG_HV1JR,L101F,11.576019
P20873_GAG_HV1JR,L101G,13.094208
P20873_GAG_HV1JR,L101H,13.101807
P20873_GAG_HV1JR,L101I,8.3064575
P20873_GAG_HV1JR,L101K,13.105957
P20873_GAG_HV1JR,L101M,13.142853
P20873_GAG_HV1JR,L101N,13.082611
P20873_GAG_HV1JR,L101P,13.088898
P20873_GAG_HV1JR,L101Q,13.113312
P20873_GAG_HV1JR,L101R,13.090271
P20873_GAG_HV1JR,L101S,12.542816
P20873_GAG_HV1JR,L101T,13.104248
P20873_GAG_HV1JR,L101V,5.610901
P20873_GAG_HV1JR,L101W,13.15036
P20873_GAG_HV1JR,L101Y,13.104248
P20873_GAG_HV1JR,E102A,10.466949
P20873_GAG_HV1JR,E102C,10.313904
P20873_GAG_HV1JR,E102D,-0.16275024
P20873_GAG_HV1JR,E102F,10.405273
P20873_GAG_HV1JR,E102G,6.9387207
P20873_GAG_HV1JR,E102H,10.332611
P20873_GAG_HV1JR,E102I,10.3284
P20873_GAG_HV1JR,E102K,6.0574646
P20873_GAG_HV1JR,E102L,10.476746
P20873_GAG_HV1JR,E102M,10.344025
P20873_GAG_HV1JR,E102N,6.6263733
P20873_GAG_HV1JR,E102P,10.439453
P20873_GAG_HV1JR,E102Q,10.406403
P20873_GAG_HV1JR,E102R,10.430267
P20873_GAG_HV1JR,E102S,10.3836975
P20873_GAG_HV1JR,E102T,10.431763
P20873_GAG_HV1JR,E102V,9.839294
P20873_GAG_HV1JR,E102W,10.356049
P20873_GAG_HV1JR,E102Y,10.3160095
P20873_GAG_HV1JR,K103A,11.863953
P20873_GAG_HV1JR,K103C,11.529114
P20873_GAG_HV1JR,K103D,11.856506
P20873_GAG_HV1JR,K103E,9.296204
P20873_GAG_HV1JR,K103F,11.898865
P20873_GAG_HV1JR,K103G,11.864716
P20873_GAG_HV1JR,K103H,7.8042603
P20873_GAG_HV1JR,K103I,8.281158
P20873_GAG_HV1JR,K103L,11.854797
P20873_GAG_HV1JR,K103M,7.1819153
P20873_GAG_HV1JR,K103N,10.136261
P20873_GAG_HV1JR,K103P,11.842407
P20873_GAG_HV1JR,K103Q,7.080658
P20873_GAG_HV1JR,K103R,3.7520447
P20873_GAG_HV1JR,K103S,11.844269
P20873_GAG_HV1JR,K103T,8.204773
P20873_GAG_HV1JR,K103V,11.841064
P20873_GAG_HV1JR,K103W,10.197357
P20873_GAG_HV1JR,K103Y,11.880249
P20873_GAG_HV1JR,I104A,11.650818
P20873_GAG_HV1JR,I104C,11.720062
P20873_GAG_HV1JR,I104D,11.587555
P20873_GAG_HV1JR,I104E,11.683472
P20873_GAG_HV1JR,I104F,11.741699
P20873_GAG_HV1JR,I104G,11.663666
P20873_GAG_HV1JR,I104H,11.716949
P20873_GAG_HV1JR,I104K,11.699707
P20873_GAG_HV1JR,I104L,5.806671
P20873_GAG_HV1JR,I104M,7.110016
P20873_GAG_HV1JR,I104N,11.356995
P20873_GAG_HV1JR,I104P,11.5972595
P20873_GAG_HV1JR,I104Q,11.687958
P20873_GAG_HV1JR,I104R,11.709564
P20873_GAG_HV1JR,I104S,11.688171
P20873_GAG_HV1JR,I104T,8.551056
P20873_GAG_HV1JR,I104V,2.754303
P20873_GAG_HV1JR,I104W,11.6874695
P20873_GAG_HV1JR,I104Y,11.7034
P20873_GAG_HV1JR,E105A,7.748871
P20873_GAG_HV1JR,E105C,12.753418
P20873_GAG_HV1JR,E105D,11.430603
P20873_GAG_HV1JR,E105F,12.792603
P20873_GAG_HV1JR,E105G,8.9422
P20873_GAG_HV1JR,E105H,12.795624
P20873_GAG_HV1JR,E105I,12.765747
P20873_GAG_HV1JR,E105K,7.172058
P20873_GAG_HV1JR,E105L,12.784302
P20873_GAG_HV1JR,E105M,12.701202
P20873_GAG_HV1JR,E105N,12.775513
P20873_GAG_HV1JR,E105P,12.773163
P20873_GAG_HV1JR,E105Q,6.3873596
P20873_GAG_HV1JR,E105R,12.866852
P20873_GAG_HV1JR,E105S,12.828949
P20873_GAG_HV1JR,E105T,12.810699
P20873_GAG_HV1JR,E105V,12.83902
P20873_GAG_HV1JR,E105W,12.744965
P20873_GAG_HV1JR,E105Y,12.746857
P20873_GAG_HV1JR,E106A,13.610016
P20873_GAG_HV1JR,E106C,13.687897
P20873_GAG_HV1JR,E106D,11.622955
P20873_GAG_HV1JR,E106F,13.629852
P20873_GAG_HV1JR,E106G,11.396851
P20873_GAG_HV1JR,E106H,13.621918
P20873_GAG_HV1JR,E106I,13.5703125
P20873_GAG_HV1JR,E106K,7.124298
P20873_GAG_HV1JR,E106L,13.070618
P20873_GAG_HV1JR,E106M,13.591766
P20873_GAG_HV1JR,E106N,13.628052
P20873_GAG_HV1JR,E106P,13.671448
P20873_GAG_HV1JR,E106Q,13.642975
P20873_GAG_HV1JR,E106R,13.596954
P20873_GAG_HV1JR,E106S,13.067505
P20873_GAG_HV1JR,E106T,13.631165
P20873_GAG_HV1JR,E106V,11.920807
P20873_GAG_HV1JR,E106W,13.73877
P20873_GAG_HV1JR,E106Y,13.69281
P20873_GAG_HV1JR,E107A,10.02417
P20873_GAG_HV1JR,E107C,13.463745
P20873_GAG_HV1JR,E107D,11.305695
P20873_GAG_HV1JR,E107F,13.449554
P20873_GAG_HV1JR,E107G,10.295959
P20873_GAG_HV1JR,E107H,13.470123
P20873_GAG_HV1JR,E107I,13.549561
P20873_GAG_HV1JR,E107K,8.973206
P20873_GAG_HV1JR,E107L,13.4149475
P20873_GAG_HV1JR,E107M,13.433655
P20873_GAG_HV1JR,E107N,13.421204
P20873_GAG_HV1JR,E107P,13.485352
P20873_GAG_HV1JR,E107Q,10.816467
P20873_GAG_HV1JR,E107R,13.017761
P20873_GAG_HV1JR,E107S,11.028046
P20873_GAG_HV1JR,E107T,13.444366
P20873_GAG_HV1JR,E107V,10.537445
P20873_GAG_HV1JR,E107W,13.391663
P20873_GAG_HV1JR,E107Y,13.41861
P20873_GAG_HV1JR,Q108A,12.970062
P20873_GAG_HV1JR,Q108C,12.901672
P20873_GAG_HV1JR,Q108D,12.946564
P20873_GAG_HV1JR,Q108E,12.113861
P20873_GAG_HV1JR,Q108F,12.863861
P20873_GAG_HV1JR,Q108G,12.929962
P20873_GAG_HV1JR,Q108H,9.202454
P20873_GAG_HV1JR,Q108I,12.993103
P20873_GAG_HV1JR,Q108K,6.692322
P20873_GAG_HV1JR,Q108L,11.151672
P20873_GAG_HV1JR,Q108M,12.907501
P20873_GAG_HV1JR,Q108N,12.4930725
P20873_GAG_HV1JR,Q108P,11.059174
P20873_GAG_HV1JR,Q108R,6.6959534
P20873_GAG_HV1JR,Q108S,12.906647
P20873_GAG_HV1JR,Q108T,12.901154
P20873_GAG_HV1JR,Q108V,12.956848
P20873_GAG_HV1JR,Q108W,10.842407
P20873_GAG_HV1JR,Q108Y,12.868103
P20873_GAG_HV1JR,T109A,0.88616943
P20873_GAG_HV1JR,T109C,3.512146
P20873_GAG_HV1JR,T109D,-1.1740417
P20873_GAG_HV1JR,T109E,1.3706665
P20873_GAG_HV1JR,T109F,5.139496
P20873_GAG_HV1JR,T109G,5.115509
P20873_GAG_HV1JR,T109H,3.5414734
P20873_GAG_HV1JR,T109I,2.4566956
P20873_GAG_HV1JR,T109K,0.119018555
P20873_GAG_HV1JR,T109L,5.050598
P20873_GAG_HV1JR,T109M,5.194153
P20873_GAG_HV1JR,T109N,-7.0082397
P20873_GAG_HV1JR,T109P,5.052063
P20873_GAG_HV1JR,T109Q,5.03302
P20873_GAG_HV1JR,T109R,5.142151
P20873_GAG_HV1JR,T109S,-1.8187256
P20873_GAG_HV1JR,T109V,5.1628723
P20873_GAG_HV1JR,T109W,4.988098
P20873_GAG_HV1JR,T109Y,2.7163696
P20873_GAG_HV1JR,K110A,11.894012
P20873_GAG_HV1JR,K110C,11.881195
P20873_GAG_HV1JR,K110D,11.868408
P20873_GAG_HV1JR,K110E,5.4778748
P20873_GAG_HV1JR,K110F,11.924316
P20873_GAG_HV1JR,K110G,10.247162
P20873_GAG_HV1JR,K110H,11.84137
P20873_GAG_HV1JR,K110I,8.386261
P20873_GAG_HV1JR,K110L,11.843506
P20873_GAG_HV1JR,K110M,10.313568
P20873_GAG_HV1JR,K110N,5.521057
P20873_GAG_HV1JR,K110P,11.871674
P20873_GAG_HV1JR,K110Q,6.3496094
P20873_GAG_HV1JR,K110R,5.6695557
P20873_GAG_HV1JR,K110S,10.4088745
P20873_GAG_HV1JR,K110T,8.021057
P20873_GAG_HV1JR,K110V,11.855469
P20873_GAG_HV1JR,K110W,11.862915
P20873_GAG_HV1JR,K110Y,11.911072
P20873_GAG_HV1JR,S111A,8.498901
P20873_GAG_HV1JR,S111C,3.813324
P20873_GAG_HV1JR,S111D,11.305847
P20873_GAG_HV1JR,S111E,9.487305
P20873_GAG_HV1JR,S111F,9.178619
P20873_GAG_HV1JR,S111G,5.564148
P20873_GAG_HV1JR,S111H,11.206604
P20873_GAG_HV1JR,S111I,5.519745
P20873_GAG_HV1JR,S111K,8.9956665
P20873_GAG_HV1JR,S111L,11.306274
P20873_GAG_HV1JR,S111M,9.907471
P20873_GAG_HV1JR,S111N,5.779358
P20873_GAG_HV1JR,S111P,11.286011
P20873_GAG_HV1JR,S111Q,9.061462
P20873_GAG_HV1JR,S111R,7.1815186
P20873_GAG_HV1JR,S111T,8.985809
P20873_GAG_HV1JR,S111V,6.96817
P20873_GAG_HV1JR,S111W,11.235962
P20873_GAG_HV1JR,S111Y,8.476074
P20873_GAG_HV1JR,M112A,2.775299
P20873_GAG_HV1JR,M112C,4.587372
P20873_GAG_HV1JR,M112D,4.5785217
P20873_GAG_HV1JR,M112E,-0.3614502
P20873_GAG_HV1JR,M112F,2.878418
P20873_GAG_HV1JR,M112G,4.636566
P20873_GAG_HV1JR,M112H,4.709564
P20873_GAG_HV1JR,M112I,4.2268677
P20873_GAG_HV1JR,M112K,-7.9188538
P20873_GAG_HV1JR,M112L,4.6382446
P20873_GAG_HV1JR,M112N,-0.7944336
P20873_GAG_HV1JR,M112P,4.6508484
P20873_GAG_HV1JR,M112Q,-0.48812866
P20873_GAG_HV1JR,M112R,-1.0133362
P20873_GAG_HV1JR,M112S,4.2210693
P20873_GAG_HV1JR,M112T,0.2010498
P20873_GAG_HV1JR,M112V,4.6167603
P20873_GAG_HV1JR,M112W,4.5959473
P20873_GAG_HV1JR,M112Y,4.635559
P20873_GAG_HV1JR,K113A,7.9157715
P20873_GAG_HV1JR,K113C,9.644501
P20873_GAG_HV1JR,K113D,11.330353
P20873_GAG_HV1JR,K113E,4.6416016
P20873_GAG_HV1JR,K113F,9.922699
P20873_GAG_HV1JR,K113G,11.342499
P20873_GAG_HV1JR,K113H,11.332001
P20873_GAG_HV1JR,K113I,11.361755
P20873_GAG_HV1JR,K113L,11.127014
P20873_GAG_HV1JR,K113M,8.479401
P20873_GAG_HV1JR,K113N,6.679016
P20873_GAG_HV1JR,K113P,8.970673
P20873_GAG_HV1JR,K113Q,4.6983643
P20873_GAG_HV1JR,K113R,5.423645
P20873_GAG_HV1JR,K113S,8.045898
P20873_GAG_HV1JR,K113T,6.9867554
P20873_GAG_HV1JR,K113V,9.058563
P20873_GAG_HV1JR,K113W,11.404663
P20873_GAG_HV1JR,K113Y,11.429871
P20873_GAG_HV1JR,K114A,6.093506
P20873_GAG_HV1JR,K114C,11.240265
P20873_GAG_HV1JR,K114D,11.226959
P20873_GAG_HV1JR,K114E,6.931061
P20873_GAG_HV1JR,K114F,11.226318
P20873_GAG_HV1JR,K114G,7.768463
P20873_GAG_HV1JR,K114H,11.214264
P20873_GAG_HV1JR,K114I,8.425659
P20873_GAG_HV1JR,K114L,11.1586
P20873_GAG_HV1JR,K114M,7.1716003
P20873_GAG_HV1JR,K114N,6.208618
P20873_GAG_HV1JR,K114P,9.82547
P20873_GAG_HV1JR,K114Q,4.8502502
P20873_GAG_HV1JR,K114R,3.4606628
P20873_GAG_HV1JR,K114S,11.206116
P20873_GAG_HV1JR,K114T,6.2400513
P20873_GAG_HV1JR,K114V,9.876099
P20873_GAG_HV1JR,K114W,11.144714
P20873_GAG_HV1JR,K114Y,11.287323
P20873_GAG_HV1JR,A115C,11.086121
P20873_GAG_HV1JR,A115D,11.111816
P20873_GAG_HV1JR,A115E,4.512451
P20873_GAG_HV1JR,A115F,11.017853
P20873_GAG_HV1JR,A115G,8.262299
P20873_GAG_HV1JR,A115H,11.067017
P20873_GAG_HV1JR,A115I,6.9667053
P20873_GAG_HV1JR,A115K,8.822296
P20873_GAG_HV1JR,A115L,11.071716
P20873_GAG_HV1JR,A115M,8.280701
P20873_GAG_HV1JR,A115N,11.123718
P20873_GAG_HV1JR,A115P,9.878723
P20873_GAG_HV1JR,A115Q,7.2554016
P20873_GAG_HV1JR,A115R,9.781372
P20873_GAG_HV1JR,A115S,9.288452
P20873_GAG_HV1JR,A115T,3.2636719
P20873_GAG_HV1JR,A115V,3.753357
P20873_GAG_HV1JR,A115W,11.221405
P20873_GAG_HV1JR,A115Y,11.108704
P20873_GAG_HV1JR,Q116A,8.589447
P20873_GAG_HV1JR,Q116C,12.68277
P20873_GAG_HV1JR,Q116D,12.733856
P20873_GAG_HV1JR,Q116E,7.858673
P20873_GAG_HV1JR,Q116F,12.70105
P20873_GAG_HV1JR,Q116G,12.707306
P20873_GAG_HV1JR,Q116H,11.087372
P20873_GAG_HV1JR,Q116I,12.685272
P20873_GAG_HV1JR,Q116K,7.64032
P20873_GAG_HV1JR,Q116L,12.511475
P20873_GAG_HV1JR,Q116M,12.741455
P20873_GAG_HV1JR,Q116N,12.270447
P20873_GAG_HV1JR,Q116P,6.846405
P20873_GAG_HV1JR,Q116R,9.434906
P20873_GAG_HV1JR,Q116S,12.635071
P20873_GAG_HV1JR,Q116T,12.742401
P20873_GAG_HV1JR,Q116V,12.726501
P20873_GAG_HV1JR,Q116W,12.623566
P20873_GAG_HV1JR,Q116Y,12.7378235
P20873_GAG_HV1JR,Q117A,5.7960205
P20873_GAG_HV1JR,Q117C,11.740753
P20873_GAG_HV1JR,Q117D,10.330597
P20873_GAG_HV1JR,Q117E,7.918274
P20873_GAG_HV1JR,Q117F,11.573456
P20873_GAG_HV1JR,Q117G,11.717865
P20873_GAG_HV1JR,Q117H,8.024445
P20873_GAG_HV1JR,Q117I,11.729248
P20873_GAG_HV1JR,Q117K,6.606659
P20873_GAG_HV1JR,Q117L,7.3708496
P20873_GAG_HV1JR,Q117M,11.7699585
P20873_GAG_HV1JR,Q117N,11.304871
P20873_GAG_HV1JR,Q117P,4.8756714
P20873_GAG_HV1JR,Q117R,7.664398
P20873_GAG_HV1JR,Q117S,9.011475
P20873_GAG_HV1JR,Q117T,8.215607
P20873_GAG_HV1JR,Q117V,11.312653
P20873_GAG_HV1JR,Q117W,11.641724
P20873_GAG_HV1JR,Q117Y,11.746124
P20873_GAG_HV1JR,A118C,11.547302
P20873_GAG_HV1JR,A118D,8.910614
P20873_GAG_HV1JR,A118E,6.18927
P20873_GAG_HV1JR,A118F,11.556122
P20873_GAG_HV1JR,A118G,11.492371
P20873_GAG_HV1JR,A118H,11.103149
P20873_GAG_HV1JR,A118I,8.559967
P20873_GAG_HV1JR,A118K,6.214905
P20873_GAG_HV1JR,A118L,11.4722595
P20873_GAG_HV1JR,A118M,11.528961
P20873_GAG_HV1JR,A118N,11.617096
P20873_GAG_HV1JR,A118P,7.174011
P20873_GAG_HV1JR,A118Q,9.068024
P20873_GAG_HV1JR,A118R,11.583557
P20873_GAG_HV1JR,A118S,8.33252
P20873_GAG_HV1JR,A118T,3.3894043
P20873_GAG_HV1JR,A118V,5.3383484
P20873_GAG_HV1JR,A118W,11.463867
P20873_GAG_HV1JR,A118Y,11.494995
P20873_GAG_HV1JR,A119C,11.441071
P20873_GAG_HV1JR,A119D,8.028107
P20873_GAG_HV1JR,A119E,5.0594482
P20873_GAG_HV1JR,A119F,11.498901
P20873_GAG_HV1JR,A119G,9.121246
P20873_GAG_HV1JR,A119H,11.374512
P20873_GAG_HV1JR,A119I,9.810852
P20873_GAG_HV1JR,A119K,10.094818
P20873_GAG_HV1JR,A119L,11.469025
P20873_GAG_HV1JR,A119M,11.387054
P20873_GAG_HV1JR,A119N,11.464966
P20873_GAG_HV1JR,A119P,8.150452
P20873_GAG_HV1JR,A119Q,8.023956
P20873_GAG_HV1JR,A119R,11.503174
P20873_GAG_HV1JR,A119S,7.6931458
P20873_GAG_HV1JR,A119T,3.6232605
P20873_GAG_HV1JR,A119V,5.141266
P20873_GAG_HV1JR,A119W,11.499512
P20873_GAG_HV1JR,A119Y,11.42392
P20873_GAG_HV1JR,A120C,11.903961
P20873_GAG_HV1JR,A120D,6.9884033
P20873_GAG_HV1JR,A120E,11.933258
P20873_GAG_HV1JR,A120F,11.928955
P20873_GAG_HV1JR,A120G,7.49115
P20873_GAG_HV1JR,A120H,11.898315
P20873_GAG_HV1JR,A120I,10.024658
P20873_GAG_HV1JR,A120K,11.893951
P20873_GAG_HV1JR,A120L,11.942871
P20873_GAG_HV1JR,A120M,11.965454
P20873_GAG_HV1JR,A120N,8.8532715
P20873_GAG_HV1JR,A120P,6.969269
P20873_GAG_HV1JR,A120Q,8.574463
P20873_GAG_HV1JR,A120R,11.978821
P20873_GAG_HV1JR,A120S,10.360596
P20873_GAG_HV1JR,A120T,4.49527
P20873_GAG_HV1JR,A120V,8.291321
P20873_GAG_HV1JR,A120W,11.8593445
P20873_GAG_HV1JR,A120Y,11.48587
P20873_GAG_HV1JR,D121A,3.5090027
P20873_GAG_HV1JR,D121C,9.563721
P20873_GAG_HV1JR,D121E,6.550354
P20873_GAG_HV1JR,D121F,10.769562
P20873_GAG_HV1JR,D121G,2.3125
P20873_GAG_HV1JR,D121H,10.800964
P20873_GAG_HV1JR,D121I,10.811005
P20873_GAG_HV1JR,D121K,10.759369
P20873_GAG_HV1JR,D121L,10.852051
P20873_GAG_HV1JR,D121M,10.7456665
P20873_GAG_HV1JR,D121N,3.3988953
P20873_GAG_HV1JR,D121P,8.412964
P20873_GAG_HV1JR,D121Q,7.7417603
P20873_GAG_HV1JR,D121R,10.779846
P20873_GAG_HV1JR,D121S,5.4918213
P20873_GAG_HV1JR,D121T,6.9407043
P20873_GAG_HV1JR,D121V,9.242249
P20873_GAG_HV1JR,D121W,10.7933655
P20873_GAG_HV1JR,D121Y,10.871796
P20873_GAG_HV1JR,T122A,2.2607117
P20873_GAG_HV1JR,T122C,10.746674
P20873_GAG_HV1JR,T122D,7.9491577
P20873_GAG_HV1JR,T122E,6.719269
P20873_GAG_HV1JR,T122F,10.7752075
P20873_GAG_HV1JR,T122G,6.8522644
P20873_GAG_HV1JR,T122H,10.809906
P20873_GAG_HV1JR,T122I,5.0580444
P20873_GAG_HV1JR,T122K,4.420868
P20873_GAG_HV1JR,T122L,7.9166565
P20873_GAG_HV1JR,T122M,7.4025574
P20873_GAG_HV1JR,T122N,10.844666
P20873_GAG_HV1JR,T122P,4.616852
P20873_GAG_HV1JR,T122Q,10.800415
P20873_GAG_HV1JR,T122R,6.882599
P20873_GAG_HV1JR,T122S,5.788269
P20873_GAG_HV1JR,T122V,6.2558594
P20873_GAG_HV1JR,T122W,10.824371
P20873_GAG_HV1JR,T122Y,10.848907
P20873_GAG_HV1JR,G123A,5.187805
P20873_GAG_HV1JR,G123C,11.269562
P20873_GAG_HV1JR,G123D,7.4741516
P20873_GAG_HV1JR,G123E,4.05365
P20873_GAG_HV1JR,G123F,11.277924
P20873_GAG_HV1JR,G123H,11.111969
P20873_GAG_HV1JR,G123I,9.627411
P20873_GAG_HV1JR,G123K,5.176422
P20873_GAG_HV1JR,G123L,11.241272
P20873_GAG_HV1JR,G123M,11.244873
P20873_GAG_HV1JR,G123N,6.7575073
P20873_GAG_HV1JR,G123P,8.426758
P20873_GAG_HV1JR,G123Q,11.228363
P20873_GAG_HV1JR,G123R,4.504364
P20873_GAG_HV1JR,G123S,8.296265
P20873_GAG_HV1JR,G123T,7.4696655
P20873_GAG_HV1JR,G123V,6.925873
P20873_GAG_HV1JR,G123W,11.187714
P20873_GAG_HV1JR,G123Y,11.220764
P20873_GAG_HV1JR,N124A,8.508453
P20873_GAG_HV1JR,N124C,7.908966
P20873_GAG_HV1JR,N124D,4.89505
P20873_GAG_HV1JR,N124E,7.4653625
P20873_GAG_HV1JR,N124F,10.663208
P20873_GAG_HV1JR,N124G,7.5935974
P20873_GAG_HV1JR,N124H,5.173065
P20873_GAG_HV1JR,N124I,10.763245
P20873_GAG_HV1JR,N124K,3.724945
P20873_GAG_HV1JR,N124L,10.70752
P20873_GAG_HV1JR,N124M,10.700317
P20873_GAG_HV1JR,N124P,7.130615
P20873_GAG_HV1JR,N124Q,7.349823
P20873_GAG_HV1JR,N124R,7.908722
P20873_GAG_HV1JR,N124S,2.8799133
P20873_GAG_HV1JR,N124T,4.8396606
P20873_GAG_HV1JR,N124V,10.6651
P20873_GAG_HV1JR,N124W,10.792358
P20873_GAG_HV1JR,N124Y,10.671967
P20873_GAG_HV1JR,S125A,8.650696
P20873_GAG_HV1JR,S125C,9.128052
P20873_GAG_HV1JR,S125D,5.7455444
P20873_GAG_HV1JR,S125E,10.569366
P20873_GAG_HV1JR,S125F,10.58905
P20873_GAG_HV1JR,S125G,4.7453613
P20873_GAG_HV1JR,S125H,6.9395447
P20873_GAG_HV1JR,S125I,7.4281006
P20873_GAG_HV1JR,S125K,4.7229614
P20873_GAG_HV1JR,S125L,10.532745
P20873_GAG_HV1JR,S125M,10.543274
P20873_GAG_HV1JR,S125N,1.7038574
P20873_GAG_HV1JR,S125P,9.2170105
P20873_GAG_HV1JR,S125Q,9.388123
P20873_GAG_HV1JR,S125R,5.267853
P20873_GAG_HV1JR,S125T,4.8095703
P20873_GAG_HV1JR,S125V,8.681763
P20873_GAG_HV1JR,S125W,10.565552
P20873_GAG_HV1JR,S125Y,10.630066
P20873_GAG_HV1JR,S126A,10.990173
P20873_GAG_HV1JR,S126C,8.626404
P20873_GAG_HV1JR,S126D,8.3350525
P20873_GAG_HV1JR,S126E,10.972595
P20873_GAG_HV1JR,S126F,10.893646
P20873_GAG_HV1JR,S126G,4.1130066
P20873_GAG_HV1JR,S126H,10.8975525
P20873_GAG_HV1JR,S126I,9.4140625
P20873_GAG_HV1JR,S126K,4.6151123
P20873_GAG_HV1JR,S126L,10.875153
P20873_GAG_HV1JR,S126M,11.0312195
P20873_GAG_HV1JR,S126N,2.693451
P20873_GAG_HV1JR,S126P,10.976257
P20873_GAG_HV1JR,S126Q,8.365845
P20873_GAG_HV1JR,S126R,4.5567627
P20873_GAG_HV1JR,S126T,6.9198
P20873_GAG_HV1JR,S126V,10.881165
P20873_GAG_HV1JR,S126W,10.960205
P20873_GAG_HV1JR,S126Y,9.556519
P20873_GAG_HV1JR,Q127A,8.621918
P20873_GAG_HV1JR,Q127C,10.788025
P20873_GAG_HV1JR,Q127D,10.7716675
P20873_GAG_HV1JR,Q127E,8.251709
P20873_GAG_HV1JR,Q127F,10.880768
P20873_GAG_HV1JR,Q127G,9.610199
P20873_GAG_HV1JR,Q127H,5.87265
P20873_GAG_HV1JR,Q127I,10.808655
P20873_GAG_HV1JR,Q127K,2.5316162
P20873_GAG_HV1JR,Q127L,8.137421
P20873_GAG_HV1JR,Q127M,9.346771
P20873_GAG_HV1JR,Q127N,4.69812
P20873_GAG_HV1JR,Q127P,3.8041992
P20873_GAG_HV1JR,Q127R,9.287048
P20873_GAG_HV1JR,Q127S,6.0680237
P20873_GAG_HV1JR,Q127T,5.852997
P20873_GAG_HV1JR,Q127V,10.845947
P20873_GAG_HV1JR,Q127W,10.812317
P20873_GAG_HV1JR,Q127Y,9.888824
P20873_GAG_HV1JR,V128A,3.8850708
P20873_GAG_HV1JR,V128C,11.314606
P20873_GAG_HV1JR,V128D,8.371796
P20873_GAG_HV1JR,V128E,9.687408
P20873_GAG_HV1JR,V128F,7.9811096
P20873_GAG_HV1JR,V128G,6.0776978
P20873_GAG_HV1JR,V128H,11.318207
P20873_GAG_HV1JR,V128I,4.7408447
P20873_GAG_HV1JR,V128K,10.619873
P20873_GAG_HV1JR,V128L,9.698395
P20873_GAG_HV1JR,V128M,11.250305
P20873_GAG_HV1JR,V128N,9.651794
P20873_GAG_HV1JR,V128P,11.367004
P20873_GAG_HV1JR,V128Q,9.834259
P20873_GAG_HV1JR,V128R,11.25946
P20873_GAG_HV1JR,V128S,6.401123
P20873_GAG_HV1JR,V128T,5.4904175
P20873_GAG_HV1JR,V128W,11.307312
P20873_GAG_HV1JR,V128Y,11.341064
P20873_GAG_HV1JR,S129A,14.171661
P20873_GAG_HV1JR,S129C,14.27356
P20873_GAG_HV1JR,S129D,13.575317
P20873_GAG_HV1JR,S129E,14.184021
P20873_GAG_HV1JR,S129F,14.193573
P20873_GAG_HV1JR,S129G,10.585754
P20873_GAG_HV1JR,S129H,14.117371
P20873_GAG_HV1JR,S129I,10.758453
P20873_GAG_HV1JR,S129K,14.249023
P20873_GAG_HV1JR,S129L,14.192963
P20873_GAG_HV1JR,S129M,14.1553955
P20873_GAG_HV1JR,S129N,11.475647
P20873_GAG_HV1JR,S129P,14.183105
P20873_GAG_HV1JR,S129Q,14.179352
P20873_GAG_HV1JR,S129R,11.007965
P20873_GAG_HV1JR,S129T,13.599548
P20873_GAG_HV1JR,S129V,14.169556
P20873_GAG_HV1JR,S129W,14.156464
P20873_GAG_HV1JR,S129Y,14.240845
P20873_GAG_HV1JR,Q130A,11.816162
P20873_GAG_HV1JR,Q130C,10.022369
P20873_GAG_HV1JR,Q130D,11.761871
P20873_GAG_HV1JR,Q130E,11.477173
P20873_GAG_HV1JR,Q130F,11.898773
P20873_GAG_HV1JR,Q130G,10.147522
P20873_GAG_HV1JR,Q130H,4.2278137
P20873_GAG_HV1JR,Q130I,11.844025
P20873_GAG_HV1JR,Q130K,7.0680237
P20873_GAG_HV1JR,Q130L,8.892975
P20873_GAG_HV1JR,Q130M,11.8749695
P20873_GAG_HV1JR,Q130N,11.865845
P20873_GAG_HV1JR,Q130P,10.442047
P20873_GAG_HV1JR,Q130R,5.1356506
P20873_GAG_HV1JR,Q130S,10.605469
P20873_GAG_HV1JR,Q130T,10.209351
P20873_GAG_HV1JR,Q130V,11.868103
P20873_GAG_HV1JR,Q130W,11.845245
P20873_GAG_HV1JR,Q130Y,8.785065
P20873_GAG_HV1JR,N131A,14.541595
P20873_GAG_HV1JR,N131C,14.469116
P20873_GAG_HV1JR,N131D,9.522675
P20873_GAG_HV1JR,N131E,14.465118
P20873_GAG_HV1JR,N131F,14.463745
P20873_GAG_HV1JR,N131G,14.496857
P20873_GAG_HV1JR,N131H,14.505005
P20873_GAG_HV1JR,N131I,13.90036
P20873_GAG_HV1JR,N131K,14.472809
P20873_GAG_HV1JR,N131L,14.435516
P20873_GAG_HV1JR,N131M,14.484314
P20873_GAG_HV1JR,N131P,14.4183655
P20873_GAG_HV1JR,N131Q,14.34375
P20873_GAG_HV1JR,N131R,14.420105
P20873_GAG_HV1JR,N131S,11.780914
P20873_GAG_HV1JR,N131T,14.547699
P20873_GAG_HV1JR,N131V,14.518463
P20873_GAG_HV1JR,N131W,14.499603
P20873_GAG_HV1JR,N131Y,12.126312
P20873_GAG_HV1JR,Y132A,11.989563
P20873_GAG_HV1JR,Y132C,9.510864
P20873_GAG_HV1JR,Y132D,12.452972
P20873_GAG_HV1JR,Y132E,12.446747
P20873_GAG_HV1JR,Y132F,3.8535461
P20873_GAG_HV1JR,Y132G,12.442566
P20873_GAG_HV1JR,Y132H,12.381866
P20873_GAG_HV1JR,Y132I,12.338654
P20873_GAG_HV1JR,Y132K,12.47702
P20873_GAG_HV1JR,Y132L,10.468445
P20873_GAG_HV1JR,Y132M,12.440674
P20873_GAG_HV1JR,Y132N,11.255402
P20873_GAG_HV1JR,Y132P,12.400452
P20873_GAG_HV1JR,Y132Q,12.404175
P20873_GAG_HV1JR,Y132R,12.39386
P20873_GAG_HV1JR,Y132S,12.437714
P20873_GAG_HV1JR,Y132T,12.387054
P20873_GAG_HV1JR,Y132V,12.398865
P20873_GAG_HV1JR,Y132W,12.382996
P20873_GAG_HV1JR,P133A,13.344971
P20873_GAG_HV1JR,P133C,15.584808
P20873_GAG_HV1JR,P133D,15.507996
P20873_GAG_HV1JR,P133E,14.796661
P20873_GAG_HV1JR,P133F,15.603516
P20873_GAG_HV1JR,P133G,15.552399
P20873_GAG_HV1JR,P133H,15.555206
P20873_GAG_HV1JR,P133I,15.611603
P20873_GAG_HV1JR,P133K,15.561798
P20873_GAG_HV1JR,P133L,15.470947
P20873_GAG_HV1JR,P133M,15.462463
P20873_GAG_HV1JR,P133N,14.180969
P20873_GAG_HV1JR,P133Q,15.623566
P20873_GAG_HV1JR,P133R,15.482269
P20873_GAG_HV1JR,P133S,15.614166
P20873_GAG_HV1JR,P133T,15.554199
P20873_GAG_HV1JR,P133V,15.645752
P20873_GAG_HV1JR,P133W,15.570953
P20873_GAG_HV1JR,P133Y,15.60376
P20873_GAG_HV1JR,I134A,13.134003
P20873_GAG_HV1JR,I134C,13.172363
P20873_GAG_HV1JR,I134D,13.281403
P20873_GAG_HV1JR,I134E,13.090515
P20873_GAG_HV1JR,I134F,13.219757
P20873_GAG_HV1JR,I134G,13.213257
P20873_GAG_HV1JR,I134H,13.133514
P20873_GAG_HV1JR,I134K,10.794922
P20873_GAG_HV1JR,I134L,7.114563
P20873_GAG_HV1JR,I134M,12.652771
P20873_GAG_HV1JR,I134N,13.173004
P20873_GAG_HV1JR,I134P,13.0616455
P20873_GAG_HV1JR,I134Q,13.115967
P20873_GAG_HV1JR,I134R,13.170074
P20873_GAG_HV1JR,I134S,13.16626
P20873_GAG_HV1JR,I134T,10.585571
P20873_GAG_HV1JR,I134V,6.468048
P20873_GAG_HV1JR,I134W,13.156616
P20873_GAG_HV1JR,I134Y,13.198914
P20873_GAG_HV1JR,V135A,14.425415
P20873_GAG_HV1JR,V135C,14.4644165
P20873_GAG_HV1JR,V135D,14.490967
P20873_GAG_HV1JR,V135E,14.501862
P20873_GAG_HV1JR,V135F,14.534454
P20873_GAG_HV1JR,V135G,11.7847595
P20873_GAG_HV1JR,V135H,14.507111
P20873_GAG_HV1JR,V135I,10.518524
P20873_GAG_HV1JR,V135K,14.3940735
P20873_GAG_HV1JR,V135L,14.410645
P20873_GAG_HV1JR,V135M,12.221161
P20873_GAG_HV1JR,V135N,14.5433655
P20873_GAG_HV1JR,V135P,14.573364
P20873_GAG_HV1JR,V135Q,13.857056
P20873_GAG_HV1JR,V135R,14.462524
P20873_GAG_HV1JR,V135S,14.50946
P20873_GAG_HV1JR,V135T,13.8524475
P20873_GAG_HV1JR,V135W,13.869507
P20873_GAG_HV1JR,V135Y,14.531555
P20873_GAG_HV1JR,Q136A,13.317963
P20873_GAG_HV1JR,Q136C,13.352997
P20873_GAG_HV1JR,Q136D,13.292267
P20873_GAG_HV1JR,Q136E,13.32666
P20873_GAG_HV1JR,Q136F,13.44281
P20873_GAG_HV1JR,Q136G,13.311859
P20873_GAG_HV1JR,Q136H,11.193909
P20873_GAG_HV1JR,Q136I,13.322266
P20873_GAG_HV1JR,Q136K,10.693512
P20873_GAG_HV1JR,Q136L,13.299957
P20873_GAG_HV1JR,Q136M,13.31546
P20873_GAG_HV1JR,Q136N,13.38266
P20873_GAG_HV1JR,Q136P,13.347504
P20873_GAG_HV1JR,Q136R,5.5814514
P20873_GAG_HV1JR,Q136S,13.30365
P20873_GAG_HV1JR,Q136T,12.779572
P20873_GAG_HV1JR,Q136V,13.42627
P20873_GAG_HV1JR,Q136W,13.317657
P20873_GAG_HV1JR,Q136Y,13.3479
P20873_GAG_HV1JR,N137A,14.076324
P20873_GAG_HV1JR,N137C,14.05722
P20873_GAG_HV1JR,N137D,10.716095
P20873_GAG_HV1JR,N137E,14.124115
P20873_GAG_HV1JR,N137F,14.146912
P20873_GAG_HV1JR,N137G,13.417999
P20873_GAG_HV1JR,N137H,14.055695
P20873_GAG_HV1JR,N137I,14.145569
P20873_GAG_HV1JR,N137K,10.445374
P20873_GAG_HV1JR,N137L,14.193756
P20873_GAG_HV1JR,N137M,12.467712
P20873_GAG_HV1JR,N137P,14.166473
P20873_GAG_HV1JR,N137Q,13.508148
P20873_GAG_HV1JR,N137R,14.1519165
P20873_GAG_HV1JR,N137S,9.4739685
P20873_GAG_HV1JR,N137T,14.035767
P20873_GAG_HV1JR,N137V,14.08847
P20873_GAG_HV1JR,N137W,14.158905
P20873_GAG_HV1JR,N137Y,14.08371
P20873_GAG_HV1JR,L138A,5.1432495
P20873_GAG_HV1JR,L138C,10.127808
P20873_GAG_HV1JR,L138D,10.286346
P20873_GAG_HV1JR,L138E,10.229645
P20873_GAG_HV1JR,L138F,7.8528137
P20873_GAG_HV1JR,L138G,8.713806
P20873_GAG_HV1JR,L138H,5.654663
P20873_GAG_HV1JR,L138I,1.6717529
P20873_GAG_HV1JR,L138K,10.29306
P20873_GAG_HV1JR,L138M,1.7340088
P20873_GAG_HV1JR,L138N,7.6022644
P20873_GAG_HV1JR,L138P,8.109863
P20873_GAG_HV1JR,L138Q,8.932068
P20873_GAG_HV1JR,L138R,10.207123
P20873_GAG_HV1JR,L138S,4.827301
P20873_GAG_HV1JR,L138T,7.9558105
P20873_GAG_HV1JR,L138V,4.5455017
P20873_GAG_HV1JR,L138W,10.152466
P20873_GAG_HV1JR,L138Y,10.233063
P20873_GAG_HV1JR,Q139A,14.217346
P20873_GAG_HV1JR,Q139C,14.317474
P20873_GAG_HV1JR,Q139D,14.205597
P20873_GAG_HV1JR,Q139E,14.204315
P20873_GAG_HV1JR,Q139F,14.323303
P20873_GAG_HV1JR,Q139G,14.2361145
P20873_GAG_HV1JR,Q139H,12.177673
P20873_GAG_HV1JR,Q139I,14.297516
P20873_GAG_HV1JR,Q139K,13.604401
P20873_GAG_HV1JR,Q139L,14.215057
P20873_GAG_HV1JR,Q139M,10.908112
P20873_GAG_HV1JR,Q139N,14.406006
P20873_GAG_HV1JR,Q139P,10.81192
P20873_GAG_HV1JR,Q139R,10.720306
P20873_GAG_HV1JR,Q139S,14.27771
P20873_GAG_HV1JR,Q139T,14.295563
P20873_GAG_HV1JR,Q139V,14.296417
P20873_GAG_HV1JR,Q139W,14.250122
P20873_GAG_HV1JR,Q139Y,14.216156
P20873_GAG_HV1JR,G140A,15.364166
P20873_GAG_HV1JR,G140C,15.386047
P20873_GAG_HV1JR,G140D,14.686707
P20873_GAG_HV1JR,G140E,15.431549
P20873_GAG_HV1JR,G140F,15.420319
P20873_GAG_HV1JR,G140H,15.447113
P20873_GAG_HV1JR,G140I,15.431702
P20873_GAG_HV1JR,G140K,15.369812
P20873_GAG_HV1JR,G140L,15.381348
P20873_GAG_HV1JR,G140M,15.416565
P20873_GAG_HV1JR,G140N,15.409515
P20873_GAG_HV1JR,G140P,15.429871
P20873_GAG_HV1JR,G140Q,15.411163
P20873_GAG_HV1JR,G140R,12.501556
P20873_GAG_HV1JR,G140S,15.410461
P20873_GAG_HV1JR,G140T,15.397247
P20873_GAG_HV1JR,G140V,14.706909
P20873_GAG_HV1JR,G140W,14.941254
P20873_GAG_HV1JR,G140Y,15.440521
P20873_GAG_HV1JR,Q141A,11.660095
P20873_GAG_HV1JR,Q141C,13.944702
P20873_GAG_HV1JR,Q141D,14.032166
P20873_GAG_HV1JR,Q141E,12.088348
P20873_GAG_HV1JR,Q141F,14.016968
P20873_GAG_HV1JR,Q141G,12.267517
P20873_GAG_HV1JR,Q141H,11.588013
P20873_GAG_HV1JR,Q141I,13.941956
P20873_GAG_HV1JR,Q141K,13.971954
P20873_GAG_HV1JR,Q141L,13.959045
P20873_GAG_HV1JR,Q141M,14.039612
P20873_GAG_HV1JR,Q141N,13.931274
P20873_GAG_HV1JR,Q141P,10.990601
P20873_GAG_HV1JR,Q141R,9.590668
P20873_GAG_HV1JR,Q141S,13.873871
P20873_GAG_HV1JR,Q141T,13.870422
P20873_GAG_HV1JR,Q141V,14.102051
P20873_GAG_HV1JR,Q141W,13.955719
P20873_GAG_HV1JR,Q141Y,13.958405
P20873_GAG_HV1JR,M142A,11.000916
P20873_GAG_HV1JR,M142C,12.981873
P20873_GAG_HV1JR,M142D,13.127014
P20873_GAG_HV1JR,M142E,13.168274
P20873_GAG_HV1JR,M142F,13.091797
P20873_GAG_HV1JR,M142G,12.970673
P20873_GAG_HV1JR,M142H,8.166046
P20873_GAG_HV1JR,M142I,10.740265
P20873_GAG_HV1JR,M142K,13.0407715
P20873_GAG_HV1JR,M142L,9.107605
P20873_GAG_HV1JR,M142N,13.080597
P20873_GAG_HV1JR,M142P,8.389465
P20873_GAG_HV1JR,M142Q,12.526001
P20873_GAG_HV1JR,M142R,10.57077
P20873_GAG_HV1JR,M142S,13.064911
P20873_GAG_HV1JR,M142T,12.648163
P20873_GAG_HV1JR,M142V,9.719849
P20873_GAG_HV1JR,M142W,12.509918
P20873_GAG_HV1JR,M142Y,13.027222
P20873_GAG_HV1JR,V143A,11.92926
P20873_GAG_HV1JR,V143C,13.059357
P20873_GAG_HV1JR,V143D,13.044647
P20873_GAG_HV1JR,V143E,12.999512
P20873_GAG_HV1JR,V143F,13.03302
P20873_GAG_HV1JR,V143G,11.268463
P20873_GAG_HV1JR,V143H,13.054352
P20873_GAG_HV1JR,V143I,6.2167664
P20873_GAG_HV1JR,V143K,13.073669
P20873_GAG_HV1JR,V143L,13.002045
P20873_GAG_HV1JR,V143M,9.80661
P20873_GAG_HV1JR,V143N,13.012665
P20873_GAG_HV1JR,V143P,13.051697
P20873_GAG_HV1JR,V143Q,12.523468
P20873_GAG_HV1JR,V143R,13.038116
P20873_GAG_HV1JR,V143S,11.737915
P20873_GAG_HV1JR,V143T,7.5742188
P20873_GAG_HV1JR,V143W,13.139404
P20873_GAG_HV1JR,V143Y,13.033264
P20873_GAG_HV1JR,H144A,13.730621
P20873_GAG_HV1JR,H144C,13.684113
P20873_GAG_HV1JR,H144D,13.689209
P20873_GAG_HV1JR,H144E,13.695862
P20873_GAG_HV1JR,H144F,13.676422
P20873_GAG_HV1JR,H144G,13.688202
P20873_GAG_HV1JR,H144I,13.744202
P20873_GAG_HV1JR,H144K,13.146057
P20873_GAG_HV1JR,H144L,12.2117
P20873_GAG_HV1JR,H144M,13.731049
P20873_GAG_HV1JR,H144N,13.647522
P20873_GAG_HV1JR,H144P,13.684998
P20873_GAG_HV1JR,H144Q,10.339355
P20873_GAG_HV1JR,H144R,11.152771
P20873_GAG_HV1JR,H144S,13.765961
P20873_GAG_HV1JR,H144T,13.7126465
P20873_GAG_HV1JR,H144V,13.653748
P20873_GAG_HV1JR,H144W,13.6840515
P20873_GAG_HV1JR,H144Y,7.197754
P20873_GAG_HV1JR,Q145A,14.381622
P20873_GAG_HV1JR,Q145C,14.395111
P20873_GAG_HV1JR,Q145D,14.335175
P20873_GAG_HV1JR,Q145E,13.701019
P20873_GAG_HV1JR,Q145F,14.339203
P20873_GAG_HV1JR,Q145G,14.402771
P20873_GAG_HV1JR,Q145H,10.452148
P20873_GAG_HV1JR,Q145I,14.369812
P20873_GAG_HV1JR,Q145K,13.7187195
P20873_GAG_HV1JR,Q145L,12.450806
P20873_GAG_HV1JR,Q145M,14.388062
P20873_GAG_HV1JR,Q145N,11.847412
P20873_GAG_HV1JR,Q145P,12.458618
P20873_GAG_HV1JR,Q145R,12.782959
P20873_GAG_HV1JR,Q145S,14.370361
P20873_GAG_HV1JR,Q145T,14.333069
P20873_GAG_HV1JR,Q145V,14.391602
P20873_GAG_HV1JR,Q145W,14.376099
P20873_GAG_HV1JR,Q145Y,14.355957
P20873_GAG_HV1JR,A146C,10.871704
P20873_GAG_HV1JR,A146D,10.628265
P20873_GAG_HV1JR,A146E,10.869324
P20873_GAG_HV1JR,A146F,10.941956
P20873_GAG_HV1JR,A146G,10.8776245
P20873_GAG_HV1JR,A146H,10.847656
P20873_GAG_HV1JR,A146I,10.777863
P20873_GAG_HV1JR,A146K,10.918396
P20873_GAG_HV1JR,A146L,10.835022
P20873_GAG_HV1JR,A146M,10.91217
P20873_GAG_HV1JR,A146N,5.9753113
P20873_GAG_HV1JR,A146P,1.3247986
P20873_GAG_HV1JR,A146Q,10.885956
P20873_GAG_HV1JR,A146R,10.928558
P20873_GAG_HV1JR,A146S,3.7138977
P20873_GAG_HV1JR,A146T,5.8390503
P20873_GAG_HV1JR,A146V,10.938263
P20873_GAG_HV1JR,A146W,10.9192505
P20873_GAG_HV1JR,A146Y,10.588715
P20873_GAG_HV1JR,I147A,10.745697
P20873_GAG_HV1JR,I147C,11.109161
P20873_GAG_HV1JR,I147D,11.150757
P20873_GAG_HV1JR,I147E,11.138763
P20873_GAG_HV1JR,I147F,11.190247
P20873_GAG_HV1JR,I147G,11.125397
P20873_GAG_HV1JR,I147H,11.033356
P20873_GAG_HV1JR,I147K,10.960358
P20873_GAG_HV1JR,I147L,1.5504456
P20873_GAG_HV1JR,I147M,4.3131104
P20873_GAG_HV1JR,I147N,11.153259
P20873_GAG_HV1JR,I147P,11.069519
P20873_GAG_HV1JR,I147Q,11.114319
P20873_GAG_HV1JR,I147R,11.177856
P20873_GAG_HV1JR,I147S,11.123749
P20873_GAG_HV1JR,I147T,9.755005
P20873_GAG_HV1JR,I147V,8.559723
P20873_GAG_HV1JR,I147W,11.150696
P20873_GAG_HV1JR,I147Y,11.216003
P20873_GAG_HV1JR,S148A,5.774872
P20873_GAG_HV1JR,S148C,12.6502075
P20873_GAG_HV1JR,S148D,12.587311
P20873_GAG_HV1JR,S148E,12.615967
P20873_GAG_HV1JR,S148F,12.536224
P20873_GAG_HV1JR,S148G,12.551361
P20873_GAG_HV1JR,S148H,12.601257
P20873_GAG_HV1JR,S148I,12.658752
P20873_GAG_HV1JR,S148K,12.645447
P20873_GAG_HV1JR,S148L,12.5677185
P20873_GAG_HV1JR,S148M,12.564056
P20873_GAG_HV1JR,S148N,12.60437
P20873_GAG_HV1JR,S148P,12.651306
P20873_GAG_HV1JR,S148Q,12.578003
P20873_GAG_HV1JR,S148R,12.582245
P20873_GAG_HV1JR,S148T,5.006653
P20873_GAG_HV1JR,S148V,12.6258545
P20873_GAG_HV1JR,S148W,12.632172
P20873_GAG_HV1JR,S148Y,11.358246
P20873_GAG_HV1JR,P149A,6.61911
P20873_GAG_HV1JR,P149C,13.886017
P20873_GAG_HV1JR,P149D,13.825348
P20873_GAG_HV1JR,P149E,13.853149
P20873_GAG_HV1JR,P149F,13.319397
P20873_GAG_HV1JR,P149G,13.847595
P20873_GAG_HV1JR,P149H,13.901764
P20873_GAG_HV1JR,P149I,13.86557
P20873_GAG_HV1JR,P149K,13.799622
P20873_GAG_HV1JR,P149L,11.774353
P20873_GAG_HV1JR,P149M,13.862762
P20873_GAG_HV1JR,P149N,13.816345
P20873_GAG_HV1JR,P149Q,13.864258
P20873_GAG_HV1JR,P149R,13.834656
P20873_GAG_HV1JR,P149S,13.80661
P20873_GAG_HV1JR,P149T,13.82016
P20873_GAG_HV1JR,P149V,13.904968
P20873_GAG_HV1JR,P149W,13.911957
P20873_GAG_HV1JR,P149Y,13.762665
P20873_GAG_HV1JR,R150A,13.580719
P20873_GAG_HV1JR,R150C,13.57785
P20873_GAG_HV1JR,R150D,13.528259
P20873_GAG_HV1JR,R150E,13.613464
P20873_GAG_HV1JR,R150F,13.521973
P20873_GAG_HV1JR,R150G,9.881073
P20873_GAG_HV1JR,R150H,13.578766
P20873_GAG_HV1JR,R150I,11.374207
P20873_GAG_HV1JR,R150K,7.489563
P20873_GAG_HV1JR,R150L,13.568512
P20873_GAG_HV1JR,R150M,13.536774
P20873_GAG_HV1JR,R150N,13.506866
P20873_GAG_HV1JR,R150P,13.530548
P20873_GAG_HV1JR,R150Q,13.556519
P20873_GAG_HV1JR,R150S,13.60907
P20873_GAG_HV1JR,R150T,9.6840515
P20873_GAG_HV1JR,R150V,13.604645
P20873_GAG_HV1JR,R150W,13.606262
P20873_GAG_HV1JR,R150Y,13.085175
P20873_GAG_HV1JR,T151A,11.944275
P20873_GAG_HV1JR,T151C,15.094849
P20873_GAG_HV1JR,T151D,15.165375
P20873_GAG_HV1JR,T151E,15.186615
P20873_GAG_HV1JR,T151F,15.248596
P20873_GAG_HV1JR,T151G,15.095551
P20873_GAG_HV1JR,T151H,15.187866
P20873_GAG_HV1JR,T151I,15.179962
P20873_GAG_HV1JR,T151K,15.121704
P20873_GAG_HV1JR,T151L,15.144196
P20873_GAG_HV1JR,T151M,15.086304
P20873_GAG_HV1JR,T151N,14.360199
P20873_GAG_HV1JR,T151P,13.442963
P20873_GAG_HV1JR,T151Q,15.156464
P20873_GAG_HV1JR,T151R,15.232819
P20873_GAG_HV1JR,T151S,15.2465515
P20873_GAG_HV1JR,T151V,15.244995
P20873_GAG_HV1JR,T151W,15.1423645
P20873_GAG_HV1JR,T151Y,15.177246
P20873_GAG_HV1JR,L152A,15.076263
P20873_GAG_HV1JR,L152C,15.119446
P20873_GAG_HV1JR,L152D,15.176575
P20873_GAG_HV1JR,L152E,15.0729065
P20873_GAG_HV1JR,L152F,10.718414
P20873_GAG_HV1JR,L152G,15.152161
P20873_GAG_HV1JR,L152H,15.159119
P20873_GAG_HV1JR,L152I,14.395905
P20873_GAG_HV1JR,L152K,15.068298
P20873_GAG_HV1JR,L152M,15.219147
P20873_GAG_HV1JR,L152N,15.062195
P20873_GAG_HV1JR,L152P,15.2099
P20873_GAG_HV1JR,L152Q,15.077057
P20873_GAG_HV1JR,L152R,15.09436
P20873_GAG_HV1JR,L152S,15.164368
P20873_GAG_HV1JR,L152T,15.137695
P20873_GAG_HV1JR,L152V,15.197357
P20873_GAG_HV1JR,L152W,15.162048
P20873_GAG_HV1JR,L152Y,15.222809
P20873_GAG_HV1JR,N153A,14.064972
P20873_GAG_HV1JR,N153C,14.174072
P20873_GAG_HV1JR,N153D,11.005463
P20873_GAG_HV1JR,N153E,14.142853
P20873_GAG_HV1JR,N153F,14.130463
P20873_GAG_HV1JR,N153G,14.102264
P20873_GAG_HV1JR,N153H,10.5755005
P20873_GAG_HV1JR,N153I,12.542725
P20873_GAG_HV1JR,N153K,11.787262
P20873_GAG_HV1JR,N153L,14.112701
P20873_GAG_HV1JR,N153M,14.1586
P20873_GAG_HV1JR,N153P,14.132416
P20873_GAG_HV1JR,N153Q,14.066162
P20873_GAG_HV1JR,N153R,14.19046
P20873_GAG_HV1JR,N153S,13.284912
P20873_GAG_HV1JR,N153T,12.180756
P20873_GAG_HV1JR,N153V,14.156067
P20873_GAG_HV1JR,N153W,14.179962
P20873_GAG_HV1JR,N153Y,12.064667
P20873_GAG_HV1JR,A154C,14.5390625
P20873_GAG_HV1JR,A154D,12.827667
P20873_GAG_HV1JR,A154E,14.556763
P20873_GAG_HV1JR,A154F,14.36087
P20873_GAG_HV1JR,A154G,14.420166
P20873_GAG_HV1JR,A154H,14.391296
P20873_GAG_HV1JR,A154I,13.804718
P20873_GAG_HV1JR,A154K,14.494171
P20873_GAG_HV1JR,A154L,13.852661
P20873_GAG_HV1JR,A154M,14.439972
P20873_GAG_HV1JR,A154N,14.512268
P20873_GAG_HV1JR,A154P,14.514069
P20873_GAG_HV1JR,A154Q,14.47467
P20873_GAG_HV1JR,A154R,14.440521
P20873_GAG_HV1JR,A154S,14.494415
P20873_GAG_HV1JR,A154T,10.872101
P20873_GAG_HV1JR,A154V,10.417114
P20873_GAG_HV1JR,A154W,14.480255
P20873_GAG_HV1JR,A154Y,14.551453
P20873_GAG_HV1JR,W155A,14.5903015
P20873_GAG_HV1JR,W155C,14.54892
P20873_GAG_HV1JR,W155D,14.526215
P20873_GAG_HV1JR,W155E,14.531372
P20873_GAG_HV1JR,W155F,14.561523
P20873_GAG_HV1JR,W155G,13.013855
P20873_GAG_HV1JR,W155H,14.520325
P20873_GAG_HV1JR,W155I,14.547607
P20873_GAG_HV1JR,W155K,14.5147705
P20873_GAG_HV1JR,W155L,13.056671
P20873_GAG_HV1JR,W155M,14.468872
P20873_GAG_HV1JR,W155N,14.543671
P20873_GAG_HV1JR,W155P,14.542023
P20873_GAG_HV1JR,W155Q,14.488556
P20873_GAG_HV1JR,W155R,10.335754
P20873_GAG_HV1JR,W155S,12.563049
P20873_GAG_HV1JR,W155T,14.628723
P20873_GAG_HV1JR,W155V,14.589294
P20873_GAG_HV1JR,W155Y,14.564056
P20873_GAG_HV1JR,V156A,14.895905
P20873_GAG_HV1JR,V156C,14.849915
P20873_GAG_HV1JR,V156D,14.812897
P20873_GAG_HV1JR,V156E,14.867401
P20873_GAG_HV1JR,V156F,14.755798
P20873_GAG_HV1JR,V156G,13.009064
P20873_GAG_HV1JR,V156H,15.022461
P20873_GAG_HV1JR,V156I,11.278656
P20873_GAG_HV1JR,V156K,14.855957
P20873_GAG_HV1JR,V156L,12.510773
P20873_GAG_HV1JR,V156M,14.924774
P20873_GAG_HV1JR,V156N,14.8463745
P20873_GAG_HV1JR,V156P,14.921722
P20873_GAG_HV1JR,V156Q,14.941803
P20873_GAG_HV1JR,V156R,14.8974
P20873_GAG_HV1JR,V156S,14.860962
P20873_GAG_HV1JR,V156T,14.897614
P20873_GAG_HV1JR,V156W,14.893951
P20873_GAG_HV1JR,V156Y,15.001312
P20873_GAG_HV1JR,K157A,14.519714
P20873_GAG_HV1JR,K157C,14.464966
P20873_GAG_HV1JR,K157D,14.457306
P20873_GAG_HV1JR,K157E,13.356506
P20873_GAG_HV1JR,K157F,14.550964
P20873_GAG_HV1JR,K157G,14.5971985
P20873_GAG_HV1JR,K157H,14.595245
P20873_GAG_HV1JR,K157I,14.5677185
P20873_GAG_HV1JR,K157L,14.588409
P20873_GAG_HV1JR,K157M,14.577362
P20873_GAG_HV1JR,K157N,13.328766
P20873_GAG_HV1JR,K157P,14.5321045
P20873_GAG_HV1JR,K157Q,14.542755
P20873_GAG_HV1JR,K157R,9.026947
P20873_GAG_HV1JR,K157S,14.54541
P20873_GAG_HV1JR,K157T,14.529602
P20873_GAG_HV1JR,K157V,14.498962
P20873_GAG_HV1JR,K157W,14.531921
P20873_GAG_HV1JR,K157Y,14.506897
P20873_GAG_HV1JR,V158A,9.319153
P20873_GAG_HV1JR,V158C,14.642914
P20873_GAG_HV1JR,V158D,14.548096
P20873_GAG_HV1JR,V158E,14.563171
P20873_GAG_HV1JR,V158F,14.527771
P20873_GAG_HV1JR,V158G,12.731445
P20873_GAG_HV1JR,V158H,14.565399
P20873_GAG_HV1JR,V158I,13.340912
P20873_GAG_HV1JR,V158K,14.6026
P20873_GAG_HV1JR,V158L,13.96756
P20873_GAG_HV1JR,V158M,14.465363
P20873_GAG_HV1JR,V158N,14.649506
P20873_GAG_HV1JR,V158P,14.4548645
P20873_GAG_HV1JR,V158Q,14.616699
P20873_GAG_HV1JR,V158R,14.6427
P20873_GAG_HV1JR,V158S,14.53772
P20873_GAG_HV1JR,V158T,14.554169
P20873_GAG_HV1JR,V158W,14.637146
P20873_GAG_HV1JR,V158Y,14.6154175
P20873_GAG_HV1JR,I159A,9.416046
P20873_GAG_HV1JR,I159C,9.443207
P20873_GAG_HV1JR,I159D,9.47876
P20873_GAG_HV1JR,I159E,9.45697
P20873_GAG_HV1JR,I159F,8.38736
P20873_GAG_HV1JR,I159G,7.848297
P20873_GAG_HV1JR,I159H,9.444397
P20873_GAG_HV1JR,I159K,9.4670105
P20873_GAG_HV1JR,I159L,8.866364
P20873_GAG_HV1JR,I159M,9.4019165
P20873_GAG_HV1JR,I159N,9.446899
P20873_GAG_HV1JR,I159P,9.512299
P20873_GAG_HV1JR,I159Q,9.411011
P20873_GAG_HV1JR,I159R,9.486664
P20873_GAG_HV1JR,I159S,9.437622
P20873_GAG_HV1JR,I159T,9.454773
P20873_GAG_HV1JR,I159V,-2.2823486
P20873_GAG_HV1JR,I159W,9.517853
P20873_GAG_HV1JR,I159Y,9.079071
P20873_GAG_HV1JR,E160A,12.783173
P20873_GAG_HV1JR,E160C,13.990906
P20873_GAG_HV1JR,E160D,13.940247
P20873_GAG_HV1JR,E160F,13.938446
P20873_GAG_HV1JR,E160G,10.017822
P20873_GAG_HV1JR,E160H,13.940796
P20873_GAG_HV1JR,E160I,13.930206
P20873_GAG_HV1JR,E160K,8.290649
P20873_GAG_HV1JR,E160L,13.926147
P20873_GAG_HV1JR,E160M,13.8776245
P20873_GAG_HV1JR,E160N,13.967407
P20873_GAG_HV1JR,E160P,13.987152
P20873_GAG_HV1JR,E160Q,13.397705
P20873_GAG_HV1JR,E160R,12.098206
P20873_GAG_HV1JR,E160S,13.946747
P20873_GAG_HV1JR,E160T,13.943207
P20873_GAG_HV1JR,E160V,13.876495
P20873_GAG_HV1JR,E160W,13.987061
P20873_GAG_HV1JR,E160Y,13.925018
P20873_GAG_HV1JR,E161A,11.996674
P20873_GAG_HV1JR,E161C,13.848572
P20873_GAG_HV1JR,E161D,8.451324
P20873_GAG_HV1JR,E161F,13.8368225
P20873_GAG_HV1JR,E161G,11.463013
P20873_GAG_HV1JR,E161H,13.747345
P20873_GAG_HV1JR,E161I,13.834045
P20873_GAG_HV1JR,E161K,9.023895
P20873_GAG_HV1JR,E161L,13.838257
P20873_GAG_HV1JR,E161M,13.852875
P20873_GAG_HV1JR,E161N,13.734863
P20873_GAG_HV1JR,E161P,13.849274
P20873_GAG_HV1JR,E161Q,13.79895
P20873_GAG_HV1JR,E161R,13.77887
P20873_GAG_HV1JR,E161S,13.77887
P20873_GAG_HV1JR,E161T,13.800415
P20873_GAG_HV1JR,E161V,13.786102
P20873_GAG_HV1JR,E161W,13.773468
P20873_GAG_HV1JR,E161Y,13.756958
P20873_GAG_HV1JR,K162A,14.161163
P20873_GAG_HV1JR,K162C,13.965973
P20873_GAG_HV1JR,K162D,13.976074
P20873_GAG_HV1JR,K162E,10.312073
P20873_GAG_HV1JR,K162F,14.047516
P20873_GAG_HV1JR,K162G,13.986359
P20873_GAG_HV1JR,K162H,14.036224
P20873_GAG_HV1JR,K162I,14.029205
P20873_GAG_HV1JR,K162L,13.980713
P20873_GAG_HV1JR,K162M,13.932617
P20873_GAG_HV1JR,K162N,10.484955
P20873_GAG_HV1JR,K162P,13.458649
P20873_GAG_HV1JR,K162Q,13.38681
P20873_GAG_HV1JR,K162R,8.787872
P20873_GAG_HV1JR,K162S,13.946899
P20873_GAG_HV1JR,K162T,14.054749
P20873_GAG_HV1JR,K162V,13.914673
P20873_GAG_HV1JR,K162W,14.032715
P20873_GAG_HV1JR,K162Y,13.971863
P20873_GAG_HV1JR,A163C,9.575745
P20873_GAG_HV1JR,A163D,10.903473
P20873_GAG_HV1JR,A163E,12.302521
P20873_GAG_HV1JR,A163F,12.368103
P20873_GAG_HV1JR,A163G,6.848358
P20873_GAG_HV1JR,A163H,12.308319
P20873_GAG_HV1JR,A163I,12.371948
P20873_GAG_HV1JR,A163K,12.296509
P20873_GAG_HV1JR,A163L,12.407806
P20873_GAG_HV1JR,A163M,12.34375
P20873_GAG_HV1JR,A163N,5.930847
P20873_GAG_HV1JR,A163P,12.346771
P20873_GAG_HV1JR,A163Q,8.491852
P20873_GAG_HV1JR,A163R,12.326965
P20873_GAG_HV1JR,A163S,6.500824
P20873_GAG_HV1JR,A163T,11.832306
P20873_GAG_HV1JR,A163V,8.657715
P20873_GAG_HV1JR,A163W,12.2933655
P20873_GAG_HV1JR,A163Y,12.318298
P20873_GAG_HV1JR,F164A,15.131561
P20873_GAG_HV1JR,F164C,15.050354
P20873_GAG_HV1JR,F164D,15.2144165
P20873_GAG_HV1JR,F164E,15.250305
P20873_GAG_HV1JR,F164G,15.194214
P20873_GAG_HV1JR,F164H,15.196869
P20873_GAG_HV1JR,F164I,15.227173
P20873_GAG_HV1JR,F164K,15.343445
P20873_GAG_HV1JR,F164L,12.598358
P20873_GAG_HV1JR,F164M,15.1623535
P20873_GAG_HV1JR,F164N,15.200867
P20873_GAG_HV1JR,F164P,15.25946
P20873_GAG_HV1JR,F164Q,15.166504
P20873_GAG_HV1JR,F164R,15.173645
P20873_GAG_HV1JR,F164S,15.228607
P20873_GAG_HV1JR,F164T,15.177399
P20873_GAG_HV1JR,F164V,12.802948
P20873_GAG_HV1JR,F164W,15.250122
P20873_GAG_HV1JR,F164Y,15.225525
P20873_GAG_HV1JR,S165A,10.744354
P20873_GAG_HV1JR,S165C,12.770447
P20873_GAG_HV1JR,S165D,12.7456665
P20873_GAG_HV1JR,S165E,12.866974
P20873_GAG_HV1JR,S165F,12.790863
P20873_GAG_HV1JR,S165G,10.456757
P20873_GAG_HV1JR,S165H,12.809906
P20873_GAG_HV1JR,S165I,9.397247
P20873_GAG_HV1JR,S165K,10.508118
P20873_GAG_HV1JR,S165L,10.89035
P20873_GAG_HV1JR,S165M,12.911499
P20873_GAG_HV1JR,S165N,5.2663574
P20873_GAG_HV1JR,S165P,12.819061
P20873_GAG_HV1JR,S165Q,12.874847
P20873_GAG_HV1JR,S165R,12.898163
P20873_GAG_HV1JR,S165T,12.759399
P20873_GAG_HV1JR,S165V,12.813965
P20873_GAG_HV1JR,S165W,12.7986145
P20873_GAG_HV1JR,S165Y,12.748413
P20873_GAG_HV1JR,P166A,15.436462
P20873_GAG_HV1JR,P166C,15.414764
P20873_GAG_HV1JR,P166D,15.463867
P20873_GAG_HV1JR,P166E,15.418701
P20873_GAG_HV1JR,P166F,12.492401
P20873_GAG_HV1JR,P166G,15.456268
P20873_GAG_HV1JR,P166H,15.405457
P20873_GAG_HV1JR,P166I,15.416168
P20873_GAG_HV1JR,P166K,15.566345
P20873_GAG_HV1JR,P166L,15.497162
P20873_GAG_HV1JR,P166M,15.385559
P20873_GAG_HV1JR,P166N,15.373016
P20873_GAG_HV1JR,P166Q,15.276459
P20873_GAG_HV1JR,P166R,15.409515
P20873_GAG_HV1JR,P166S,15.397949
P20873_GAG_HV1JR,P166T,15.474548
P20873_GAG_HV1JR,P166V,15.420746
P20873_GAG_HV1JR,P166W,15.444763
P20873_GAG_HV1JR,P166Y,15.522003
P20873_GAG_HV1JR,E167A,14.204712
P20873_GAG_HV1JR,E167C,14.247253
P20873_GAG_HV1JR,E167D,14.181854
P20873_GAG_HV1JR,E167F,14.205475
P20873_GAG_HV1JR,E167G,9.8515625
P20873_GAG_HV1JR,E167H,14.067169
P20873_GAG_HV1JR,E167I,14.25177
P20873_GAG_HV1JR,E167K,9.408447
P20873_GAG_HV1JR,E167L,14.291962
P20873_GAG_HV1JR,E167M,14.139801
P20873_GAG_HV1JR,E167N,14.15921
P20873_GAG_HV1JR,E167P,14.169403
P20873_GAG_HV1JR,E167Q,12.1180725
P20873_GAG_HV1JR,E167R,14.19516
P20873_GAG_HV1JR,E167S,14.1085205
P20873_GAG_HV1JR,E167T,14.173645
P20873_GAG_HV1JR,E167V,14.176422
P20873_GAG_HV1JR,E167W,14.174774
P20873_GAG_HV1JR,E167Y,14.176819
P20873_GAG_HV1JR,V168A,10.711517
P20873_GAG_HV1JR,V168C,12.90036
P20873_GAG_HV1JR,V168D,12.856445
P20873_GAG_HV1JR,V168E,12.9097595
P20873_GAG_HV1JR,V168F,12.90332
P20873_GAG_HV1JR,V168G,12.8368225
P20873_GAG_HV1JR,V168H,12.891022
P20873_GAG_HV1JR,V168I,5.3591003
P20873_GAG_HV1JR,V168K,12.886414
P20873_GAG_HV1JR,V168L,10.667847
P20873_GAG_HV1JR,V168M,10.968567
P20873_GAG_HV1JR,V168N,12.903351
P20873_GAG_HV1JR,V168P,12.905914
P20873_GAG_HV1JR,V168Q,12.87915
P20873_GAG_HV1JR,V168R,12.944122
P20873_GAG_HV1JR,V168S,12.861206
P20873_GAG_HV1JR,V168T,9.735413
P20873_GAG_HV1JR,V168W,12.791321
P20873_GAG_HV1JR,V168Y,12.925903
P20873_GAG_HV1JR,I169A,14.148346
P20873_GAG_HV1JR,I169C,14.235046
P20873_GAG_HV1JR,I169D,14.23645
P20873_GAG_HV1JR,I169E,14.3593445
P20873_GAG_HV1JR,I169F,14.410797
P20873_GAG_HV1JR,I169G,14.246124
P20873_GAG_HV1JR,I169H,14.248871
P20873_GAG_HV1JR,I169K,14.217651
P20873_GAG_HV1JR,I169L,14.235168
P20873_GAG_HV1JR,I169M,10.427948
P20873_GAG_HV1JR,I169N,14.278412
P20873_GAG_HV1JR,I169P,14.318817
P20873_GAG_HV1JR,I169Q,14.293213
P20873_GAG_HV1JR,I169R,14.198303
P20873_GAG_HV1JR,I169S,14.249054
P20873_GAG_HV1JR,I169T,13.709198
P20873_GAG_HV1JR,I169V,8.912018
P20873_GAG_HV1JR,I169W,14.347504
P20873_GAG_HV1JR,I169Y,14.325195
P20873_GAG_HV1JR,P170A,14.847107
P20873_GAG_HV1JR,P170C,14.775848
P20873_GAG_HV1JR,P170D,14.882599
P20873_GAG_HV1JR,P170E,14.742218
P20873_GAG_HV1JR,P170F,14.9071045
P20873_GAG_HV1JR,P170G,14.908051
P20873_GAG_HV1JR,P170H,14.84137
P20873_GAG_HV1JR,P170I,14.933899
P20873_GAG_HV1JR,P170K,14.814911
P20873_GAG_HV1JR,P170L,14.266266
P20873_GAG_HV1JR,P170M,14.862671
P20873_GAG_HV1JR,P170N,14.746674
P20873_GAG_HV1JR,P170Q,14.764221
P20873_GAG_HV1JR,P170R,10.824768
P20873_GAG_HV1JR,P170S,12.181274
P20873_GAG_HV1JR,P170T,14.847412
P20873_GAG_HV1JR,P170V,14.852173
P20873_GAG_HV1JR,P170W,14.7655945
P20873_GAG_HV1JR,P170Y,14.883667
P20873_GAG_HV1JR,M171A,13.9331665
P20873_GAG_HV1JR,M171C,13.843353
P20873_GAG_HV1JR,M171D,13.930511
P20873_GAG_HV1JR,M171E,13.920013
P20873_GAG_HV1JR,M171F,13.985321
P20873_GAG_HV1JR,M171G,13.966156
P20873_GAG_HV1JR,M171H,13.93045
P20873_GAG_HV1JR,M171I,13.899445
P20873_GAG_HV1JR,M171K,13.953064
P20873_GAG_HV1JR,M171L,11.360016
P20873_GAG_HV1JR,M171N,13.865601
P20873_GAG_HV1JR,M171P,11.931366
P20873_GAG_HV1JR,M171Q,13.980255
P20873_GAG_HV1JR,M171R,11.957855
P20873_GAG_HV1JR,M171S,13.953461
P20873_GAG_HV1JR,M171T,9.675751
P20873_GAG_HV1JR,M171V,9.217407
P20873_GAG_HV1JR,M171W,13.917114
P20873_GAG_HV1JR,M171Y,13.843109
P20873_GAG_HV1JR,F172A,14.1345215
P20873_GAG_HV1JR,F172C,11.872406
P20873_GAG_HV1JR,F172D,14.088715
P20873_GAG_HV1JR,F172E,14.125458
P20873_GAG_HV1JR,F172G,14.191223
P20873_GAG_HV1JR,F172H,14.068665
P20873_GAG_HV1JR,F172I,13.728058
P20873_GAG_HV1JR,F172K,14.143066
P20873_GAG_HV1JR,F172L,10.003723
P20873_GAG_HV1JR,F172M,14.072357
P20873_GAG_HV1JR,F172N,14.1111145
P20873_GAG_HV1JR,F172P,14.131805
P20873_GAG_HV1JR,F172Q,14.0989685
P20873_GAG_HV1JR,F172R,14.112854
P20873_GAG_HV1JR,F172S,11.6180725
P20873_GAG_HV1JR,F172T,14.092957
P20873_GAG_HV1JR,F172V,11.051666
P20873_GAG_HV1JR,F172W,14.105255
P20873_GAG_HV1JR,F172Y,11.738861
P20873_GAG_HV1JR,S173A,4.0901184
P20873_GAG_HV1JR,S173C,11.376556
P20873_GAG_HV1JR,S173D,11.325195
P20873_GAG_HV1JR,S173E,11.311249
P20873_GAG_HV1JR,S173F,11.259308
P20873_GAG_HV1JR,S173G,11.254669
P20873_GAG_HV1JR,S173H,11.323151
P20873_GAG_HV1JR,S173I,11.277374
P20873_GAG_HV1JR,S173K,10.942169
P20873_GAG_HV1JR,S173L,11.232849
P20873_GAG_HV1JR,S173M,9.155548
P20873_GAG_HV1JR,S173N,11.347168
P20873_GAG_HV1JR,S173P,11.08017
P20873_GAG_HV1JR,S173Q,11.269348
P20873_GAG_HV1JR,S173R,11.243317
P20873_GAG_HV1JR,S173T,2.2907104
P20873_GAG_HV1JR,S173V,6.6709595
P20873_GAG_HV1JR,S173W,11.324921
P20873_GAG_HV1JR,S173Y,11.30542
P20873_GAG_HV1JR,A174C,14.5824585
P20873_GAG_HV1JR,A174D,14.694855
P20873_GAG_HV1JR,A174E,14.586548
P20873_GAG_HV1JR,A174F,14.703369
P20873_GAG_HV1JR,A174G,10.613068
P20873_GAG_HV1JR,A174H,14.651703
P20873_GAG_HV1JR,A174I,14.496063
P20873_GAG_HV1JR,A174K,14.559113
P20873_GAG_HV1JR,A174L,14.539551
P20873_GAG_HV1JR,A174M,14.596222
P20873_GAG_HV1JR,A174N,13.970245
P20873_GAG_HV1JR,A174P,14.606323
P20873_GAG_HV1JR,A174Q,14.563202
P20873_GAG_HV1JR,A174R,14.624298
P20873_GAG_HV1JR,A174S,14.632904
P20873_GAG_HV1JR,A174T,12.190552
P20873_GAG_HV1JR,A174V,11.862762
P20873_GAG_HV1JR,A174W,14.647308
P20873_GAG_HV1JR,A174Y,14.599548
P20873_GAG_HV1JR,L175A,14.7091675
P20873_GAG_HV1JR,L175C,14.686859
P20873_GAG_HV1JR,L175D,14.704254
P20873_GAG_HV1JR,L175E,14.699463
P20873_GAG_HV1JR,L175F,12.39505
P20873_GAG_HV1JR,L175G,14.642853
P20873_GAG_HV1JR,L175H,14.708923
P20873_GAG_HV1JR,L175I,14.850952
P20873_GAG_HV1JR,L175K,14.751862
P20873_GAG_HV1JR,L175M,14.769562
P20873_GAG_HV1JR,L175N,14.691803
P20873_GAG_HV1JR,L175P,11.772369
P20873_GAG_HV1JR,L175Q,14.779297
P20873_GAG_HV1JR,L175R,14.721497
P20873_GAG_HV1JR,L175S,14.68927
P20873_GAG_HV1JR,L175T,14.666107
P20873_GAG_HV1JR,L175V,11.473022
P20873_GAG_HV1JR,L175W,14.647461
P20873_GAG_HV1JR,L175Y,14.809265
P20873_GAG_HV1JR,S176A,3.2526245
P20873_GAG_HV1JR,S176C,12.221497
P20873_GAG_HV1JR,S176D,12.261871
P20873_GAG_HV1JR,S176E,12.170868
P20873_GAG_HV1JR,S176F,12.222351
P20873_GAG_HV1JR,S176G,12.188416
P20873_GAG_HV1JR,S176H,12.201874
P20873_GAG_HV1JR,S176I,12.1828
P20873_GAG_HV1JR,S176K,11.80722
P20873_GAG_HV1JR,S176L,12.130005
P20873_GAG_HV1JR,S176M,12.208069
P20873_GAG_HV1JR,S176N,11.81781
P20873_GAG_HV1JR,S176P,11.0711975
P20873_GAG_HV1JR,S176Q,12.138245
P20873_GAG_HV1JR,S176R,12.175964
P20873_GAG_HV1JR,S176T,10.780121
P20873_GAG_HV1JR,S176V,12.167145
P20873_GAG_HV1JR,S176W,12.2048645
P20873_GAG_HV1JR,S176Y,12.20517
P20873_GAG_HV1JR,E177A,13.749756
P20873_GAG_HV1JR,E177C,13.046051
P20873_GAG_HV1JR,E177D,8.178558
P20873_GAG_HV1JR,E177F,13.620605
P20873_GAG_HV1JR,E177G,9.398804
P20873_GAG_HV1JR,E177H,13.680145
P20873_GAG_HV1JR,E177I,13.702118
P20873_GAG_HV1JR,E177K,9.390869
P20873_GAG_HV1JR,E177L,13.645325
P20873_GAG_HV1JR,E177M,13.712097
P20873_GAG_HV1JR,E177N,13.707214
P20873_GAG_HV1JR,E177P,13.659363
P20873_GAG_HV1JR,E177Q,13.618011
P20873_GAG_HV1JR,E177R,13.621063
P20873_GAG_HV1JR,E177S,13.642456
P20873_GAG_HV1JR,E177T,13.087524
P20873_GAG_HV1JR,E177V,13.618256
P20873_GAG_HV1JR,E177W,13.709961
P20873_GAG_HV1JR,E177Y,13.702057
P20873_GAG_HV1JR,G178A,14.566803
P20873_GAG_HV1JR,G178C,14.586273
P20873_GAG_HV1JR,G178D,14.597961
P20873_GAG_HV1JR,G178E,11.5815735
P20873_GAG_HV1JR,G178F,14.518951
P20873_GAG_HV1JR,G178H,14.617157
P20873_GAG_HV1JR,G178I,14.60437
P20873_GAG_HV1JR,G178K,14.586517
P20873_GAG_HV1JR,G178L,14.599396
P20873_GAG_HV1JR,G178M,14.5780945
P20873_GAG_HV1JR,G178N,14.5711975
P20873_GAG_HV1JR,G178P,14.572815
P20873_GAG_HV1JR,G178Q,14.614868
P20873_GAG_HV1JR,G178R,10.264923
P20873_GAG_HV1JR,G178S,14.660645
P20873_GAG_HV1JR,G178T,13.939423
P20873_GAG_HV1JR,G178V,12.417664
P20873_GAG_HV1JR,G178W,14.639252
P20873_GAG_HV1JR,G178Y,14.597321
P20873_GAG_HV1JR,A179C,13.842072
P20873_GAG_HV1JR,A179D,11.899445
P20873_GAG_HV1JR,A179E,13.820801
P20873_GAG_HV1JR,A179F,13.877899
P20873_GAG_HV1JR,A179G,9.4001465
P20873_GAG_HV1JR,A179H,13.816956
P20873_GAG_HV1JR,A179I,13.891449
P20873_GAG_HV1JR,A179K,13.311096
P20873_GAG_HV1JR,A179L,13.821625
P20873_GAG_HV1JR,A179M,13.858673
P20873_GAG_HV1JR,A179N,13.824951
P20873_GAG_HV1JR,A179P,13.849396
P20873_GAG_HV1JR,A179Q,13.829803
P20873_GAG_HV1JR,A179R,13.8932495
P20873_GAG_HV1JR,A179S,11.240814
P20873_GAG_HV1JR,A179T,11.510651
P20873_GAG_HV1JR,A179V,9.055267
P20873_GAG_HV1JR,A179W,13.902863
P20873_GAG_HV1JR,A179Y,13.811523
P20873_GAG_HV1JR,T180A,9.805115
P20873_GAG_HV1JR,T180C,14.345367
P20873_GAG_HV1JR,T180D,14.4149475
P20873_GAG_HV1JR,T180E,14.352753
P20873_GAG_HV1JR,T180F,14.2456665
P20873_GAG_HV1JR,T180G,14.271515
P20873_GAG_HV1JR,T180H,11.748169
P20873_GAG_HV1JR,T180I,12.655945
P20873_GAG_HV1JR,T180K,14.399017
P20873_GAG_HV1JR,T180L,14.279907
P20873_GAG_HV1JR,T180M,14.323669
P20873_GAG_HV1JR,T180N,13.7369995
P20873_GAG_HV1JR,T180P,14.2821045
P20873_GAG_HV1JR,T180Q,14.252258
P20873_GAG_HV1JR,T180R,14.325958
P20873_GAG_HV1JR,T180S,12.270569
P20873_GAG_HV1JR,T180V,13.693848
P20873_GAG_HV1JR,T180W,14.280762
P20873_GAG_HV1JR,T180Y,13.7118225
P20873_GAG_HV1JR,P181A,12.486267
P20873_GAG_HV1JR,P181C,14.870422
P20873_GAG_HV1JR,P181D,14.981415
P20873_GAG_HV1JR,P181E,14.875214
P20873_GAG_HV1JR,P181F,14.925446
P20873_GAG_HV1JR,P181G,14.883759
P20873_GAG_HV1JR,P181H,14.865845
P20873_GAG_HV1JR,P181I,14.845703
P20873_GAG_HV1JR,P181K,14.179199
P20873_GAG_HV1JR,P181L,14.936218
P20873_GAG_HV1JR,P181M,14.916351
P20873_GAG_HV1JR,P181N,14.894745
P20873_GAG_HV1JR,P181Q,14.953369
P20873_GAG_HV1JR,P181R,12.683197
P20873_GAG_HV1JR,P181S,12.220947
P20873_GAG_HV1JR,P181T,14.00061
P20873_GAG_HV1JR,P181V,14.865173
P20873_GAG_HV1JR,P181W,14.839264
P20873_GAG_HV1JR,P181Y,14.894806
P20873_GAG_HV1JR,Q182A,8.02417
P20873_GAG_HV1JR,Q182C,12.055054
P20873_GAG_HV1JR,Q182D,12.122345
P20873_GAG_HV1JR,Q182E,12.141449
P20873_GAG_HV1JR,Q182F,12.159668
P20873_GAG_HV1JR,Q182G,8.070007
P20873_GAG_HV1JR,Q182H,5.2698975
P20873_GAG_HV1JR,Q182I,12.163849
P20873_GAG_HV1JR,Q182K,12.197357
P20873_GAG_HV1JR,Q182L,12.148315
P20873_GAG_HV1JR,Q182M,12.197052
P20873_GAG_HV1JR,Q182N,10.550568
P20873_GAG_HV1JR,Q182P,12.077423
P20873_GAG_HV1JR,Q182R,9.332153
P20873_GAG_HV1JR,Q182S,6.7246704
P20873_GAG_HV1JR,Q182T,6.418762
P20873_GAG_HV1JR,Q182V,12.086273
P20873_GAG_HV1JR,Q182W,12.135345
P20873_GAG_HV1JR,Q182Y,12.161621
P20873_GAG_HV1JR,D183A,14.223053
P20873_GAG_HV1JR,D183C,14.334869
P20873_GAG_HV1JR,D183E,14.285248
P20873_GAG_HV1JR,D183F,14.2438965
P20873_GAG_HV1JR,D183G,11.646271
P20873_GAG_HV1JR,D183H,14.30545
P20873_GAG_HV1JR,D183I,14.300354
P20873_GAG_HV1JR,D183K,14.246307
P20873_GAG_HV1JR,D183L,14.350708
P20873_GAG_HV1JR,D183M,13.652405
P20873_GAG_HV1JR,D183N,9.373016
P20873_GAG_HV1JR,D183P,14.317047
P20873_GAG_HV1JR,D183Q,14.23877
P20873_GAG_HV1JR,D183R,14.304199
P20873_GAG_HV1JR,D183S,11.855957
P20873_GAG_HV1JR,D183T,14.28302
P20873_GAG_HV1JR,D183V,14.284271
P20873_GAG_HV1JR,D183W,14.287445
P20873_GAG_HV1JR,D183Y,11.972168
P20873_GAG_HV1JR,L184A,14.21875
P20873_GAG_HV1JR,L184C,14.217407
P20873_GAG_HV1JR,L184D,14.26236
P20873_GAG_HV1JR,L184E,14.255707
P20873_GAG_HV1JR,L184F,14.131348
P20873_GAG_HV1JR,L184G,14.248596
P20873_GAG_HV1JR,L184H,14.186859
P20873_GAG_HV1JR,L184I,7.4853516
P20873_GAG_HV1JR,L184K,14.251617
P20873_GAG_HV1JR,L184M,14.166962
P20873_GAG_HV1JR,L184N,14.167572
P20873_GAG_HV1JR,L184P,14.272858
P20873_GAG_HV1JR,L184Q,14.293701
P20873_GAG_HV1JR,L184R,13.602417
P20873_GAG_HV1JR,L184S,13.040375
P20873_GAG_HV1JR,L184T,14.176147
P20873_GAG_HV1JR,L184V,14.249908
P20873_GAG_HV1JR,L184W,14.235168
P20873_GAG_HV1JR,L184Y,14.206146
P20873_GAG_HV1JR,N185A,14.070862
P20873_GAG_HV1JR,N185C,14.026947
P20873_GAG_HV1JR,N185D,14.06192
P20873_GAG_HV1JR,N185E,14.0338745
P20873_GAG_HV1JR,N185F,14.069275
P20873_GAG_HV1JR,N185G,14.013611
P20873_GAG_HV1JR,N185H,14.028595
P20873_GAG_HV1JR,N185I,12.1091
P20873_GAG_HV1JR,N185K,12.649109
P20873_GAG_HV1JR,N185L,14.017395
P20873_GAG_HV1JR,N185M,14.106018
P20873_GAG_HV1JR,N185P,14.060822
P20873_GAG_HV1JR,N185Q,14.014557
P20873_GAG_HV1JR,N185R,14.05426
P20873_GAG_HV1JR,N185S,8.802948
P20873_GAG_HV1JR,N185T,14.0971985
P20873_GAG_HV1JR,N185V,13.455872
P20873_GAG_HV1JR,N185W,14.093048
P20873_GAG_HV1JR,N185Y,10.260956
P20873_GAG_HV1JR,T186A,10.155823
P20873_GAG_HV1JR,T186C,10.589264
P20873_GAG_HV1JR,T186D,12.6475525
P20873_GAG_HV1JR,T186E,12.632202
P20873_GAG_HV1JR,T186F,12.709961
P20873_GAG_HV1JR,T186G,10.234802
P20873_GAG_HV1JR,T186H,12.703552
P20873_GAG_HV1JR,T186I,10.217712
P20873_GAG_HV1JR,T186K,12.580017
P20873_GAG_HV1JR,T186L,6.3449707
P20873_GAG_HV1JR,T186M,9.778961
P20873_GAG_HV1JR,T186N,11.132996
P20873_GAG_HV1JR,T186P,10.837555
P20873_GAG_HV1JR,T186Q,12.640167
P20873_GAG_HV1JR,T186R,12.199066
P20873_GAG_HV1JR,T186S,9.78717
P20873_GAG_HV1JR,T186V,8.69812
P20873_GAG_HV1JR,T186W,12.630859
P20873_GAG_HV1JR,T186Y,12.641846
P20873_GAG_HV1JR,M187A,14.207062
P20873_GAG_HV1JR,M187C,14.125122
P20873_GAG_HV1JR,M187D,14.125061
P20873_GAG_HV1JR,M187E,14.131866
P20873_GAG_HV1JR,M187F,14.107849
P20873_GAG_HV1JR,M187G,14.125275
P20873_GAG_HV1JR,M187H,13.508148
P20873_GAG_HV1JR,M187I,9.48111
P20873_GAG_HV1JR,M187K,11.295563
P20873_GAG_HV1JR,M187L,12.129395
P20873_GAG_HV1JR,M187N,14.137604
P20873_GAG_HV1JR,M187P,14.115509
P20873_GAG_HV1JR,M187Q,14.170319
P20873_GAG_HV1JR,M187R,14.111969
P20873_GAG_HV1JR,M187S,13.574097
P20873_GAG_HV1JR,M187T,13.229767
P20873_GAG_HV1JR,M187V,11.193451
P20873_GAG_HV1JR,M187W,14.138702
P20873_GAG_HV1JR,M187Y,14.109161
P20873_GAG_HV1JR,L188A,15.053619
P20873_GAG_HV1JR,L188C,14.321106
P20873_GAG_HV1JR,L188D,14.984863
P20873_GAG_HV1JR,L188E,15.080505
P20873_GAG_HV1JR,L188F,14.991669
P20873_GAG_HV1JR,L188G,14.957306
P20873_GAG_HV1JR,L188H,14.970612
P20873_GAG_HV1JR,L188I,12.281097
P20873_GAG_HV1JR,L188K,15.059448
P20873_GAG_HV1JR,L188M,15.109222
P20873_GAG_HV1JR,L188N,14.365051
P20873_GAG_HV1JR,L188P,12.061707
P20873_GAG_HV1JR,L188Q,14.967163
P20873_GAG_HV1JR,L188R,14.970551
P20873_GAG_HV1JR,L188S,15.023773
P20873_GAG_HV1JR,L188T,14.37381
P20873_GAG_HV1JR,L188V,14.985413
P20873_GAG_HV1JR,L188W,15.117523
P20873_GAG_HV1JR,L188Y,15.130371
P20873_GAG_HV1JR,N189A,14.377258
P20873_GAG_HV1JR,N189C,14.413513
P20873_GAG_HV1JR,N189D,12.10025
P20873_GAG_HV1JR,N189E,14.39151
P20873_GAG_HV1JR,N189F,14.283569
P20873_GAG_HV1JR,N189G,14.33902
P20873_GAG_HV1JR,N189H,14.369995
P20873_GAG_HV1JR,N189I,14.217865
P20873_GAG_HV1JR,N189K,11.882446
P20873_GAG_HV1JR,N189L,14.252319
P20873_GAG_HV1JR,N189M,14.383545
P20873_GAG_HV1JR,N189P,14.410858
P20873_GAG_HV1JR,N189Q,14.361725
P20873_GAG_HV1JR,N189R,14.364075
P20873_GAG_HV1JR,N189S,9.533173
P20873_GAG_HV1JR,N189T,14.299164
P20873_GAG_HV1JR,N189V,14.392761
P20873_GAG_HV1JR,N189W,14.265472
P20873_GAG_HV1JR,N189Y,12.000549
P20873_GAG_HV1JR,T190A,7.6957703
P20873_GAG_HV1JR,T190C,13.448303
P20873_GAG_HV1JR,T190D,12.907959
P20873_GAG_HV1JR,T190E,13.420715
P20873_GAG_HV1JR,T190F,13.394165
P20873_GAG_HV1JR,T190G,13.415649
P20873_GAG_HV1JR,T190H,13.345764
P20873_GAG_HV1JR,T190I,10.966949
P20873_GAG_HV1JR,T190K,13.473053
P20873_GAG_HV1JR,T190L,13.434814
P20873_GAG_HV1JR,T190M,13.4409485
P20873_GAG_HV1JR,T190N,13.417725
P20873_GAG_HV1JR,T190P,12.770905
P20873_GAG_HV1JR,T190Q,13.439545
P20873_GAG_HV1JR,T190R,13.367706
P20873_GAG_HV1JR,T190S,8.193054
P20873_GAG_HV1JR,T190V,10.179321
P20873_GAG_HV1JR,T190W,13.395752
P20873_GAG_HV1JR,T190Y,13.373016
P20873_GAG_HV1JR,V191A,12.323608
P20873_GAG_HV1JR,V191C,10.758514
P20873_GAG_HV1JR,V191D,12.983459
P20873_GAG_HV1JR,V191E,12.973114
P20873_GAG_HV1JR,V191F,12.9505005
P20873_GAG_HV1JR,V191G,9.762146
P20873_GAG_HV1JR,V191H,13.056
P20873_GAG_HV1JR,V191I,5.604706
P20873_GAG_HV1JR,V191K,13.01712
P20873_GAG_HV1JR,V191L,12.936951
P20873_GAG_HV1JR,V191M,10.126801
P20873_GAG_HV1JR,V191N,12.979065
P20873_GAG_HV1JR,V191P,13.017059
P20873_GAG_HV1JR,V191Q,12.928345
P20873_GAG_HV1JR,V191R,13.00827
P20873_GAG_HV1JR,V191S,12.542603
P20873_GAG_HV1JR,V191T,12.896759
P20873_GAG_HV1JR,V191W,12.914856
P20873_GAG_HV1JR,V191Y,12.96106
P20873_GAG_HV1JR,G192A,15.062805
P20873_GAG_HV1JR,G192C,15.020905
P20873_GAG_HV1JR,G192D,15.055817
P20873_GAG_HV1JR,G192E,14.959259
P20873_GAG_HV1JR,G192F,15.007904
P20873_GAG_HV1JR,G192H,15.048523
P20873_GAG_HV1JR,G192I,15.003204
P20873_GAG_HV1JR,G192K,14.351898
P20873_GAG_HV1JR,G192L,15.040924
P20873_GAG_HV1JR,G192M,15.046448
P20873_GAG_HV1JR,G192N,15.033447
P20873_GAG_HV1JR,G192P,15.011353
P20873_GAG_HV1JR,G192Q,15.095001
P20873_GAG_HV1JR,G192R,10.703003
P20873_GAG_HV1JR,G192S,15.0590515
P20873_GAG_HV1JR,G192T,14.279114
P20873_GAG_HV1JR,G192V,14.280945
P20873_GAG_HV1JR,G192W,14.992554
P20873_GAG_HV1JR,G192Y,15.031647
P20873_GAG_HV1JR,G193A,11.567047
P20873_GAG_HV1JR,G193C,14.005707
P20873_GAG_HV1JR,G193D,9.4166565
P20873_GAG_HV1JR,G193E,9.060425
P20873_GAG_HV1JR,G193F,13.979614
P20873_GAG_HV1JR,G193H,13.966064
P20873_GAG_HV1JR,G193I,13.385223
P20873_GAG_HV1JR,G193K,13.992065
P20873_GAG_HV1JR,G193L,13.992249
P20873_GAG_HV1JR,G193M,13.959961
P20873_GAG_HV1JR,G193N,14.037506
P20873_GAG_HV1JR,G193P,13.990845
P20873_GAG_HV1JR,G193Q,13.448761
P20873_GAG_HV1JR,G193R,13.740967
P20873_GAG_HV1JR,G193S,13.910095
P20873_GAG_HV1JR,G193T,13.484619
P20873_GAG_HV1JR,G193V,13.963654
P20873_GAG_HV1JR,G193W,14.085968
P20873_GAG_HV1JR,G193Y,13.969757
P20873_GAG_HV1JR,H194A,13.524048
P20873_GAG_HV1JR,H194C,14.276459
P20873_GAG_HV1JR,H194D,14.227295
P20873_GAG_HV1JR,H194E,14.227203
P20873_GAG_HV1JR,H194F,14.231201
P20873_GAG_HV1JR,H194G,14.186249
P20873_GAG_HV1JR,H194I,14.217468
P20873_GAG_HV1JR,H194K,14.227356
P20873_GAG_HV1JR,H194L,10.589172
P20873_GAG_HV1JR,H194M,14.136902
P20873_GAG_HV1JR,H194N,14.167664
P20873_GAG_HV1JR,H194P,14.225159
P20873_GAG_HV1JR,H194Q,14.223206
P20873_GAG_HV1JR,H194R,8.865997
P20873_GAG_HV1JR,H194S,14.173401
P20873_GAG_HV1JR,H194T,13.54657
P20873_GAG_HV1JR,H194V,14.193573
P20873_GAG_HV1JR,H194W,14.206207
P20873_GAG_HV1JR,H194Y,11.826599
P20873_GAG_HV1JR,Q195A,14.957855
P20873_GAG_HV1JR,Q195C,15.028168
P20873_GAG_HV1JR,Q195D,15.124664
P20873_GAG_HV1JR,Q195E,14.953247
P20873_GAG_HV1JR,Q195F,15.011475
P20873_GAG_HV1JR,Q195G,14.917267
P20873_GAG_HV1JR,Q195H,12.17981
P20873_GAG_HV1JR,Q195I,15.054596
P20873_GAG_HV1JR,Q195K,14.975861
P20873_GAG_HV1JR,Q195L,15.023956
P20873_GAG_HV1JR,Q195M,14.980774
P20873_GAG_HV1JR,Q195N,14.988251
P20873_GAG_HV1JR,Q195P,14.26236
P20873_GAG_HV1JR,Q195R,11.746796
P20873_GAG_HV1JR,Q195S,14.992798
P20873_GAG_HV1JR,Q195T,14.312195
P20873_GAG_HV1JR,Q195V,15.027222
P20873_GAG_HV1JR,Q195W,15.066772
P20873_GAG_HV1JR,Q195Y,14.9565735
P20873_GAG_HV1JR,A196C,14.448853
P20873_GAG_HV1JR,A196D,14.4505005
P20873_GAG_HV1JR,A196E,13.792023
P20873_GAG_HV1JR,A196F,14.421661
P20873_GAG_HV1JR,A196G,10.135498
P20873_GAG_HV1JR,A196H,14.417145
P20873_GAG_HV1JR,A196I,14.506073
P20873_GAG_HV1JR,A196K,14.489349
P20873_GAG_HV1JR,A196L,14.454254
P20873_GAG_HV1JR,A196M,14.426147
P20873_GAG_HV1JR,A196N,14.385773
P20873_GAG_HV1JR,A196P,14.463013
P20873_GAG_HV1JR,A196Q,14.440399
P20873_GAG_HV1JR,A196R,14.45752
P20873_GAG_HV1JR,A196S,14.428223
P20873_GAG_HV1JR,A196T,11.605957
P20873_GAG_HV1JR,A196V,11.79071
P20873_GAG_HV1JR,A196W,14.376404
P20873_GAG_HV1JR,A196Y,14.420563
P20873_GAG_HV1JR,A197C,14.324402
P20873_GAG_HV1JR,A197D,15.085907
P20873_GAG_HV1JR,A197E,15.070465
P20873_GAG_HV1JR,A197F,15.221924
P20873_GAG_HV1JR,A197G,12.242401
P20873_GAG_HV1JR,A197H,15.13562
P20873_GAG_HV1JR,A197I,14.356964
P20873_GAG_HV1JR,A197K,15.104462
P20873_GAG_HV1JR,A197L,15.02771
P20873_GAG_HV1JR,A197M,15.127014
P20873_GAG_HV1JR,A197N,15.102509
P20873_GAG_HV1JR,A197P,15.170319
P20873_GAG_HV1JR,A197Q,15.094025
P20873_GAG_HV1JR,A197R,15.087311
P20873_GAG_HV1JR,A197S,15.230957
P20873_GAG_HV1JR,A197T,15.032745
P20873_GAG_HV1JR,A197V,12.115021
P20873_GAG_HV1JR,A197W,15.073273
P20873_GAG_HV1JR,A197Y,15.099121
P20873_GAG_HV1JR,M198A,14.082764
P20873_GAG_HV1JR,M198C,14.077454
P20873_GAG_HV1JR,M198D,14.092773
P20873_GAG_HV1JR,M198E,14.002014
P20873_GAG_HV1JR,M198F,14.117859
P20873_GAG_HV1JR,M198G,14.053101
P20873_GAG_HV1JR,M198H,14.088348
P20873_GAG_HV1JR,M198I,11.062622
P20873_GAG_HV1JR,M198K,14.167114
P20873_GAG_HV1JR,M198L,10.351196
P20873_GAG_HV1JR,M198N,14.035461
P20873_GAG_HV1JR,M198P,13.475372
P20873_GAG_HV1JR,M198Q,14.009705
P20873_GAG_HV1JR,M198R,13.478699
P20873_GAG_HV1JR,M198S,14.0469055
P20873_GAG_HV1JR,M198T,11.323975
P20873_GAG_HV1JR,M198V,9.739166
P20873_GAG_HV1JR,M198W,14.039001
P20873_GAG_HV1JR,M198Y,14.021149
P20873_GAG_HV1JR,Q199A,14.329651
P20873_GAG_HV1JR,Q199C,14.299347
P20873_GAG_HV1JR,Q199D,14.224396
P20873_GAG_HV1JR,Q199E,13.499359
P20873_GAG_HV1JR,Q199F,14.209717
P20873_GAG_HV1JR,Q199G,14.144012
P20873_GAG_HV1JR,Q199H,11.228455
P20873_GAG_HV1JR,Q199I,14.267822
P20873_GAG_HV1JR,Q199K,13.507019
P20873_GAG_HV1JR,Q199L,11.7118225
P20873_GAG_HV1JR,Q199M,14.146423
P20873_GAG_HV1JR,Q199N,14.177399
P20873_GAG_HV1JR,Q199P,11.8437195
P20873_GAG_HV1JR,Q199R,10.061157
P20873_GAG_HV1JR,Q199S,14.27417
P20873_GAG_HV1JR,Q199T,14.209656
P20873_GAG_HV1JR,Q199V,14.128815
P20873_GAG_HV1JR,Q199W,14.169006
P20873_GAG_HV1JR,Q199Y,14.22406
P20873_GAG_HV1JR,M200A,12.98111
P20873_GAG_HV1JR,M200C,13.018372
P20873_GAG_HV1JR,M200D,12.508972
P20873_GAG_HV1JR,M200E,12.976257
P20873_GAG_HV1JR,M200F,12.920746
P20873_GAG_HV1JR,M200G,13.034546
P20873_GAG_HV1JR,M200H,12.941864
P20873_GAG_HV1JR,M200I,4.8528748
P20873_GAG_HV1JR,M200K,12.565704
P20873_GAG_HV1JR,M200L,11.190399
P20873_GAG_HV1JR,M200N,13.011047
P20873_GAG_HV1JR,M200P,13.003571
P20873_GAG_HV1JR,M200Q,13.010254
P20873_GAG_HV1JR,M200R,12.985748
P20873_GAG_HV1JR,M200S,13.015869
P20873_GAG_HV1JR,M200T,12.669556
P20873_GAG_HV1JR,M200V,12.50592
P20873_GAG_HV1JR,M200W,13.001007
P20873_GAG_HV1JR,M200Y,13.06015
P20873_GAG_HV1JR,L201A,14.048645
P20873_GAG_HV1JR,L201C,14.040955
P20873_GAG_HV1JR,L201D,14.033813
P20873_GAG_HV1JR,L201E,14.010345
P20873_GAG_HV1JR,L201F,11.588867
P20873_GAG_HV1JR,L201G,13.967316
P20873_GAG_HV1JR,L201H,13.95755
P20873_GAG_HV1JR,L201I,8.449005
P20873_GAG_HV1JR,L201K,13.900665
P20873_GAG_HV1JR,L201M,14.014954
P20873_GAG_HV1JR,L201N,13.949554
P20873_GAG_HV1JR,L201P,14.05011
P20873_GAG_HV1JR,L201Q,14.003357
P20873_GAG_HV1JR,L201R,13.957703
P20873_GAG_HV1JR,L201S,11.349365
P20873_GAG_HV1JR,L201T,13.384949
P20873_GAG_HV1JR,L201V,11.565613
P20873_GAG_HV1JR,L201W,14.04657
P20873_GAG_HV1JR,L201Y,13.964264
P20873_GAG_HV1JR,K202A,14.108856
P20873_GAG_HV1JR,K202C,14.716217
P20873_GAG_HV1JR,K202D,14.742065
P20873_GAG_HV1JR,K202E,14.326172
P20873_GAG_HV1JR,K202F,14.011566
P20873_GAG_HV1JR,K202G,14.664917
P20873_GAG_HV1JR,K202H,14.7673645
P20873_GAG_HV1JR,K202I,14.738159
P20873_GAG_HV1JR,K202L,14.710297
P20873_GAG_HV1JR,K202M,14.709045
P20873_GAG_HV1JR,K202N,12.041504
P20873_GAG_HV1JR,K202P,14.749207
P20873_GAG_HV1JR,K202Q,13.966766
P20873_GAG_HV1JR,K202R,10.778015
P20873_GAG_HV1JR,K202S,14.680054
P20873_GAG_HV1JR,K202T,14.699921
P20873_GAG_HV1JR,K202V,14.761719
P20873_GAG_HV1JR,K202W,14.75235
P20873_GAG_HV1JR,K202Y,14.707153
P20873_GAG_HV1JR,E203A,12.384796
P20873_GAG_HV1JR,E203C,12.367859
P20873_GAG_HV1JR,E203D,4.047699
P20873_GAG_HV1JR,E203F,12.385101
P20873_GAG_HV1JR,E203G,7.3798523
P20873_GAG_HV1JR,E203H,12.244965
P20873_GAG_HV1JR,E203I,12.391113
P20873_GAG_HV1JR,E203K,8.931854
P20873_GAG_HV1JR,E203L,12.304962
P20873_GAG_HV1JR,E203M,12.382599
P20873_GAG_HV1JR,E203N,10.312622
P20873_GAG_HV1JR,E203P,12.350464
P20873_GAG_HV1JR,E203Q,12.053253
P20873_GAG_HV1JR,E203R,12.331818
P20873_GAG_HV1JR,E203S,12.331757
P20873_GAG_HV1JR,E203T,12.466766
P20873_GAG_HV1JR,E203V,12.378052
P20873_GAG_HV1JR,E203W,12.25946
P20873_GAG_HV1JR,E203Y,12.373871
P20873_GAG_HV1JR,T204A,7.3499146
P20873_GAG_HV1JR,T204C,12.88205
P20873_GAG_HV1JR,T204D,12.84317
P20873_GAG_HV1JR,T204E,12.938507
P20873_GAG_HV1JR,T204F,12.872803
P20873_GAG_HV1JR,T204G,12.990753
P20873_GAG_HV1JR,T204H,12.899445
P20873_GAG_HV1JR,T204I,11.529907
P20873_GAG_HV1JR,T204K,12.38916
P20873_GAG_HV1JR,T204L,12.869171
P20873_GAG_HV1JR,T204M,12.901215
P20873_GAG_HV1JR,T204N,12.92392
P20873_GAG_HV1JR,T204P,8.654999
P20873_GAG_HV1JR,T204Q,12.936462
P20873_GAG_HV1JR,T204R,12.843109
P20873_GAG_HV1JR,T204S,12.858246
P20873_GAG_HV1JR,T204V,5.8950195
P20873_GAG_HV1JR,T204W,12.914124
P20873_GAG_HV1JR,T204Y,12.885498
P20873_GAG_HV1JR,I205A,13.804565
P20873_GAG_HV1JR,I205C,13.784149
P20873_GAG_HV1JR,I205D,13.772095
P20873_GAG_HV1JR,I205E,13.854248
P20873_GAG_HV1JR,I205F,8.382355
P20873_GAG_HV1JR,I205G,13.814972
P20873_GAG_HV1JR,I205H,13.825104
P20873_GAG_HV1JR,I205K,13.858368
P20873_GAG_HV1JR,I205L,10.506775
P20873_GAG_HV1JR,I205M,13.815216
P20873_GAG_HV1JR,I205N,13.723267
P20873_GAG_HV1JR,I205P,13.709595
P20873_GAG_HV1JR,I205Q,13.776703
P20873_GAG_HV1JR,I205R,13.780853
P20873_GAG_HV1JR,I205S,13.803223
P20873_GAG_HV1JR,I205T,11.532196
P20873_GAG_HV1JR,I205V,9.947845
P20873_GAG_HV1JR,I205W,13.841522
P20873_GAG_HV1JR,I205Y,13.836761
P20873_GAG_HV1JR,N206A,15.52005
P20873_GAG_HV1JR,N206C,15.504456
P20873_GAG_HV1JR,N206D,15.49472
P20873_GAG_HV1JR,N206E,15.520416
P20873_GAG_HV1JR,N206F,15.474396
P20873_GAG_HV1JR,N206G,15.402252
P20873_GAG_HV1JR,N206H,12.951752
P20873_GAG_HV1JR,N206I,15.44986
P20873_GAG_HV1JR,N206K,15.442474
P20873_GAG_HV1JR,N206L,15.482605
P20873_GAG_HV1JR,N206M,15.466461
P20873_GAG_HV1JR,N206P,15.421967
P20873_GAG_HV1JR,N206Q,14.673096
P20873_GAG_HV1JR,N206R,15.402557
P20873_GAG_HV1JR,N206S,15.508453
P20873_GAG_HV1JR,N206T,14.65387
P20873_GAG_HV1JR,N206V,15.430969
P20873_GAG_HV1JR,N206W,15.384949
P20873_GAG_HV1JR,N206Y,15.457153
P20873_GAG_HV1JR,E207A,9.6813965
P20873_GAG_HV1JR,E207C,12.750061
P20873_GAG_HV1JR,E207D,4.943695
P20873_GAG_HV1JR,E207F,12.808624
P20873_GAG_HV1JR,E207G,10.649872
P20873_GAG_HV1JR,E207H,12.79126
P20873_GAG_HV1JR,E207I,12.766815
P20873_GAG_HV1JR,E207K,12.137756
P20873_GAG_HV1JR,E207L,12.795807
P20873_GAG_HV1JR,E207M,12.967224
P20873_GAG_HV1JR,E207N,12.822296
P20873_GAG_HV1JR,E207P,12.779663
P20873_GAG_HV1JR,E207Q,12.793945
P20873_GAG_HV1JR,E207R,12.849121
P20873_GAG_HV1JR,E207S,12.874817
P20873_GAG_HV1JR,E207T,12.780914
P20873_GAG_HV1JR,E207V,10.714172
P20873_GAG_HV1JR,E207W,12.721069
P20873_GAG_HV1JR,E207Y,12.856812
P20873_GAG_HV1JR,E208A,14.04245
P20873_GAG_HV1JR,E208C,13.981323
P20873_GAG_HV1JR,E208D,14.055908
P20873_GAG_HV1JR,E208F,14.073151
P20873_GAG_HV1JR,E208G,9.909546
P20873_GAG_HV1JR,E208H,14.078918
P20873_GAG_HV1JR,E208I,14.095062
P20873_GAG_HV1JR,E208K,8.815704
P20873_GAG_HV1JR,E208L,14.027863
P20873_GAG_HV1JR,E208M,14.047852
P20873_GAG_HV1JR,E208N,14.068146
P20873_GAG_HV1JR,E208P,14.098145
P20873_GAG_HV1JR,E208Q,14.029663
P20873_GAG_HV1JR,E208R,14.070953
P20873_GAG_HV1JR,E208S,13.477722
P20873_GAG_HV1JR,E208T,14.078552
P20873_GAG_HV1JR,E208V,11.527954
P20873_GAG_HV1JR,E208W,14.023651
P20873_GAG_HV1JR,E208Y,14.087067
P20873_GAG_HV1JR,A209C,14.257904
P20873_GAG_HV1JR,A209D,14.149658
P20873_GAG_HV1JR,A209E,14.219818
P20873_GAG_HV1JR,A209F,14.121307
P20873_GAG_HV1JR,A209G,14.1539
P20873_GAG_HV1JR,A209H,14.232849
P20873_GAG_HV1JR,A209I,10.111145
P20873_GAG_HV1JR,A209K,14.235199
P20873_GAG_HV1JR,A209L,14.185455
P20873_GAG_HV1JR,A209M,14.187256
P20873_GAG_HV1JR,A209N,14.26416
P20873_GAG_HV1JR,A209P,14.138916
P20873_GAG_HV1JR,A209Q,14.180023
P20873_GAG_HV1JR,A209R,14.186066
P20873_GAG_HV1JR,A209S,12.138458
P20873_GAG_HV1JR,A209T,10.0903015
P20873_GAG_HV1JR,A209V,12.42865
P20873_GAG_HV1JR,A209W,14.201019
P20873_GAG_HV1JR,A209Y,13.573212
P20873_GAG_HV1JR,A210C,12.964905
P20873_GAG_HV1JR,A210D,13.008209
P20873_GAG_HV1JR,A210E,12.833252
P20873_GAG_HV1JR,A210F,12.985046
P20873_GAG_HV1JR,A210G,8.878113
P20873_GAG_HV1JR,A210H,13.032166
P20873_GAG_HV1JR,A210I,9.994751
P20873_GAG_HV1JR,A210K,12.946747
P20873_GAG_HV1JR,A210L,10.032013
P20873_GAG_HV1JR,A210M,13.007599
P20873_GAG_HV1JR,A210N,13.006622
P20873_GAG_HV1JR,A210P,11.612122
P20873_GAG_HV1JR,A210Q,12.889404
P20873_GAG_HV1JR,A210R,12.935364
P20873_GAG_HV1JR,A210S,7.962311
P20873_GAG_HV1JR,A210T,10.659119
P20873_GAG_HV1JR,A210V,6.8612976
P20873_GAG_HV1JR,A210W,12.951569
P20873_GAG_HV1JR,A210Y,12.995972
P20873_GAG_HV1JR,E211A,12.3784485
P20873_GAG_HV1JR,E211C,12.349121
P20873_GAG_HV1JR,E211D,4.0104675
P20873_GAG_HV1JR,E211F,12.378174
P20873_GAG_HV1JR,E211G,8.832306
P20873_GAG_HV1JR,E211H,12.424164
P20873_GAG_HV1JR,E211I,11.99295
P20873_GAG_HV1JR,E211K,8.440216
P20873_GAG_HV1JR,E211L,11.921722
P20873_GAG_HV1JR,E211M,12.336945
P20873_GAG_HV1JR,E211N,9.743164
P20873_GAG_HV1JR,E211P,12.31546
P20873_GAG_HV1JR,E211Q,10.581146
P20873_GAG_HV1JR,E211R,12.264099
P20873_GAG_HV1JR,E211S,12.30072
P20873_GAG_HV1JR,E211T,12.328369
P20873_GAG_HV1JR,E211V,11.425873
P20873_GAG_HV1JR,E211W,12.259216
P20873_GAG_HV1JR,E211Y,12.405609
P20873_GAG_HV1JR,W212A,14.80481
P20873_GAG_HV1JR,W212C,14.836395
P20873_GAG_HV1JR,W212D,14.7612
P20873_GAG_HV1JR,W212E,14.78302
P20873_GAG_HV1JR,W212F,14.126221
P20873_GAG_HV1JR,W212G,11.984161
P20873_GAG_HV1JR,W212H,14.808472
P20873_GAG_HV1JR,W212I,14.783112
P20873_GAG_HV1JR,W212K,14.845703
P20873_GAG_HV1JR,W212L,14.74585
P20873_GAG_HV1JR,W212M,14.763611
P20873_GAG_HV1JR,W212N,14.79306
P20873_GAG_HV1JR,W212P,14.805023
P20873_GAG_HV1JR,W212Q,14.747772
P20873_GAG_HV1JR,W212R,11.788452
P20873_GAG_HV1JR,W212S,12.873474
P20873_GAG_HV1JR,W212T,14.761017
P20873_GAG_HV1JR,W212V,14.801971
P20873_GAG_HV1JR,W212Y,14.763855
P20873_GAG_HV1JR,D213A,14.294373
P20873_GAG_HV1JR,D213C,14.282013
P20873_GAG_HV1JR,D213E,11.666046
P20873_GAG_HV1JR,D213F,14.259766
P20873_GAG_HV1JR,D213G,13.640869
P20873_GAG_HV1JR,D213H,14.362274
P20873_GAG_HV1JR,D213I,14.272217
P20873_GAG_HV1JR,D213K,14.275055
P20873_GAG_HV1JR,D213L,14.297852
P20873_GAG_HV1JR,D213M,14.337402
P20873_GAG_HV1JR,D213N,9.673767
P20873_GAG_HV1JR,D213P,14.27005
P20873_GAG_HV1JR,D213Q,14.273254
P20873_GAG_HV1JR,D213R,14.198669
P20873_GAG_HV1JR,D213S,14.302124
P20873_GAG_HV1JR,D213T,14.33316
P20873_GAG_HV1JR,D213V,14.286621
P20873_GAG_HV1JR,D213W,14.236816
P20873_GAG_HV1JR,D213Y,11.348602
P20873_GAG_HV1JR,R214A,14.340607
P20873_GAG_HV1JR,R214C,14.340973
P20873_GAG_HV1JR,R214D,14.416748
P20873_GAG_HV1JR,R214E,14.396118
P20873_GAG_HV1JR,R214F,14.377655
P20873_GAG_HV1JR,R214G,11.466461
P20873_GAG_HV1JR,R214H,14.328918
P20873_GAG_HV1JR,R214I,14.3871155
P20873_GAG_HV1JR,R214K,8.560699
P20873_GAG_HV1JR,R214L,14.311859
P20873_GAG_HV1JR,R214M,14.312195
P20873_GAG_HV1JR,R214N,14.336853
P20873_GAG_HV1JR,R214P,14.361664
P20873_GAG_HV1JR,R214Q,14.345795
P20873_GAG_HV1JR,R214S,13.892151
P20873_GAG_HV1JR,R214T,14.369324
P20873_GAG_HV1JR,R214V,14.36615
P20873_GAG_HV1JR,R214W,14.300018
P20873_GAG_HV1JR,R214Y,14.431946
P20873_GAG_HV1JR,L215A,10.137817
P20873_GAG_HV1JR,L215C,11.281006
P20873_GAG_HV1JR,L215D,11.307556
P20873_GAG_HV1JR,L215E,11.254303
P20873_GAG_HV1JR,L215F,11.206024
P20873_GAG_HV1JR,L215G,11.2057495
P20873_GAG_HV1JR,L215H,11.235504
P20873_GAG_HV1JR,L215I,5.0995483
P20873_GAG_HV1JR,L215K,11.2413025
P20873_GAG_HV1JR,L215M,4.3302
P20873_GAG_HV1JR,L215N,11.244904
P20873_GAG_HV1JR,L215P,10.816895
P20873_GAG_HV1JR,L215Q,9.038025
P20873_GAG_HV1JR,L215R,11.128265
P20873_GAG_HV1JR,L215S,9.696167
P20873_GAG_HV1JR,L215T,4.985199
P20873_GAG_HV1JR,L215V,2.723053
P20873_GAG_HV1JR,L215W,11.335815
P20873_GAG_HV1JR,L215Y,11.170258
P20873_GAG_HV1JR,H216A,14.317261
P20873_GAG_HV1JR,H216C,14.346069
P20873_GAG_HV1JR,H216D,13.806671
P20873_GAG_HV1JR,H216E,14.440216
P20873_GAG_HV1JR,H216F,14.449554
P20873_GAG_HV1JR,H216G,14.364014
P20873_GAG_HV1JR,H216I,14.323364
P20873_GAG_HV1JR,H216K,14.38385
P20873_GAG_HV1JR,H216L,14.432617
P20873_GAG_HV1JR,H216M,14.423157
P20873_GAG_HV1JR,H216N,9.042297
P20873_GAG_HV1JR,H216P,14.395874
P20873_GAG_HV1JR,H216Q,14.450348
P20873_GAG_HV1JR,H216R,14.358124
P20873_GAG_HV1JR,H216S,14.425446
P20873_GAG_HV1JR,H216T,14.480652
P20873_GAG_HV1JR,H216V,14.415375
P20873_GAG_HV1JR,H216W,14.487274
P20873_GAG_HV1JR,H216Y,12.1206665
P20873_GAG_HV1JR,P217A,14.20105
P20873_GAG_HV1JR,P217C,15.160065
P20873_GAG_HV1JR,P217D,15.139099
P20873_GAG_HV1JR,P217E,15.175903
P20873_GAG_HV1JR,P217F,15.127869
P20873_GAG_HV1JR,P217G,15.137451
P20873_GAG_HV1JR,P217H,15.177795
P20873_GAG_HV1JR,P217I,15.14856
P20873_GAG_HV1JR,P217K,15.092804
P20873_GAG_HV1JR,P217L,15.204712
P20873_GAG_HV1JR,P217M,15.1024475
P20873_GAG_HV1JR,P217N,15.178253
P20873_GAG_HV1JR,P217Q,15.096313
P20873_GAG_HV1JR,P217R,15.152771
P20873_GAG_HV1JR,P217S,10.980896
P20873_GAG_HV1JR,P217T,15.231049
P20873_GAG_HV1JR,P217V,14.465454
P20873_GAG_HV1JR,P217W,15.165558
P20873_GAG_HV1JR,P217Y,15.1073
P20873_GAG_HV1JR,V218A,4.3828125
P20873_GAG_HV1JR,V218C,11.750549
P20873_GAG_HV1JR,V218D,11.696045
P20873_GAG_HV1JR,V218E,10.214355
P20873_GAG_HV1JR,V218F,11.683105
P20873_GAG_HV1JR,V218G,10.764648
P20873_GAG_HV1JR,V218H,11.700806
P20873_GAG_HV1JR,V218I,6.0928955
P20873_GAG_HV1JR,V218K,11.702118
P20873_GAG_HV1JR,V218L,9.406769
P20873_GAG_HV1JR,V218M,8.950409
P20873_GAG_HV1JR,V218N,11.737518
P20873_GAG_HV1JR,V218P,4.922516
P20873_GAG_HV1JR,V218Q,8.023468
P20873_GAG_HV1JR,V218R,10.301147
P20873_GAG_HV1JR,V218S,11.754211
P20873_GAG_HV1JR,V218T,8.206024
P20873_GAG_HV1JR,V218W,11.728424
P20873_GAG_HV1JR,V218Y,11.763672
P20873_GAG_HV1JR,H219A,7.623047
P20873_GAG_HV1JR,H219C,11.4904175
P20873_GAG_HV1JR,H219D,11.503296
P20873_GAG_HV1JR,H219E,11.58786
P20873_GAG_HV1JR,H219F,11.560822
P20873_GAG_HV1JR,H219G,11.52182
P20873_GAG_HV1JR,H219I,11.55191
P20873_GAG_HV1JR,H219K,11.686066
P20873_GAG_HV1JR,H219L,11.492554
P20873_GAG_HV1JR,H219M,11.535645
P20873_GAG_HV1JR,H219N,11.2282715
P20873_GAG_HV1JR,H219P,5.9558716
P20873_GAG_HV1JR,H219Q,2.3409119
P20873_GAG_HV1JR,H219R,9.87912
P20873_GAG_HV1JR,H219S,11.501465
P20873_GAG_HV1JR,H219T,11.548706
P20873_GAG_HV1JR,H219V,11.532074
P20873_GAG_HV1JR,H219W,11.511749
P20873_GAG_HV1JR,H219Y,9.876251
P20873_GAG_HV1JR,A220C,14.688507
P20873_GAG_HV1JR,A220D,14.750397
P20873_GAG_HV1JR,A220E,14.665161
P20873_GAG_HV1JR,A220F,14.724945
P20873_GAG_HV1JR,A220G,14.587402
P20873_GAG_HV1JR,A220H,14.758057
P20873_GAG_HV1JR,A220I,14.064545
P20873_GAG_HV1JR,A220K,14.704651
P20873_GAG_HV1JR,A220L,14.752197
P20873_GAG_HV1JR,A220M,14.681854
P20873_GAG_HV1JR,A220N,14.757721
P20873_GAG_HV1JR,A220P,14.726868
P20873_GAG_HV1JR,A220Q,14.659149
P20873_GAG_HV1JR,A220R,14.722656
P20873_GAG_HV1JR,A220S,13.857605
P20873_GAG_HV1JR,A220T,10.337067
P20873_GAG_HV1JR,A220V,11.842773
P20873_GAG_HV1JR,A220W,14.763763
P20873_GAG_HV1JR,A220Y,13.966156
P20873_GAG_HV1JR,G221A,15.034058
P20873_GAG_HV1JR,G221C,14.410614
P20873_GAG_HV1JR,G221D,15.059753
P20873_GAG_HV1JR,G221E,13.450073
P20873_GAG_HV1JR,G221F,15.117096
P20873_GAG_HV1JR,G221H,15.031921
P20873_GAG_HV1JR,G221I,15.056366
P20873_GAG_HV1JR,G221K,15.140106
P20873_GAG_HV1JR,G221L,15.053406
P20873_GAG_HV1JR,G221M,15.023254
P20873_GAG_HV1JR,G221N,15.034515
P20873_GAG_HV1JR,G221P,15.056824
P20873_GAG_HV1JR,G221Q,15.137848
P20873_GAG_HV1JR,G221R,11.201813
P20873_GAG_HV1JR,G221S,15.059174
P20873_GAG_HV1JR,G221T,15.11795
P20873_GAG_HV1JR,G221V,15.143524
P20873_GAG_HV1JR,G221W,15.0720215
P20873_GAG_HV1JR,G221Y,15.066345
P20873_GAG_HV1JR,P222A,14.586548
P20873_GAG_HV1JR,P222C,15.232056
P20873_GAG_HV1JR,P222D,15.3090515
P20873_GAG_HV1JR,P222E,15.251801
P20873_GAG_HV1JR,P222F,15.251709
P20873_GAG_HV1JR,P222G,15.308868
P20873_GAG_HV1JR,P222H,15.3741455
P20873_GAG_HV1JR,P222I,15.322815
P20873_GAG_HV1JR,P222K,14.54126
P20873_GAG_HV1JR,P222L,11.604767
P20873_GAG_HV1JR,P222M,15.344269
P20873_GAG_HV1JR,P222N,14.493347
P20873_GAG_HV1JR,P222Q,15.378357
P20873_GAG_HV1JR,P222R,15.251862
P20873_GAG_HV1JR,P222S,14.850006
P20873_GAG_HV1JR,P222T,15.289612
P20873_GAG_HV1JR,P222V,15.244812
P20873_GAG_HV1JR,P222W,15.351624
P20873_GAG_HV1JR,P222Y,15.218903
P20873_GAG_HV1JR,I223A,4.6620483
P20873_GAG_HV1JR,I223C,10.7258
P20873_GAG_HV1JR,I223D,8.724701
P20873_GAG_HV1JR,I223E,10.510864
P20873_GAG_HV1JR,I223F,10.740997
P20873_GAG_HV1JR,I223G,10.745911
P20873_GAG_HV1JR,I223H,6.586273
P20873_GAG_HV1JR,I223K,10.801514
P20873_GAG_HV1JR,I223L,6.465149
P20873_GAG_HV1JR,I223M,7.9995117
P20873_GAG_HV1JR,I223N,5.1358643
P20873_GAG_HV1JR,I223P,4.8982544
P20873_GAG_HV1JR,I223Q,10.776306
P20873_GAG_HV1JR,I223R,10.822052
P20873_GAG_HV1JR,I223S,10.799011
P20873_GAG_HV1JR,I223T,5.6948547
P20873_GAG_HV1JR,I223V,1.3644714
P20873_GAG_HV1JR,I223W,10.695251
P20873_GAG_HV1JR,I223Y,8.2812195
P20873_GAG_HV1JR,A224C,12.975769
P20873_GAG_HV1JR,A224D,13.00235
P20873_GAG_HV1JR,A224E,13.054108
P20873_GAG_HV1JR,A224F,13.005249
P20873_GAG_HV1JR,A224G,13.05307
P20873_GAG_HV1JR,A224H,12.96756
P20873_GAG_HV1JR,A224I,12.959564
P20873_GAG_HV1JR,A224K,13.046661
P20873_GAG_HV1JR,A224L,13.0841675
P20873_GAG_HV1JR,A224M,13.015411
P20873_GAG_HV1JR,A224N,13.015961
P20873_GAG_HV1JR,A224P,6.051605
P20873_GAG_HV1JR,A224Q,8.036804
P20873_GAG_HV1JR,A224R,13.094147
P20873_GAG_HV1JR,A224S,13.029602
P20873_GAG_HV1JR,A224T,10.737915
P20873_GAG_HV1JR,A224V,8.8828125
P20873_GAG_HV1JR,A224W,12.990906
P20873_GAG_HV1JR,A224Y,13.028351
P20873_GAG_HV1JR,P225A,8.071655
P20873_GAG_HV1JR,P225C,13.0216675
P20873_GAG_HV1JR,P225D,13.697113
P20873_GAG_HV1JR,P225E,13.626862
P20873_GAG_HV1JR,P225F,13.745972
P20873_GAG_HV1JR,P225G,13.597595
P20873_GAG_HV1JR,P225H,13.704773
P20873_GAG_HV1JR,P225I,13.681549
P20873_GAG_HV1JR,P225K,13.712006
P20873_GAG_HV1JR,P225L,11.533417
P20873_GAG_HV1JR,P225M,13.674103
P20873_GAG_HV1JR,P225N,13.70932
P20873_GAG_HV1JR,P225Q,8.418121
P20873_GAG_HV1JR,P225R,13.585846
P20873_GAG_HV1JR,P225S,13.423798
P20873_GAG_HV1JR,P225T,13.52536
P20873_GAG_HV1JR,P225V,11.610107
P20873_GAG_HV1JR,P225W,13.657806
P20873_GAG_HV1JR,P225Y,13.622711
P20873_GAG_HV1JR,G226A,11.19455
P20873_GAG_HV1JR,G226C,13.970367
P20873_GAG_HV1JR,G226D,10.5850525
P20873_GAG_HV1JR,G226E,13.9123535
P20873_GAG_HV1JR,G226F,13.995819
P20873_GAG_HV1JR,G226H,13.9888
P20873_GAG_HV1JR,G226I,13.9366455
P20873_GAG_HV1JR,G226K,13.939209
P20873_GAG_HV1JR,G226L,13.962555
P20873_GAG_HV1JR,G226M,14.031555
P20873_GAG_HV1JR,G226N,9.906952
P20873_GAG_HV1JR,G226P,13.95047
P20873_GAG_HV1JR,G226Q,14.009796
P20873_GAG_HV1JR,G226R,10.468903
P20873_GAG_HV1JR,G226S,13.492371
P20873_GAG_HV1JR,G226T,13.902069
P20873_GAG_HV1JR,G226V,11.648254
P20873_GAG_HV1JR,G226W,13.903046
P20873_GAG_HV1JR,G226Y,13.9253235
P20873_GAG_HV1JR,Q227A,14.953003
P20873_GAG_HV1JR,Q227C,14.958954
P20873_GAG_HV1JR,Q227D,14.982147
P20873_GAG_HV1JR,Q227E,14.916718
P20873_GAG_HV1JR,Q227F,15.032959
P20873_GAG_HV1JR,Q227G,15.020996
P20873_GAG_HV1JR,Q227H,14.839264
P20873_GAG_HV1JR,Q227I,15.007446
P20873_GAG_HV1JR,Q227K,14.093872
P20873_GAG_HV1JR,Q227L,14.922852
P20873_GAG_HV1JR,Q227M,15.014099
P20873_GAG_HV1JR,Q227N,15.001953
P20873_GAG_HV1JR,Q227P,14.044159
P20873_GAG_HV1JR,Q227R,12.258545
P20873_GAG_HV1JR,Q227S,14.248566
P20873_GAG_HV1JR,Q227T,12.461914
P20873_GAG_HV1JR,Q227V,14.952057
P20873_GAG_HV1JR,Q227W,14.989471
P20873_GAG_HV1JR,Q227Y,14.957672
P20873_GAG_HV1JR,M228A,11.648499
P20873_GAG_HV1JR,M228C,11.64386
P20873_GAG_HV1JR,M228D,11.591522
P20873_GAG_HV1JR,M228E,11.714569
P20873_GAG_HV1JR,M228F,9.112152
P20873_GAG_HV1JR,M228G,11.639648
P20873_GAG_HV1JR,M228H,11.621307
P20873_GAG_HV1JR,M228I,3.5856018
P20873_GAG_HV1JR,M228K,11.6909485
P20873_GAG_HV1JR,M228L,4.141205
P20873_GAG_HV1JR,M228N,11.648712
P20873_GAG_HV1JR,M228P,9.089661
P20873_GAG_HV1JR,M228Q,11.732117
P20873_GAG_HV1JR,M228R,9.841675
P20873_GAG_HV1JR,M228S,11.629547
P20873_GAG_HV1JR,M228T,9.212952
P20873_GAG_HV1JR,M228V,5.942566
P20873_GAG_HV1JR,M228W,11.658508
P20873_GAG_HV1JR,M228Y,11.623474
P20873_GAG_HV1JR,R229A,14.355225
P20873_GAG_HV1JR,R229C,14.289703
P20873_GAG_HV1JR,R229D,13.648071
P20873_GAG_HV1JR,R229E,14.259369
P20873_GAG_HV1JR,R229F,14.338348
P20873_GAG_HV1JR,R229G,9.78775
P20873_GAG_HV1JR,R229H,14.302765
P20873_GAG_HV1JR,R229I,13.876251
P20873_GAG_HV1JR,R229K,9.263123
P20873_GAG_HV1JR,R229L,14.388763
P20873_GAG_HV1JR,R229M,14.336761
P20873_GAG_HV1JR,R229N,14.303619
P20873_GAG_HV1JR,R229P,14.336914
P20873_GAG_HV1JR,R229Q,14.395721
P20873_GAG_HV1JR,R229S,14.325867
P20873_GAG_HV1JR,R229T,14.357117
P20873_GAG_HV1JR,R229V,14.311951
P20873_GAG_HV1JR,R229W,14.325562
P20873_GAG_HV1JR,R229Y,14.394165
P20873_GAG_HV1JR,E230A,12.5659485
P20873_GAG_HV1JR,E230C,12.464905
P20873_GAG_HV1JR,E230D,4.1724243
P20873_GAG_HV1JR,E230F,12.575317
P20873_GAG_HV1JR,E230G,10.420166
P20873_GAG_HV1JR,E230H,12.441956
P20873_GAG_HV1JR,E230I,12.594574
P20873_GAG_HV1JR,E230K,10.396149
P20873_GAG_HV1JR,E230L,12.038422
P20873_GAG_HV1JR,E230M,12.468811
P20873_GAG_HV1JR,E230N,12.579895
P20873_GAG_HV1JR,E230P,12.60025
P20873_GAG_HV1JR,E230Q,12.534607
P20873_GAG_HV1JR,E230R,12.468445
P20873_GAG_HV1JR,E230S,12.572205
P20873_GAG_HV1JR,E230T,12.11026
P20873_GAG_HV1JR,E230V,9.971802
P20873_GAG_HV1JR,E230W,12.487946
P20873_GAG_HV1JR,E230Y,12.514557
P20873_GAG_HV1JR,P231A,15.067108
P20873_GAG_HV1JR,P231C,14.99115
P20873_GAG_HV1JR,P231D,15.056763
P20873_GAG_HV1JR,P231E,15.021301
P20873_GAG_HV1JR,P231F,15.053253
P20873_GAG_HV1JR,P231G,15.017059
P20873_GAG_HV1JR,P231H,15.025421
P20873_GAG_HV1JR,P231I,15.048157
P20873_GAG_HV1JR,P231K,15.004761
P20873_GAG_HV1JR,P231L,14.982971
P20873_GAG_HV1JR,P231M,14.984955
P20873_GAG_HV1JR,P231N,14.427368
P20873_GAG_HV1JR,P231Q,15.006805
P20873_GAG_HV1JR,P231R,12.492798
P20873_GAG_HV1JR,P231S,11.1180725
P20873_GAG_HV1JR,P231T,14.850647
P20873_GAG_HV1JR,P231V,15.046448
P20873_GAG_HV1JR,P231W,15.040497
P20873_GAG_HV1JR,P231Y,15.069672
P20873_GAG_HV1JR,R232A,13.431915
P20873_GAG_HV1JR,R232C,13.9670105
P20873_GAG_HV1JR,R232D,13.976959
P20873_GAG_HV1JR,R232E,13.862671
P20873_GAG_HV1JR,R232F,13.88147
P20873_GAG_HV1JR,R232G,9.110962
P20873_GAG_HV1JR,R232H,13.838104
P20873_GAG_HV1JR,R232I,13.338074
P20873_GAG_HV1JR,R232K,9.324219
P20873_GAG_HV1JR,R232L,13.844849
P20873_GAG_HV1JR,R232M,13.877472
P20873_GAG_HV1JR,R232N,13.283173
P20873_GAG_HV1JR,R232P,13.862152
P20873_GAG_HV1JR,R232Q,13.955658
P20873_GAG_HV1JR,R232S,13.912598
P20873_GAG_HV1JR,R232T,9.809021
P20873_GAG_HV1JR,R232V,13.938416
P20873_GAG_HV1JR,R232W,13.671448
P20873_GAG_HV1JR,R232Y,13.91507
P20873_GAG_HV1JR,G233A,14.479797
P20873_GAG_HV1JR,G233C,14.437653
P20873_GAG_HV1JR,G233D,14.519348
P20873_GAG_HV1JR,G233E,8.250397
P20873_GAG_HV1JR,G233F,14.53595
P20873_GAG_HV1JR,G233H,14.404358
P20873_GAG_HV1JR,G233I,14.483612
P20873_GAG_HV1JR,G233K,14.339905
P20873_GAG_HV1JR,G233L,14.475952
P20873_GAG_HV1JR,G233M,14.452759
P20873_GAG_HV1JR,G233N,14.470764
P20873_GAG_HV1JR,G233P,14.424774
P20873_GAG_HV1JR,G233Q,13.869568
P20873_GAG_HV1JR,G233R,14.058746
P20873_GAG_HV1JR,G233S,13.767151
P20873_GAG_HV1JR,G233T,14.453766
P20873_GAG_HV1JR,G233V,14.435455
P20873_GAG_HV1JR,G233W,14.385895
P20873_GAG_HV1JR,G233Y,14.41156
P20873_GAG_HV1JR,S234A,14.473755
P20873_GAG_HV1JR,S234C,14.6692505
P20873_GAG_HV1JR,S234D,14.688904
P20873_GAG_HV1JR,S234E,14.612518
P20873_GAG_HV1JR,S234F,13.874054
P20873_GAG_HV1JR,S234G,9.610016
P20873_GAG_HV1JR,S234H,14.618317
P20873_GAG_HV1JR,S234I,14.536102
P20873_GAG_HV1JR,S234K,14.000946
P20873_GAG_HV1JR,S234L,14.604309
P20873_GAG_HV1JR,S234M,14.624908
P20873_GAG_HV1JR,S234N,14.159515
P20873_GAG_HV1JR,S234P,14.56131
P20873_GAG_HV1JR,S234Q,14.565704
P20873_GAG_HV1JR,S234R,14.595459
P20873_GAG_HV1JR,S234T,11.598358
P20873_GAG_HV1JR,S234V,14.5896
P20873_GAG_HV1JR,S234W,14.56015
P20873_GAG_HV1JR,S234Y,14.575745
P20873_GAG_HV1JR,D235A,14.5156555
P20873_GAG_HV1JR,D235C,15.248474
P20873_GAG_HV1JR,D235E,14.687958
P20873_GAG_HV1JR,D235F,15.279419
P20873_GAG_HV1JR,D235G,11.463745
P20873_GAG_HV1JR,D235H,15.211548
P20873_GAG_HV1JR,D235I,15.315613
P20873_GAG_HV1JR,D235K,15.351959
P20873_GAG_HV1JR,D235L,15.30545
P20873_GAG_HV1JR,D235M,15.245819
P20873_GAG_HV1JR,D235N,15.203064
P20873_GAG_HV1JR,D235P,15.254852
P20873_GAG_HV1JR,D235Q,15.287598
P20873_GAG_HV1JR,D235R,15.226257
P20873_GAG_HV1JR,D235S,15.193573
P20873_GAG_HV1JR,D235T,15.339111
P20873_GAG_HV1JR,D235V,15.279816
P20873_GAG_HV1JR,D235W,15.360474
P20873_GAG_HV1JR,D235Y,15.284973
P20873_GAG_HV1JR,I236A,14.464172
P20873_GAG_HV1JR,I236C,14.547119
P20873_GAG_HV1JR,I236D,14.5035095
P20873_GAG_HV1JR,I236E,14.538818
P20873_GAG_HV1JR,I236F,14.478363
P20873_GAG_HV1JR,I236G,14.557373
P20873_GAG_HV1JR,I236H,14.525421
P20873_GAG_HV1JR,I236K,14.5078125
P20873_GAG_HV1JR,I236L,11.556763
P20873_GAG_HV1JR,I236M,14.0798645
P20873_GAG_HV1JR,I236N,14.489075
P20873_GAG_HV1JR,I236P,14.538422
P20873_GAG_HV1JR,I236Q,14.531647
P20873_GAG_HV1JR,I236R,14.520874
P20873_GAG_HV1JR,I236S,14.538361
P20873_GAG_HV1JR,I236T,10.377411
P20873_GAG_HV1JR,I236V,11.476898
P20873_GAG_HV1JR,I236W,14.4965515
P20873_GAG_HV1JR,I236Y,14.59137
P20873_GAG_HV1JR,A237C,14.939453
P20873_GAG_HV1JR,A237D,14.833252
P20873_GAG_HV1JR,A237E,15.006714
P20873_GAG_HV1JR,A237F,14.956451
P20873_GAG_HV1JR,A237G,14.764862
P20873_GAG_HV1JR,A237H,14.846405
P20873_GAG_HV1JR,A237I,14.868347
P20873_GAG_HV1JR,A237K,14.946747
P20873_GAG_HV1JR,A237L,14.270721
P20873_GAG_HV1JR,A237M,14.821564
P20873_GAG_HV1JR,A237N,14.850555
P20873_GAG_HV1JR,A237P,13.139923
P20873_GAG_HV1JR,A237Q,14.8272705
P20873_GAG_HV1JR,A237R,14.897675
P20873_GAG_HV1JR,A237S,14.154022
P20873_GAG_HV1JR,A237T,11.073303
P20873_GAG_HV1JR,A237V,13.627106
P20873_GAG_HV1JR,A237W,14.2222595
P20873_GAG_HV1JR,A237Y,14.997345
P20873_GAG_HV1JR,G238A,11.94281
P20873_GAG_HV1JR,G238C,14.01947
P20873_GAG_HV1JR,G238D,14.709351
P20873_GAG_HV1JR,G238E,13.651459
P20873_GAG_HV1JR,G238F,14.626251
P20873_GAG_HV1JR,G238H,14.719208
P20873_GAG_HV1JR,G238I,14.66272
P20873_GAG_HV1JR,G238K,13.985901
P20873_GAG_HV1JR,G238L,14.75592
P20873_GAG_HV1JR,G238M,14.675995
P20873_GAG_HV1JR,G238N,14.748474
P20873_GAG_HV1JR,G238P,14.750153
P20873_GAG_HV1JR,G238Q,14.675964
P20873_GAG_HV1JR,G238R,10.089203
P20873_GAG_HV1JR,G238S,14.679108
P20873_GAG_HV1JR,G238T,14.678101
P20873_GAG_HV1JR,G238V,14.74707
P20873_GAG_HV1JR,G238W,14.718353
P20873_GAG_HV1JR,G238Y,14.639923
P20873_GAG_HV1JR,T239A,8.154663
P20873_GAG_HV1JR,T239C,12.079468
P20873_GAG_HV1JR,T239D,12.492706
P20873_GAG_HV1JR,T239E,12.574646
P20873_GAG_HV1JR,T239F,12.541809
P20873_GAG_HV1JR,T239G,12.48291
P20873_GAG_HV1JR,T239H,12.568665
P20873_GAG_HV1JR,T239I,8.275055
P20873_GAG_HV1JR,T239K,12.513062
P20873_GAG_HV1JR,T239L,12.567047
P20873_GAG_HV1JR,T239M,12.532501
P20873_GAG_HV1JR,T239N,11.982849
P20873_GAG_HV1JR,T239P,11.055359
P20873_GAG_HV1JR,T239Q,12.519348
P20873_GAG_HV1JR,T239R,12.467407
P20873_GAG_HV1JR,T239S,4.898346
P20873_GAG_HV1JR,T239V,8.92627
P20873_GAG_HV1JR,T239W,12.550812
P20873_GAG_HV1JR,T239Y,12.49295
P20873_GAG_HV1JR,T240A,11.539856
P20873_GAG_HV1JR,T240C,13.821808
P20873_GAG_HV1JR,T240D,13.7690735
P20873_GAG_HV1JR,T240E,13.719849
P20873_GAG_HV1JR,T240F,13.77417
P20873_GAG_HV1JR,T240G,13.776245
P20873_GAG_HV1JR,T240H,13.7994995
P20873_GAG_HV1JR,T240I,9.456665
P20873_GAG_HV1JR,T240K,13.745758
P20873_GAG_HV1JR,T240L,13.740051
P20873_GAG_HV1JR,T240M,13.8280945
P20873_GAG_HV1JR,T240N,11.10672
P20873_GAG_HV1JR,T240P,12.078613
P20873_GAG_HV1JR,T240Q,13.787567
P20873_GAG_HV1JR,T240R,13.826202
P20873_GAG_HV1JR,T240S,8.63736
P20873_GAG_HV1JR,T240V,13.832367
P20873_GAG_HV1JR,T240W,13.340668
P20873_GAG_HV1JR,T240Y,13.694
P20873_GAG_HV1JR,S241A,15.603973
P20873_GAG_HV1JR,S241C,13.469513
P20873_GAG_HV1JR,S241D,15.615204
P20873_GAG_HV1JR,S241E,15.643555
P20873_GAG_HV1JR,S241F,15.63327
P20873_GAG_HV1JR,S241G,15.586273
P20873_GAG_HV1JR,S241H,15.655945
P20873_GAG_HV1JR,S241I,15.630707
P20873_GAG_HV1JR,S241K,15.552551
P20873_GAG_HV1JR,S241L,15.673157
P20873_GAG_HV1JR,S241M,15.646271
P20873_GAG_HV1JR,S241N,14.834259
P20873_GAG_HV1JR,S241P,15.666016
P20873_GAG_HV1JR,S241Q,15.668304
P20873_GAG_HV1JR,S241R,15.660522
P20873_GAG_HV1JR,S241T,15.451874
P20873_GAG_HV1JR,S241V,15.5720215
P20873_GAG_HV1JR,S241W,14.848419
P20873_GAG_HV1JR,S241Y,15.661804
P20873_GAG_HV1JR,T242A,9.740448
P20873_GAG_HV1JR,T242C,11.767456
P20873_GAG_HV1JR,T242D,11.825256
P20873_GAG_HV1JR,T242E,11.802948
P20873_GAG_HV1JR,T242F,11.829956
P20873_GAG_HV1JR,T242G,11.821747
P20873_GAG_HV1JR,T242H,11.797424
P20873_GAG_HV1JR,T242I,10.270111
P20873_GAG_HV1JR,T242K,11.451996
P20873_GAG_HV1JR,T242L,11.727295
P20873_GAG_HV1JR,T242M,11.783752
P20873_GAG_HV1JR,T242N,2.9680176
P20873_GAG_HV1JR,T242P,11.853912
P20873_GAG_HV1JR,T242Q,11.786499
P20873_GAG_HV1JR,T242R,11.798798
P20873_GAG_HV1JR,T242S,5.7570496
P20873_GAG_HV1JR,T242V,11.443817
P20873_GAG_HV1JR,T242W,11.767273
P20873_GAG_HV1JR,T242Y,11.832001
P20873_GAG_HV1JR,L243A,14.079956
P20873_GAG_HV1JR,L243C,14.098206
P20873_GAG_HV1JR,L243D,14.079163
P20873_GAG_HV1JR,L243E,13.53595
P20873_GAG_HV1JR,L243F,10.071747
P20873_GAG_HV1JR,L243G,14.0469055
P20873_GAG_HV1JR,L243H,14.045746
P20873_GAG_HV1JR,L243I,14.127472
P20873_GAG_HV1JR,L243K,14.136902
P20873_GAG_HV1JR,L243M,14.118774
P20873_GAG_HV1JR,L243N,14.108765
P20873_GAG_HV1JR,L243P,8.763367
P20873_GAG_HV1JR,L243Q,14.095551
P20873_GAG_HV1JR,L243R,14.096954
P20873_GAG_HV1JR,L243S,14.121765
P20873_GAG_HV1JR,L243T,11.503601
P20873_GAG_HV1JR,L243V,14.072723
P20873_GAG_HV1JR,L243W,14.060852
P20873_GAG_HV1JR,L243Y,14.096405
P20873_GAG_HV1JR,Q244A,6.8451233
P20873_GAG_HV1JR,Q244C,12.993713
P20873_GAG_HV1JR,Q244D,9.935547
P20873_GAG_HV1JR,Q244E,11.200623
P20873_GAG_HV1JR,Q244F,12.939362
P20873_GAG_HV1JR,Q244G,12.996307
P20873_GAG_HV1JR,Q244H,12.994171
P20873_GAG_HV1JR,Q244I,12.997803
P20873_GAG_HV1JR,Q244K,13.021454
P20873_GAG_HV1JR,Q244L,10.290222
P20873_GAG_HV1JR,Q244M,12.986969
P20873_GAG_HV1JR,Q244N,12.899048
P20873_GAG_HV1JR,Q244P,10.693573
P20873_GAG_HV1JR,Q244R,8.842163
P20873_GAG_HV1JR,Q244S,11.122925
P20873_GAG_HV1JR,Q244T,10.496002
P20873_GAG_HV1JR,Q244V,10.660858
P20873_GAG_HV1JR,Q244W,12.995514
P20873_GAG_HV1JR,Q244Y,12.545258
P20873_GAG_HV1JR,E245A,13.850372
P20873_GAG_HV1JR,E245C,13.788666
P20873_GAG_HV1JR,E245D,7.907257
P20873_GAG_HV1JR,E245F,13.839752
P20873_GAG_HV1JR,E245G,10.888611
P20873_GAG_HV1JR,E245H,13.759155
P20873_GAG_HV1JR,E245I,13.838562
P20873_GAG_HV1JR,E245K,11.391113
P20873_GAG_HV1JR,E245L,13.839874
P20873_GAG_HV1JR,E245M,13.7933655
P20873_GAG_HV1JR,E245N,13.865845
P20873_GAG_HV1JR,E245P,13.842407
P20873_GAG_HV1JR,E245Q,11.215759
P20873_GAG_HV1JR,E245R,13.840454
P20873_GAG_HV1JR,E245S,13.86557
P20873_GAG_HV1JR,E245T,13.950165
P20873_GAG_HV1JR,E245V,13.929108
P20873_GAG_HV1JR,E245W,13.324524
P20873_GAG_HV1JR,E245Y,13.684906
P20873_GAG_HV1JR,Q246A,13.739868
P20873_GAG_HV1JR,Q246C,14.307251
P20873_GAG_HV1JR,Q246D,14.3003235
P20873_GAG_HV1JR,Q246E,11.623352
P20873_GAG_HV1JR,Q246F,14.298859
P20873_GAG_HV1JR,Q246G,14.20462
P20873_GAG_HV1JR,Q246H,10.973114
P20873_GAG_HV1JR,Q246I,14.248169
P20873_GAG_HV1JR,Q246K,14.000519
P20873_GAG_HV1JR,Q246L,12.303955
P20873_GAG_HV1JR,Q246M,14.329651
P20873_GAG_HV1JR,Q246N,14.313446
P20873_GAG_HV1JR,Q246P,14.251221
P20873_GAG_HV1JR,Q246R,10.303009
P20873_GAG_HV1JR,Q246S,14.276672
P20873_GAG_HV1JR,Q246T,14.379211
P20873_GAG_HV1JR,Q246V,14.321045
P20873_GAG_HV1JR,Q246W,14.254913
P20873_GAG_HV1JR,Q246Y,14.198212
P20873_GAG_HV1JR,I247A,12.391724
P20873_GAG_HV1JR,I247C,12.316895
P20873_GAG_HV1JR,I247D,12.867706
P20873_GAG_HV1JR,I247E,12.831696
P20873_GAG_HV1JR,I247F,12.83255
P20873_GAG_HV1JR,I247G,12.765869
P20873_GAG_HV1JR,I247H,12.823669
P20873_GAG_HV1JR,I247K,12.870544
P20873_GAG_HV1JR,I247L,10.908905
P20873_GAG_HV1JR,I247M,9.130463
P20873_GAG_HV1JR,I247N,12.880859
P20873_GAG_HV1JR,I247P,12.852356
P20873_GAG_HV1JR,I247Q,12.8090515
P20873_GAG_HV1JR,I247R,12.821716
P20873_GAG_HV1JR,I247S,12.866821
P20873_GAG_HV1JR,I247T,12.818817
P20873_GAG_HV1JR,I247V,5.0479126
P20873_GAG_HV1JR,I247W,12.807861
P20873_GAG_HV1JR,I247Y,12.867249
P20873_GAG_HV1JR,G248A,1.9603577
P20873_GAG_HV1JR,G248C,10.99115
P20873_GAG_HV1JR,G248D,5.8735657
P20873_GAG_HV1JR,G248E,6.8220215
P20873_GAG_HV1JR,G248F,10.899261
P20873_GAG_HV1JR,G248H,10.982819
P20873_GAG_HV1JR,G248I,10.8828125
P20873_GAG_HV1JR,G248K,9.491119
P20873_GAG_HV1JR,G248L,10.928955
P20873_GAG_HV1JR,G248M,10.916199
P20873_GAG_HV1JR,G248N,5.1666565
P20873_GAG_HV1JR,G248P,10.605774
P20873_GAG_HV1JR,G248Q,5.8962708
P20873_GAG_HV1JR,G248R,7.6351013
P20873_GAG_HV1JR,G248S,9.527313
P20873_GAG_HV1JR,G248T,4.3517456
P20873_GAG_HV1JR,G248V,10.943451
P20873_GAG_HV1JR,G248W,10.849213
P20873_GAG_HV1JR,G248Y,10.909851
P20873_GAG_HV1JR,W249A,14.55542
P20873_GAG_HV1JR,W249C,14.522949
P20873_GAG_HV1JR,W249D,14.58786
P20873_GAG_HV1JR,W249E,14.538574
P20873_GAG_HV1JR,W249F,14.675446
P20873_GAG_HV1JR,W249G,12.061859
P20873_GAG_HV1JR,W249H,14.579773
P20873_GAG_HV1JR,W249I,14.5672
P20873_GAG_HV1JR,W249K,13.915222
P20873_GAG_HV1JR,W249L,14.594055
P20873_GAG_HV1JR,W249M,14.560059
P20873_GAG_HV1JR,W249N,14.601715
P20873_GAG_HV1JR,W249P,14.55777
P20873_GAG_HV1JR,W249Q,14.5433655
P20873_GAG_HV1JR,W249R,9.762756
P20873_GAG_HV1JR,W249S,12.563324
P20873_GAG_HV1JR,W249T,14.557495
P20873_GAG_HV1JR,W249V,14.648499
P20873_GAG_HV1JR,W249Y,14.61026
P20873_GAG_HV1JR,M250A,13.0190735
P20873_GAG_HV1JR,M250C,13.030609
P20873_GAG_HV1JR,M250D,13.08255
P20873_GAG_HV1JR,M250E,13.086853
P20873_GAG_HV1JR,M250F,12.987366
P20873_GAG_HV1JR,M250G,13.11972
P20873_GAG_HV1JR,M250H,13.141663
P20873_GAG_HV1JR,M250I,6.09906
P20873_GAG_HV1JR,M250K,12.987366
P20873_GAG_HV1JR,M250L,13.146545
P20873_GAG_HV1JR,M250N,13.061371
P20873_GAG_HV1JR,M250P,13.116425
P20873_GAG_HV1JR,M250Q,13.029053
P20873_GAG_HV1JR,M250R,11.397217
P20873_GAG_HV1JR,M250S,12.97702
P20873_GAG_HV1JR,M250T,7.4561462
P20873_GAG_HV1JR,M250V,10.534454
P20873_GAG_HV1JR,M250W,13.02597
P20873_GAG_HV1JR,M250Y,13.056061
P20873_GAG_HV1JR,T251A,12.227051
P20873_GAG_HV1JR,T251C,15.207764
P20873_GAG_HV1JR,T251D,15.209564
P20873_GAG_HV1JR,T251E,15.154053
P20873_GAG_HV1JR,T251F,15.144165
P20873_GAG_HV1JR,T251G,15.243866
P20873_GAG_HV1JR,T251H,15.206299
P20873_GAG_HV1JR,T251I,15.067108
P20873_GAG_HV1JR,T251K,15.246063
P20873_GAG_HV1JR,T251L,15.18161
P20873_GAG_HV1JR,T251M,15.196747
P20873_GAG_HV1JR,T251N,15.182404
P20873_GAG_HV1JR,T251P,14.557404
P20873_GAG_HV1JR,T251Q,15.143768
P20873_GAG_HV1JR,T251R,15.232666
P20873_GAG_HV1JR,T251S,12.438049
P20873_GAG_HV1JR,T251V,15.342804
P20873_GAG_HV1JR,T251W,15.200653
P20873_GAG_HV1JR,T251Y,15.18277
P20873_GAG_HV1JR,N252A,5.876068
P20873_GAG_HV1JR,N252C,10.616913
P20873_GAG_HV1JR,N252D,10.609314
P20873_GAG_HV1JR,N252E,10.342316
P20873_GAG_HV1JR,N252F,10.007507
P20873_GAG_HV1JR,N252G,5.071747
P20873_GAG_HV1JR,N252H,1.7053223
P20873_GAG_HV1JR,N252I,10.53302
P20873_GAG_HV1JR,N252K,9.198547
P20873_GAG_HV1JR,N252L,10.661774
P20873_GAG_HV1JR,N252M,10.573395
P20873_GAG_HV1JR,N252P,10.646851
P20873_GAG_HV1JR,N252Q,6.506958
P20873_GAG_HV1JR,N252R,7.229004
P20873_GAG_HV1JR,N252S,1.7798462
P20873_GAG_HV1JR,N252T,7.813568
P20873_GAG_HV1JR,N252V,10.555054
P20873_GAG_HV1JR,N252W,10.632965
P20873_GAG_HV1JR,N252Y,9.162109
P20873_GAG_HV1JR,N253A,13.415253
P20873_GAG_HV1JR,N253C,13.349915
P20873_GAG_HV1JR,N253D,10.868103
P20873_GAG_HV1JR,N253E,12.849152
P20873_GAG_HV1JR,N253F,13.352356
P20873_GAG_HV1JR,N253G,13.32666
P20873_GAG_HV1JR,N253H,11.780548
P20873_GAG_HV1JR,N253I,9.7752075
P20873_GAG_HV1JR,N253K,13.207947
P20873_GAG_HV1JR,N253L,13.393646
P20873_GAG_HV1JR,N253M,13.387756
P20873_GAG_HV1JR,N253P,13.437347
P20873_GAG_HV1JR,N253Q,13.353149
P20873_GAG_HV1JR,N253R,13.394623
P20873_GAG_HV1JR,N253S,12.473297
P20873_GAG_HV1JR,N253T,6.9044495
P20873_GAG_HV1JR,N253V,13.326019
P20873_GAG_HV1JR,N253W,12.863007
P20873_GAG_HV1JR,N253Y,11.616852
P20873_GAG_HV1JR,P254A,16.037506
P20873_GAG_HV1JR,P254C,15.983917
P20873_GAG_HV1JR,P254D,15.976715
P20873_GAG_HV1JR,P254E,15.231567
P20873_GAG_HV1JR,P254F,16.00476
P20873_GAG_HV1JR,P254G,15.213745
P20873_GAG_HV1JR,P254H,16.026154
P20873_GAG_HV1JR,P254I,15.966553
P20873_GAG_HV1JR,P254K,15.897766
P20873_GAG_HV1JR,P254L,15.367004
P20873_GAG_HV1JR,P254M,15.931
P20873_GAG_HV1JR,P254N,16.013062
P20873_GAG_HV1JR,P254Q,16.045471
P20873_GAG_HV1JR,P254R,15.971008
P20873_GAG_HV1JR,P254S,16.02362
P20873_GAG_HV1JR,P254T,15.980316
P20873_GAG_HV1JR,P254V,16.011719
P20873_GAG_HV1JR,P254W,16.007904
P20873_GAG_HV1JR,P254Y,15.970123
P20873_GAG_HV1JR,P255A,5.0586243
P20873_GAG_HV1JR,P255C,12.628296
P20873_GAG_HV1JR,P255D,12.54007
P20873_GAG_HV1JR,P255E,12.614868
P20873_GAG_HV1JR,P255F,12.201263
P20873_GAG_HV1JR,P255G,10.984924
P20873_GAG_HV1JR,P255H,12.527313
P20873_GAG_HV1JR,P255I,12.68042
P20873_GAG_HV1JR,P255K,12.221222
P20873_GAG_HV1JR,P255L,10.260864
P20873_GAG_HV1JR,P255M,12.550568
P20873_GAG_HV1JR,P255N,12.657013
P20873_GAG_HV1JR,P255Q,12.562347
P20873_GAG_HV1JR,P255R,12.629272
P20873_GAG_HV1JR,P255S,7.079254
P20873_GAG_HV1JR,P255T,11.235962
P20873_GAG_HV1JR,P255V,8.937805
P20873_GAG_HV1JR,P255W,12.534546
P20873_GAG_HV1JR,P255Y,12.651123
P20873_GAG_HV1JR,I256A,12.24411
P20873_GAG_HV1JR,I256C,12.376251
P20873_GAG_HV1JR,I256D,12.257446
P20873_GAG_HV1JR,I256E,12.39502
P20873_GAG_HV1JR,I256F,11.027313
P20873_GAG_HV1JR,I256G,11.885101
P20873_GAG_HV1JR,I256H,12.277863
P20873_GAG_HV1JR,I256K,12.314545
P20873_GAG_HV1JR,I256L,12.335449
P20873_GAG_HV1JR,I256M,7.5435486
P20873_GAG_HV1JR,I256N,10.511658
P20873_GAG_HV1JR,I256P,12.376251
P20873_GAG_HV1JR,I256Q,12.23465
P20873_GAG_HV1JR,I256R,9.131653
P20873_GAG_HV1JR,I256S,11.156647
P20873_GAG_HV1JR,I256T,6.463257
P20873_GAG_HV1JR,I256V,4.514099
P20873_GAG_HV1JR,I256W,12.363068
P20873_GAG_HV1JR,I256Y,12.328217
P20873_GAG_HV1JR,P257A,11.682159
P20873_GAG_HV1JR,P257C,13.42337
P20873_GAG_HV1JR,P257D,13.40387
P20873_GAG_HV1JR,P257E,13.437347
P20873_GAG_HV1JR,P257F,13.46167
P20873_GAG_HV1JR,P257G,13.439453
P20873_GAG_HV1JR,P257H,12.971924
P20873_GAG_HV1JR,P257I,13.422363
P20873_GAG_HV1JR,P257K,13.356262
P20873_GAG_HV1JR,P257L,11.111725
P20873_GAG_HV1JR,P257M,13.4600525
P20873_GAG_HV1JR,P257N,12.939301
P20873_GAG_HV1JR,P257Q,7.547821
P20873_GAG_HV1JR,P257R,10.353973
P20873_GAG_HV1JR,P257S,10.639069
P20873_GAG_HV1JR,P257T,11.168274
P20873_GAG_HV1JR,P257V,13.425659
P20873_GAG_HV1JR,P257W,13.396759
P20873_GAG_HV1JR,P257Y,13.394745
P20873_GAG_HV1JR,V258A,9.841095
P20873_GAG_HV1JR,V258C,13.291718
P20873_GAG_HV1JR,V258D,13.78537
P20873_GAG_HV1JR,V258E,13.88797
P20873_GAG_HV1JR,V258F,13.859161
P20873_GAG_HV1JR,V258G,13.8836975
P20873_GAG_HV1JR,V258H,13.762756
P20873_GAG_HV1JR,V258I,7.556671
P20873_GAG_HV1JR,V258K,13.985107
P20873_GAG_HV1JR,V258L,13.882355
P20873_GAG_HV1JR,V258M,13.833801
P20873_GAG_HV1JR,V258N,13.86377
P20873_GAG_HV1JR,V258P,13.910461
P20873_GAG_HV1JR,V258Q,13.952454
P20873_GAG_HV1JR,V258R,13.975769
P20873_GAG_HV1JR,V258S,13.7724
P20873_GAG_HV1JR,V258T,13.327545
P20873_GAG_HV1JR,V258W,13.8706665
P20873_GAG_HV1JR,V258Y,13.3377075
P20873_GAG_HV1JR,G259A,14.265259
P20873_GAG_HV1JR,G259C,13.782806
P20873_GAG_HV1JR,G259D,14.311157
P20873_GAG_HV1JR,G259E,9.456299
P20873_GAG_HV1JR,G259F,14.32666
P20873_GAG_HV1JR,G259H,14.3255005
P20873_GAG_HV1JR,G259I,14.332916
P20873_GAG_HV1JR,G259K,14.299561
P20873_GAG_HV1JR,G259L,14.26416
P20873_GAG_HV1JR,G259M,14.290558
P20873_GAG_HV1JR,G259N,13.564362
P20873_GAG_HV1JR,G259P,13.6180725
P20873_GAG_HV1JR,G259Q,14.304169
P20873_GAG_HV1JR,G259R,9.72937
P20873_GAG_HV1JR,G259S,14.299622
P20873_GAG_HV1JR,G259T,14.348358
P20873_GAG_HV1JR,G259V,14.258972
P20873_GAG_HV1JR,G259W,14.343262
P20873_GAG_HV1JR,G259Y,14.293396
P20873_GAG_HV1JR,E260A,11.6719055
P20873_GAG_HV1JR,E260C,11.978149
P20873_GAG_HV1JR,E260D,3.2825623
P20873_GAG_HV1JR,E260F,12.030365
P20873_GAG_HV1JR,E260G,9.803925
P20873_GAG_HV1JR,E260H,11.951447
P20873_GAG_HV1JR,E260I,12.007172
P20873_GAG_HV1JR,E260K,7.6505127
P20873_GAG_HV1JR,E260L,11.986969
P20873_GAG_HV1JR,E260M,12.009796
P20873_GAG_HV1JR,E260N,11.613098
P20873_GAG_HV1JR,E260P,11.632416
P20873_GAG_HV1JR,E260Q,8.075806
P20873_GAG_HV1JR,E260R,10.264069
P20873_GAG_HV1JR,E260S,12.056915
P20873_GAG_HV1JR,E260T,11.933563
P20873_GAG_HV1JR,E260V,12.068268
P20873_GAG_HV1JR,E260W,11.966919
P20873_GAG_HV1JR,E260Y,11.9999695
P20873_GAG_HV1JR,I261A,13.858673
P20873_GAG_HV1JR,I261C,13.926697
P20873_GAG_HV1JR,I261D,13.883606
P20873_GAG_HV1JR,I261E,13.927673
P20873_GAG_HV1JR,I261F,12.003601
P20873_GAG_HV1JR,I261G,13.963348
P20873_GAG_HV1JR,I261H,13.8992
P20873_GAG_HV1JR,I261K,13.896545
P20873_GAG_HV1JR,I261L,8.504272
P20873_GAG_HV1JR,I261M,13.904419
P20873_GAG_HV1JR,I261N,13.752563
P20873_GAG_HV1JR,I261P,13.287262
P20873_GAG_HV1JR,I261Q,13.891052
P20873_GAG_HV1JR,I261R,13.908752
P20873_GAG_HV1JR,I261S,11.535553
P20873_GAG_HV1JR,I261T,13.873596
P20873_GAG_HV1JR,I261V,9.463074
P20873_GAG_HV1JR,I261W,13.907806
P20873_GAG_HV1JR,I261Y,13.906525
P20873_GAG_HV1JR,Y262A,14.2534485
P20873_GAG_HV1JR,Y262C,14.911224
P20873_GAG_HV1JR,Y262D,14.701355
P20873_GAG_HV1JR,Y262E,14.879395
P20873_GAG_HV1JR,Y262F,10.225555
P20873_GAG_HV1JR,Y262G,14.979095
P20873_GAG_HV1JR,Y262H,14.896057
P20873_GAG_HV1JR,Y262I,14.939301
P20873_GAG_HV1JR,Y262K,14.905273
P20873_GAG_HV1JR,Y262L,14.92865
P20873_GAG_HV1JR,Y262M,15.030518
P20873_GAG_HV1JR,Y262N,14.949554
P20873_GAG_HV1JR,Y262P,15.00705
P20873_GAG_HV1JR,Y262Q,15.0555725
P20873_GAG_HV1JR,Y262R,14.911072
P20873_GAG_HV1JR,Y262S,14.255096
P20873_GAG_HV1JR,Y262T,14.944061
P20873_GAG_HV1JR,Y262V,14.271362
P20873_GAG_HV1JR,Y262W,15.031372
P20873_GAG_HV1JR,K263A,14.415863
P20873_GAG_HV1JR,K263C,14.396454
P20873_GAG_HV1JR,K263D,14.48877
P20873_GAG_HV1JR,K263E,11.678162
P20873_GAG_HV1JR,K263F,14.4487
P20873_GAG_HV1JR,K263G,13.841248
P20873_GAG_HV1JR,K263H,14.458405
P20873_GAG_HV1JR,K263I,14.449463
P20873_GAG_HV1JR,K263L,14.500458
P20873_GAG_HV1JR,K263M,14.391174
P20873_GAG_HV1JR,K263N,10.238617
P20873_GAG_HV1JR,K263P,14.441162
P20873_GAG_HV1JR,K263Q,14.358459
P20873_GAG_HV1JR,K263R,11.0399475
P20873_GAG_HV1JR,K263S,14.521515
P20873_GAG_HV1JR,K263T,13.589966
P20873_GAG_HV1JR,K263V,14.422119
P20873_GAG_HV1JR,K263W,14.393402
P20873_GAG_HV1JR,K263Y,14.427216
P20873_GAG_HV1JR,R264A,9.346863
P20873_GAG_HV1JR,R264C,12.263153
P20873_GAG_HV1JR,R264D,12.277466
P20873_GAG_HV1JR,R264E,12.277954
P20873_GAG_HV1JR,R264F,12.269257
P20873_GAG_HV1JR,R264G,6.303772
P20873_GAG_HV1JR,R264H,12.280945
P20873_GAG_HV1JR,R264I,9.344757
P20873_GAG_HV1JR,R264K,4.296997
P20873_GAG_HV1JR,R264L,11.838104
P20873_GAG_HV1JR,R264M,12.242554
P20873_GAG_HV1JR,R264N,12.295166
P20873_GAG_HV1JR,R264P,12.321747
P20873_GAG_HV1JR,R264Q,12.191345
P20873_GAG_HV1JR,R264S,11.587006
P20873_GAG_HV1JR,R264T,10.483246
P20873_GAG_HV1JR,R264V,11.719055
P20873_GAG_HV1JR,R264W,12.282806
P20873_GAG_HV1JR,R264Y,11.803497
P20873_GAG_HV1JR,W265A,14.250305
P20873_GAG_HV1JR,W265C,14.941711
P20873_GAG_HV1JR,W265D,14.8573
P20873_GAG_HV1JR,W265E,14.917511
P20873_GAG_HV1JR,W265F,14.917297
P20873_GAG_HV1JR,W265G,12.929169
P20873_GAG_HV1JR,W265H,14.896362
P20873_GAG_HV1JR,W265I,14.863068
P20873_GAG_HV1JR,W265K,14.860901
P20873_GAG_HV1JR,W265L,14.915497
P20873_GAG_HV1JR,W265M,14.928497
P20873_GAG_HV1JR,W265N,14.937164
P20873_GAG_HV1JR,W265P,14.922913
P20873_GAG_HV1JR,W265Q,14.208557
P20873_GAG_HV1JR,W265R,11.518372
P20873_GAG_HV1JR,W265S,12.894806
P20873_GAG_HV1JR,W265T,14.905273
P20873_GAG_HV1JR,W265V,14.922455
P20873_GAG_HV1JR,W265Y,14.970917
P20873_GAG_HV1JR,I266A,14.046509
P20873_GAG_HV1JR,I266C,13.421173
P20873_GAG_HV1JR,I266D,14.006317
P20873_GAG_HV1JR,I266E,14.072723
P20873_GAG_HV1JR,I266F,14.078796
P20873_GAG_HV1JR,I266G,14.101196
P20873_GAG_HV1JR,I266H,14.083069
P20873_GAG_HV1JR,I266K,14.058563
P20873_GAG_HV1JR,I266L,12.421661
P20873_GAG_HV1JR,I266M,14.084808
P20873_GAG_HV1JR,I266N,14.0538025
P20873_GAG_HV1JR,I266P,14.064667
P20873_GAG_HV1JR,I266Q,14.058899
P20873_GAG_HV1JR,I266R,14.009766
P20873_GAG_HV1JR,I266S,14.026154
P20873_GAG_HV1JR,I266T,10.057068
P20873_GAG_HV1JR,I266V,8.266571
P20873_GAG_HV1JR,I266W,14.038269
P20873_GAG_HV1JR,I266Y,13.445068
P20873_GAG_HV1JR,I267A,13.354919
P20873_GAG_HV1JR,I267C,13.282654
P20873_GAG_HV1JR,I267D,13.35025
P20873_GAG_HV1JR,I267E,13.263824
P20873_GAG_HV1JR,I267F,11.219299
P20873_GAG_HV1JR,I267G,13.328247
P20873_GAG_HV1JR,I267H,13.275818
P20873_GAG_HV1JR,I267K,13.273224
P20873_GAG_HV1JR,I267L,12.781067
P20873_GAG_HV1JR,I267M,13.365295
P20873_GAG_HV1JR,I267N,13.303558
P20873_GAG_HV1JR,I267P,13.315704
P20873_GAG_HV1JR,I267Q,12.802795
P20873_GAG_HV1JR,I267R,13.351868
P20873_GAG_HV1JR,I267S,13.34317
P20873_GAG_HV1JR,I267T,11.363403
P20873_GAG_HV1JR,I267V,5.724304
P20873_GAG_HV1JR,I267W,13.2966
P20873_GAG_HV1JR,I267Y,13.334015
P20873_GAG_HV1JR,L268A,11.475708
P20873_GAG_HV1JR,L268C,11.462067
P20873_GAG_HV1JR,L268D,11.532166
P20873_GAG_HV1JR,L268E,11.558044
P20873_GAG_HV1JR,L268F,11.457855
P20873_GAG_HV1JR,L268G,11.536407
P20873_GAG_HV1JR,L268H,11.151764
P20873_GAG_HV1JR,L268I,5.3084717
P20873_GAG_HV1JR,L268K,10.614014
P20873_GAG_HV1JR,L268M,2.361267
P20873_GAG_HV1JR,L268N,11.526306
P20873_GAG_HV1JR,L268P,10.032349
P20873_GAG_HV1JR,L268Q,11.496857
P20873_GAG_HV1JR,L268R,9.954559
P20873_GAG_HV1JR,L268S,10.949005
P20873_GAG_HV1JR,L268T,11.426514
P20873_GAG_HV1JR,L268V,9.80661
P20873_GAG_HV1JR,L268W,11.490356
P20873_GAG_HV1JR,L268Y,11.52771
P20873_GAG_HV1JR,G269A,14.75946
P20873_GAG_HV1JR,G269C,13.9626465
P20873_GAG_HV1JR,G269D,14.693298
P20873_GAG_HV1JR,G269E,9.833221
P20873_GAG_HV1JR,G269F,14.687103
P20873_GAG_HV1JR,G269H,14.753601
P20873_GAG_HV1JR,G269I,14.653198
P20873_GAG_HV1JR,G269K,14.625122
P20873_GAG_HV1JR,G269L,14.736755
P20873_GAG_HV1JR,G269M,14.740906
P20873_GAG_HV1JR,G269N,14.726318
P20873_GAG_HV1JR,G269P,14.766663
P20873_GAG_HV1JR,G269Q,14.599609
P20873_GAG_HV1JR,G269R,11.832916
P20873_GAG_HV1JR,G269S,14.691559
P20873_GAG_HV1JR,G269T,14.753967
P20873_GAG_HV1JR,G269V,14.661774
P20873_GAG_HV1JR,G269W,14.7388
P20873_GAG_HV1JR,G269Y,14.651947
P20873_GAG_HV1JR,L270A,14.595703
P20873_GAG_HV1JR,L270C,14.5336
P20873_GAG_HV1JR,L270D,14.529114
P20873_GAG_HV1JR,L270E,14.539124
P20873_GAG_HV1JR,L270F,8.898071
P20873_GAG_HV1JR,L270G,14.592255
P20873_GAG_HV1JR,L270H,14.650574
P20873_GAG_HV1JR,L270I,13.845551
P20873_GAG_HV1JR,L270K,13.969116
P20873_GAG_HV1JR,L270M,14.55661
P20873_GAG_HV1JR,L270N,13.929565
P20873_GAG_HV1JR,L270P,14.651062
P20873_GAG_HV1JR,L270Q,14.594055
P20873_GAG_HV1JR,L270R,14.623566
P20873_GAG_HV1JR,L270S,13.610016
P20873_GAG_HV1JR,L270T,14.610718
P20873_GAG_HV1JR,L270V,14.626648
P20873_GAG_HV1JR,L270W,14.593353
P20873_GAG_HV1JR,L270Y,14.5784
P20873_GAG_HV1JR,N271A,13.828613
P20873_GAG_HV1JR,N271C,13.758453
P20873_GAG_HV1JR,N271D,11.187958
P20873_GAG_HV1JR,N271E,13.233368
P20873_GAG_HV1JR,N271F,13.828369
P20873_GAG_HV1JR,N271G,13.857452
P20873_GAG_HV1JR,N271H,8.75415
P20873_GAG_HV1JR,N271I,13.887054
P20873_GAG_HV1JR,N271K,11.991974
P20873_GAG_HV1JR,N271L,13.808411
P20873_GAG_HV1JR,N271M,13.776306
P20873_GAG_HV1JR,N271P,13.772797
P20873_GAG_HV1JR,N271Q,13.801575
P20873_GAG_HV1JR,N271R,13.180115
P20873_GAG_HV1JR,N271S,10.338867
P20873_GAG_HV1JR,N271T,10.394897
P20873_GAG_HV1JR,N271V,13.701447
P20873_GAG_HV1JR,N271W,13.7369995
P20873_GAG_HV1JR,N271Y,13.856812
P20873_GAG_HV1JR,K272A,14.792847
P20873_GAG_HV1JR,K272C,14.861969
P20873_GAG_HV1JR,K272D,14.768799
P20873_GAG_HV1JR,K272E,14.816467
P20873_GAG_HV1JR,K272F,14.8394165
P20873_GAG_HV1JR,K272G,13.759216
P20873_GAG_HV1JR,K272H,14.737762
P20873_GAG_HV1JR,K272I,12.816711
P20873_GAG_HV1JR,K272L,14.805847
P20873_GAG_HV1JR,K272M,14.782074
P20873_GAG_HV1JR,K272N,13.087921
P20873_GAG_HV1JR,K272P,13.41095
P20873_GAG_HV1JR,K272Q,11.962555
P20873_GAG_HV1JR,K272R,12.993469
P20873_GAG_HV1JR,K272S,14.853546
P20873_GAG_HV1JR,K272T,14.605957
P20873_GAG_HV1JR,K272V,14.733856
P20873_GAG_HV1JR,K272W,14.767395
P20873_GAG_HV1JR,K272Y,14.784821
P20873_GAG_HV1JR,I273A,13.218109
P20873_GAG_HV1JR,I273C,13.227661
P20873_GAG_HV1JR,I273D,12.727051
P20873_GAG_HV1JR,I273E,13.222168
P20873_GAG_HV1JR,I273F,13.296265
P20873_GAG_HV1JR,I273G,13.229401
P20873_GAG_HV1JR,I273H,13.275299
P20873_GAG_HV1JR,I273K,13.219421
P20873_GAG_HV1JR,I273L,9.700348
P20873_GAG_HV1JR,I273M,10.709808
P20873_GAG_HV1JR,I273N,13.129669
P20873_GAG_HV1JR,I273P,13.309357
P20873_GAG_HV1JR,I273Q,13.219055
P20873_GAG_HV1JR,I273R,13.25177
P20873_GAG_HV1JR,I273S,13.259308
P20873_GAG_HV1JR,I273T,9.053223
P20873_GAG_HV1JR,I273V,6.409973
P20873_GAG_HV1JR,I273W,13.334045
P20873_GAG_HV1JR,I273Y,13.238464
P20873_GAG_HV1JR,V274A,12.0336
P20873_GAG_HV1JR,V274C,15.143005
P20873_GAG_HV1JR,V274D,15.057098
P20873_GAG_HV1JR,V274E,15.09137
P20873_GAG_HV1JR,V274F,14.436707
P20873_GAG_HV1JR,V274G,15.080872
P20873_GAG_HV1JR,V274H,15.107849
P20873_GAG_HV1JR,V274I,13.912567
P20873_GAG_HV1JR,V274K,15.069611
P20873_GAG_HV1JR,V274L,15.115814
P20873_GAG_HV1JR,V274M,15.003113
P20873_GAG_HV1JR,V274N,15.083801
P20873_GAG_HV1JR,V274P,12.97995
P20873_GAG_HV1JR,V274Q,15.091858
P20873_GAG_HV1JR,V274R,15.126709
P20873_GAG_HV1JR,V274S,15.129608
P20873_GAG_HV1JR,V274T,15.008453
P20873_GAG_HV1JR,V274W,15.04306
P20873_GAG_HV1JR,V274Y,15.079102
P20873_GAG_HV1JR,R275A,13.5578
P20873_GAG_HV1JR,R275C,13.656372
P20873_GAG_HV1JR,R275D,13.597351
P20873_GAG_HV1JR,R275E,13.595673
P20873_GAG_HV1JR,R275F,13.568451
P20873_GAG_HV1JR,R275G,9.301575
P20873_GAG_HV1JR,R275H,13.619171
P20873_GAG_HV1JR,R275I,13.51062
P20873_GAG_HV1JR,R275K,6.355652
P20873_GAG_HV1JR,R275L,13.619507
P20873_GAG_HV1JR,R275M,13.577606
P20873_GAG_HV1JR,R275N,13.047974
P20873_GAG_HV1JR,R275P,13.597748
P20873_GAG_HV1JR,R275Q,13.634613
P20873_GAG_HV1JR,R275S,13.557098
P20873_GAG_HV1JR,R275T,13.6710205
P20873_GAG_HV1JR,R275V,13.641449
P20873_GAG_HV1JR,R275W,13.595856
P20873_GAG_HV1JR,R275Y,13.597565
P20873_GAG_HV1JR,M276A,14.169556
P20873_GAG_HV1JR,M276C,14.8749695
P20873_GAG_HV1JR,M276D,14.807495
P20873_GAG_HV1JR,M276E,14.86676
P20873_GAG_HV1JR,M276F,14.840607
P20873_GAG_HV1JR,M276G,14.14917
P20873_GAG_HV1JR,M276H,14.80957
P20873_GAG_HV1JR,M276I,12.102112
P20873_GAG_HV1JR,M276K,14.824951
P20873_GAG_HV1JR,M276L,14.734253
P20873_GAG_HV1JR,M276N,14.907196
P20873_GAG_HV1JR,M276P,14.858063
P20873_GAG_HV1JR,M276Q,14.800751
P20873_GAG_HV1JR,M276R,14.900269
P20873_GAG_HV1JR,M276S,14.80481
P20873_GAG_HV1JR,M276T,11.234253
P20873_GAG_HV1JR,M276V,14.849762
P20873_GAG_HV1JR,M276W,14.934357
P20873_GAG_HV1JR,M276Y,14.877045
P20873_GAG_HV1JR,Y277A,14.454163
P20873_GAG_HV1JR,Y277C,9.804169
P20873_GAG_HV1JR,Y277D,14.583313
P20873_GAG_HV1JR,Y277E,13.851868
P20873_GAG_HV1JR,Y277F,14.5737
P20873_GAG_HV1JR,Y277G,14.51947
P20873_GAG_HV1JR,Y277H,11.747498
P20873_GAG_HV1JR,Y277I,14.483459
P20873_GAG_HV1JR,Y277K,14.506561
P20873_GAG_HV1JR,Y277L,14.547516
P20873_GAG_HV1JR,Y277M,14.542664
P20873_GAG_HV1JR,Y277N,14.531616
P20873_GAG_HV1JR,Y277P,14.538055
P20873_GAG_HV1JR,Y277Q,14.5781555
P20873_GAG_HV1JR,Y277R,14.5364685
P20873_GAG_HV1JR,Y277S,14.433044
P20873_GAG_HV1JR,Y277T,13.874207
P20873_GAG_HV1JR,Y277V,12.632751
P20873_GAG_HV1JR,Y277W,14.548706
P20873_GAG_HV1JR,S278A,13.873505
P20873_GAG_HV1JR,S278C,7.6383667
P20873_GAG_HV1JR,S278D,13.819611
P20873_GAG_HV1JR,S278E,13.862457
P20873_GAG_HV1JR,S278F,13.968567
P20873_GAG_HV1JR,S278G,10.2578125
P20873_GAG_HV1JR,S278H,13.877197
P20873_GAG_HV1JR,S278I,13.876709
P20873_GAG_HV1JR,S278K,13.889374
P20873_GAG_HV1JR,S278L,13.839905
P20873_GAG_HV1JR,S278M,13.896851
P20873_GAG_HV1JR,S278N,13.5401
P20873_GAG_HV1JR,S278P,13.88205
P20873_GAG_HV1JR,S278Q,13.906921
P20873_GAG_HV1JR,S278R,11.391174
P20873_GAG_HV1JR,S278T,13.140472
P20873_GAG_HV1JR,S278V,13.843445
P20873_GAG_HV1JR,S278W,13.915009
P20873_GAG_HV1JR,S278Y,13.904053
P20873_GAG_HV1JR,P279A,15.086456
P20873_GAG_HV1JR,P279C,15.073059
P20873_GAG_HV1JR,P279D,15.062775
P20873_GAG_HV1JR,P279E,14.953461
P20873_GAG_HV1JR,P279F,15.112396
P20873_GAG_HV1JR,P279G,14.3974
P20873_GAG_HV1JR,P279H,13.944946
P20873_GAG_HV1JR,P279I,15.139862
P20873_GAG_HV1JR,P279K,15.110809
P20873_GAG_HV1JR,P279L,10.877258
P20873_GAG_HV1JR,P279M,14.997772
P20873_GAG_HV1JR,P279N,15.091156
P20873_GAG_HV1JR,P279Q,15.00766
P20873_GAG_HV1JR,P279R,15.080566
P20873_GAG_HV1JR,P279S,15.0155945
P20873_GAG_HV1JR,P279T,14.223022
P20873_GAG_HV1JR,P279V,15.106354
P20873_GAG_HV1JR,P279W,15.067871
P20873_GAG_HV1JR,P279Y,15.077759
P20873_GAG_HV1JR,V280A,1.6521606
P20873_GAG_HV1JR,V280C,8.869507
P20873_GAG_HV1JR,V280D,8.883209
P20873_GAG_HV1JR,V280E,8.808258
P20873_GAG_HV1JR,V280F,8.872559
P20873_GAG_HV1JR,V280G,7.7698975
P20873_GAG_HV1JR,V280H,8.830597
P20873_GAG_HV1JR,V280I,1.645813
P20873_GAG_HV1JR,V280K,8.838898
P20873_GAG_HV1JR,V280L,7.8778687
P20873_GAG_HV1JR,V280M,8.885162
P20873_GAG_HV1JR,V280N,8.831848
P20873_GAG_HV1JR,V280P,8.035248
P20873_GAG_HV1JR,V280Q,8.560364
P20873_GAG_HV1JR,V280R,8.771515
P20873_GAG_HV1JR,V280S,1.7623596
P20873_GAG_HV1JR,V280T,-2.0065918
P20873_GAG_HV1JR,V280W,8.864197
P20873_GAG_HV1JR,V280Y,8.815155
P20873_GAG_HV1JR,S281A,13.195618
P20873_GAG_HV1JR,S281C,8.163696
P20873_GAG_HV1JR,S281D,13.261261
P20873_GAG_HV1JR,S281E,13.252258
P20873_GAG_HV1JR,S281F,13.246857
P20873_GAG_HV1JR,S281G,6.34256
P20873_GAG_HV1JR,S281H,13.154358
P20873_GAG_HV1JR,S281I,13.232361
P20873_GAG_HV1JR,S281K,13.13736
P20873_GAG_HV1JR,S281L,12.730774
P20873_GAG_HV1JR,S281M,13.220917
P20873_GAG_HV1JR,S281N,8.339508
P20873_GAG_HV1JR,S281P,13.100616
P20873_GAG_HV1JR,S281Q,13.218903
P20873_GAG_HV1JR,S281R,13.275665
P20873_GAG_HV1JR,S281T,13.155914
P20873_GAG_HV1JR,S281V,13.242249
P20873_GAG_HV1JR,S281W,13.164551
P20873_GAG_HV1JR,S281Y,13.197174
P20873_GAG_HV1JR,I282A,15.105103
P20873_GAG_HV1JR,I282C,15.127045
P20873_GAG_HV1JR,I282D,15.145966
P20873_GAG_HV1JR,I282E,15.175262
P20873_GAG_HV1JR,I282F,15.003662
P20873_GAG_HV1JR,I282G,15.220551
P20873_GAG_HV1JR,I282H,15.200745
P20873_GAG_HV1JR,I282K,15.126465
P20873_GAG_HV1JR,I282L,14.490662
P20873_GAG_HV1JR,I282M,15.141266
P20873_GAG_HV1JR,I282N,14.404358
P20873_GAG_HV1JR,I282P,15.188721
P20873_GAG_HV1JR,I282Q,15.164154
P20873_GAG_HV1JR,I282R,15.173248
P20873_GAG_HV1JR,I282S,15.130463
P20873_GAG_HV1JR,I282T,10.688171
P20873_GAG_HV1JR,I282V,15.241699
P20873_GAG_HV1JR,I282W,15.14386
P20873_GAG_HV1JR,I282Y,15.136658
P20873_GAG_HV1JR,L283A,15.939972
P20873_GAG_HV1JR,L283C,15.9627075
P20873_GAG_HV1JR,L283D,16.08432
P20873_GAG_HV1JR,L283E,16.054596
P20873_GAG_HV1JR,L283F,15.849701
P20873_GAG_HV1JR,L283G,15.965149
P20873_GAG_HV1JR,L283H,15.883606
P20873_GAG_HV1JR,L283I,15.9758
P20873_GAG_HV1JR,L283K,16.034851
P20873_GAG_HV1JR,L283M,15.901245
P20873_GAG_HV1JR,L283N,15.9626465
P20873_GAG_HV1JR,L283P,15.899353
P20873_GAG_HV1JR,L283Q,15.993347
P20873_GAG_HV1JR,L283R,15.234772
P20873_GAG_HV1JR,L283S,15.954071
P20873_GAG_HV1JR,L283T,15.924866
P20873_GAG_HV1JR,L283V,15.123352
P20873_GAG_HV1JR,L283W,15.94632
P20873_GAG_HV1JR,L283Y,15.966766
P20873_GAG_HV1JR,D284A,14.645447
P20873_GAG_HV1JR,D284C,14.634949
P20873_GAG_HV1JR,D284E,9.19046
P20873_GAG_HV1JR,D284F,14.689819
P20873_GAG_HV1JR,D284G,12.987671
P20873_GAG_HV1JR,D284H,14.621246
P20873_GAG_HV1JR,D284I,14.565765
P20873_GAG_HV1JR,D284K,14.674469
P20873_GAG_HV1JR,D284L,14.595673
P20873_GAG_HV1JR,D284M,14.640259
P20873_GAG_HV1JR,D284N,13.664459
P20873_GAG_HV1JR,D284P,14.527466
P20873_GAG_HV1JR,D284Q,13.854523
P20873_GAG_HV1JR,D284R,14.586853
P20873_GAG_HV1JR,D284S,14.612946
P20873_GAG_HV1JR,D284T,14.670166
P20873_GAG_HV1JR,D284V,14.689606
P20873_GAG_HV1JR,D284W,14.64267
P20873_GAG_HV1JR,D284Y,14.608856
P20873_GAG_HV1JR,I285A,13.979248
P20873_GAG_HV1JR,I285C,13.402069
P20873_GAG_HV1JR,I285D,14.011505
P20873_GAG_HV1JR,I285E,14.112366
P20873_GAG_HV1JR,I285F,13.943817
P20873_GAG_HV1JR,I285G,13.3063965
P20873_GAG_HV1JR,I285H,13.995972
P20873_GAG_HV1JR,I285K,13.919373
P20873_GAG_HV1JR,I285L,11.473145
P20873_GAG_HV1JR,I285M,13.989319
P20873_GAG_HV1JR,I285N,13.994995
P20873_GAG_HV1JR,I285P,13.994873
P20873_GAG_HV1JR,I285Q,13.99585
P20873_GAG_HV1JR,I285R,11.903748
P20873_GAG_HV1JR,I285S,14.080872
P20873_GAG_HV1JR,I285T,11.482971
P20873_GAG_HV1JR,I285V,8.100525
P20873_GAG_HV1JR,I285W,14.023254
P20873_GAG_HV1JR,I285Y,14.021606
P20873_GAG_HV1JR,R286A,11.02655
P20873_GAG_HV1JR,R286C,11.05307
P20873_GAG_HV1JR,R286D,11.04837
P20873_GAG_HV1JR,R286E,10.898499
P20873_GAG_HV1JR,R286F,11.016754
P20873_GAG_HV1JR,R286G,10.899963
P20873_GAG_HV1JR,R286H,11.082672
P20873_GAG_HV1JR,R286I,10.14856
P20873_GAG_HV1JR,R286K,0.9283447
P20873_GAG_HV1JR,R286L,11.020203
P20873_GAG_HV1JR,R286M,11.052002
P20873_GAG_HV1JR,R286N,9.55957
P20873_GAG_HV1JR,R286P,11.121521
P20873_GAG_HV1JR,R286Q,11.037415
P20873_GAG_HV1JR,R286S,9.760254
P20873_GAG_HV1JR,R286T,10.7057495
P20873_GAG_HV1JR,R286V,11.072052
P20873_GAG_HV1JR,R286W,11.099518
P20873_GAG_HV1JR,R286Y,11.078003
P20873_GAG_HV1JR,Q287A,15.7864685
P20873_GAG_HV1JR,Q287C,15.91452
P20873_GAG_HV1JR,Q287D,15.826904
P20873_GAG_HV1JR,Q287E,15.799255
P20873_GAG_HV1JR,Q287F,15.855957
P20873_GAG_HV1JR,Q287G,15.830872
P20873_GAG_HV1JR,Q287H,15.072968
P20873_GAG_HV1JR,Q287I,15.861755
P20873_GAG_HV1JR,Q287K,15.728912
P20873_GAG_HV1JR,Q287L,14.377899
P20873_GAG_HV1JR,Q287M,15.861755
P20873_GAG_HV1JR,Q287N,15.9210205
P20873_GAG_HV1JR,Q287P,15.889557
P20873_GAG_HV1JR,Q287R,15.190308
P20873_GAG_HV1JR,Q287S,15.830902
P20873_GAG_HV1JR,Q287T,15.882965
P20873_GAG_HV1JR,Q287V,15.869659
P20873_GAG_HV1JR,Q287W,15.877411
P20873_GAG_HV1JR,Q287Y,15.816101
P20873_GAG_HV1JR,G288A,12.048553
P20873_GAG_HV1JR,G288C,14.699707
P20873_GAG_HV1JR,G288D,14.713165
P20873_GAG_HV1JR,G288E,11.0252075
P20873_GAG_HV1JR,G288F,14.687775
P20873_GAG_HV1JR,G288H,14.66571
P20873_GAG_HV1JR,G288I,14.708801
P20873_GAG_HV1JR,G288K,14.663666
P20873_GAG_HV1JR,G288L,14.6875
P20873_GAG_HV1JR,G288M,14.695374
P20873_GAG_HV1JR,G288N,14.711609
P20873_GAG_HV1JR,G288P,14.750702
P20873_GAG_HV1JR,G288Q,14.771118
P20873_GAG_HV1JR,G288R,11.59845
P20873_GAG_HV1JR,G288S,14.69516
P20873_GAG_HV1JR,G288T,14.709747
P20873_GAG_HV1JR,G288V,14.710175
P20873_GAG_HV1JR,G288W,14.606018
P20873_GAG_HV1JR,G288Y,14.666962
P20873_GAG_HV1JR,P289A,11.661316
P20873_GAG_HV1JR,P289C,14.586914
P20873_GAG_HV1JR,P289D,14.627197
P20873_GAG_HV1JR,P289E,13.994202
P20873_GAG_HV1JR,P289F,14.618866
P20873_GAG_HV1JR,P289G,14.716064
P20873_GAG_HV1JR,P289H,14.598267
P20873_GAG_HV1JR,P289I,13.87027
P20873_GAG_HV1JR,P289K,13.96167
P20873_GAG_HV1JR,P289L,11.673798
P20873_GAG_HV1JR,P289M,14.604706
P20873_GAG_HV1JR,P289N,14.614258
P20873_GAG_HV1JR,P289Q,14.603424
P20873_GAG_HV1JR,P289R,14.581146
P20873_GAG_HV1JR,P289S,14.539124
P20873_GAG_HV1JR,P289T,11.451965
P20873_GAG_HV1JR,P289V,14.540863
P20873_GAG_HV1JR,P289W,14.601257
P20873_GAG_HV1JR,P289Y,14.599518
P20873_GAG_HV1JR,K290A,15.050598
P20873_GAG_HV1JR,K290C,15.054474
P20873_GAG_HV1JR,K290D,15.0625
P20873_GAG_HV1JR,K290E,12.929718
P20873_GAG_HV1JR,K290F,15.091461
P20873_GAG_HV1JR,K290G,15.092407
P20873_GAG_HV1JR,K290H,15.085266
P20873_GAG_HV1JR,K290I,15.075958
P20873_GAG_HV1JR,K290L,15.063599
P20873_GAG_HV1JR,K290M,14.755554
P20873_GAG_HV1JR,K290N,15.07077
P20873_GAG_HV1JR,K290P,15.014954
P20873_GAG_HV1JR,K290Q,15.097107
P20873_GAG_HV1JR,K290R,14.230103
P20873_GAG_HV1JR,K290S,15.099945
P20873_GAG_HV1JR,K290T,11.111755
P20873_GAG_HV1JR,K290V,15.07135
P20873_GAG_HV1JR,K290W,15.069
P20873_GAG_HV1JR,K290Y,15.120819
P20873_GAG_HV1JR,E291A,14.048309
P20873_GAG_HV1JR,E291C,15.192352
P20873_GAG_HV1JR,E291D,14.901245
P20873_GAG_HV1JR,E291F,15.226196
P20873_GAG_HV1JR,E291G,14.311554
P20873_GAG_HV1JR,E291H,15.212952
P20873_GAG_HV1JR,E291I,15.207153
P20873_GAG_HV1JR,E291K,11.50296
P20873_GAG_HV1JR,E291L,15.157715
P20873_GAG_HV1JR,E291M,15.198608
P20873_GAG_HV1JR,E291N,14.477051
P20873_GAG_HV1JR,E291P,14.460297
P20873_GAG_HV1JR,E291Q,15.145355
P20873_GAG_HV1JR,E291R,15.211914
P20873_GAG_HV1JR,E291S,15.202454
P20873_GAG_HV1JR,E291T,15.151154
P20873_GAG_HV1JR,E291V,15.193146
P20873_GAG_HV1JR,E291W,15.148346
P20873_GAG_HV1JR,E291Y,15.236145
P20873_GAG_HV1JR,P292A,9.029907
P20873_GAG_HV1JR,P292C,12.910004
P20873_GAG_HV1JR,P292D,12.945862
P20873_GAG_HV1JR,P292E,13.014465
P20873_GAG_HV1JR,P292F,12.935516
P20873_GAG_HV1JR,P292G,12.975647
P20873_GAG_HV1JR,P292H,12.940796
P20873_GAG_HV1JR,P292I,12.888824
P20873_GAG_HV1JR,P292K,13.003662
P20873_GAG_HV1JR,P292L,12.960571
P20873_GAG_HV1JR,P292M,12.963745
P20873_GAG_HV1JR,P292N,12.994751
P20873_GAG_HV1JR,P292Q,12.886902
P20873_GAG_HV1JR,P292R,12.474213
P20873_GAG_HV1JR,P292S,5.1706543
P20873_GAG_HV1JR,P292T,10.522614
P20873_GAG_HV1JR,P292V,12.463806
P20873_GAG_HV1JR,P292W,13.0321045
P20873_GAG_HV1JR,P292Y,12.854645
P20873_GAG_HV1JR,F293A,14.301056
P20873_GAG_HV1JR,F293C,10.671173
P20873_GAG_HV1JR,F293D,14.159607
P20873_GAG_HV1JR,F293E,14.162567
P20873_GAG_HV1JR,F293G,13.664398
P20873_GAG_HV1JR,F293H,14.272369
P20873_GAG_HV1JR,F293I,13.576019
P20873_GAG_HV1JR,F293K,14.246704
P20873_GAG_HV1JR,F293L,10.413971
P20873_GAG_HV1JR,F293M,14.172852
P20873_GAG_HV1JR,F293N,13.149353
P20873_GAG_HV1JR,F293P,14.209412
P20873_GAG_HV1JR,F293Q,14.285767
P20873_GAG_HV1JR,F293R,14.28067
P20873_GAG_HV1JR,F293S,11.268158
P20873_GAG_HV1JR,F293T,14.20285
P20873_GAG_HV1JR,F293V,12.649963
P20873_GAG_HV1JR,F293W,14.160065
P20873_GAG_HV1JR,F293Y,14.3064575
P20873_GAG_HV1JR,R294A,14.343048
P20873_GAG_HV1JR,R294C,14.315247
P20873_GAG_HV1JR,R294D,14.349518
P20873_GAG_HV1JR,R294E,14.39267
P20873_GAG_HV1JR,R294F,14.285614
P20873_GAG_HV1JR,R294G,14.386169
P20873_GAG_HV1JR,R294H,14.282745
P20873_GAG_HV1JR,R294I,14.344025
P20873_GAG_HV1JR,R294K,7.9143677
P20873_GAG_HV1JR,R294L,14.360565
P20873_GAG_HV1JR,R294M,14.368408
P20873_GAG_HV1JR,R294N,13.314514
P20873_GAG_HV1JR,R294P,14.300598
P20873_GAG_HV1JR,R294Q,14.365051
P20873_GAG_HV1JR,R294S,13.606964
P20873_GAG_HV1JR,R294T,14.283051
P20873_GAG_HV1JR,R294V,14.364502
P20873_GAG_HV1JR,R294W,14.411255
P20873_GAG_HV1JR,R294Y,14.376312
P20873_GAG_HV1JR,D295A,13.165253
P20873_GAG_HV1JR,D295C,14.094208
P20873_GAG_HV1JR,D295E,9.967163
P20873_GAG_HV1JR,D295F,14.020874
P20873_GAG_HV1JR,D295G,9.794647
P20873_GAG_HV1JR,D295H,14.115204
P20873_GAG_HV1JR,D295I,14.118011
P20873_GAG_HV1JR,D295K,14.090454
P20873_GAG_HV1JR,D295L,14.161407
P20873_GAG_HV1JR,D295M,14.057648
P20873_GAG_HV1JR,D295N,11.659973
P20873_GAG_HV1JR,D295P,14.193573
P20873_GAG_HV1JR,D295Q,13.630402
P20873_GAG_HV1JR,D295R,14.027649
P20873_GAG_HV1JR,D295S,14.12265
P20873_GAG_HV1JR,D295T,13.503052
P20873_GAG_HV1JR,D295V,12.533752
P20873_GAG_HV1JR,D295W,14.086151
P20873_GAG_HV1JR,D295Y,14.119171
P20873_GAG_HV1JR,Y296A,14.904449
P20873_GAG_HV1JR,Y296C,12.022095
P20873_GAG_HV1JR,Y296D,13.689301
P20873_GAG_HV1JR,Y296E,14.8376465
P20873_GAG_HV1JR,Y296F,14.067963
P20873_GAG_HV1JR,Y296G,14.78537
P20873_GAG_HV1JR,Y296H,14.621368
P20873_GAG_HV1JR,Y296I,14.816772
P20873_GAG_HV1JR,Y296K,14.260345
P20873_GAG_HV1JR,Y296L,14.834473
P20873_GAG_HV1JR,Y296M,14.880066
P20873_GAG_HV1JR,Y296N,14.907349
P20873_GAG_HV1JR,Y296P,14.937256
P20873_GAG_HV1JR,Y296Q,14.124298
P20873_GAG_HV1JR,Y296R,14.824371
P20873_GAG_HV1JR,Y296S,12.045624
P20873_GAG_HV1JR,Y296T,14.967255
P20873_GAG_HV1JR,Y296V,15.003723
P20873_GAG_HV1JR,Y296W,14.7604065
P20873_GAG_HV1JR,V297A,12.513855
P20873_GAG_HV1JR,V297C,14.842499
P20873_GAG_HV1JR,V297D,14.809906
P20873_GAG_HV1JR,V297E,14.816254
P20873_GAG_HV1JR,V297F,14.820953
P20873_GAG_HV1JR,V297G,12.144257
P20873_GAG_HV1JR,V297H,14.789612
P20873_GAG_HV1JR,V297I,11.675598
P20873_GAG_HV1JR,V297K,14.795868
P20873_GAG_HV1JR,V297L,13.5781555
P20873_GAG_HV1JR,V297M,14.838623
P20873_GAG_HV1JR,V297N,14.851654
P20873_GAG_HV1JR,V297P,14.875702
P20873_GAG_HV1JR,V297Q,14.921051
P20873_GAG_HV1JR,V297R,14.82312
P20873_GAG_HV1JR,V297S,14.799622
P20873_GAG_HV1JR,V297T,14.735504
P20873_GAG_HV1JR,V297W,14.828949
P20873_GAG_HV1JR,V297Y,14.791351
P20873_GAG_HV1JR,D298A,12.804749
P20873_GAG_HV1JR,D298C,14.179718
P20873_GAG_HV1JR,D298E,14.161346
P20873_GAG_HV1JR,D298F,14.215668
P20873_GAG_HV1JR,D298G,11.819153
P20873_GAG_HV1JR,D298H,14.171661
P20873_GAG_HV1JR,D298I,14.178314
P20873_GAG_HV1JR,D298K,11.763519
P20873_GAG_HV1JR,D298L,14.245514
P20873_GAG_HV1JR,D298M,14.179474
P20873_GAG_HV1JR,D298N,9.21225
P20873_GAG_HV1JR,D298P,14.1649475
P20873_GAG_HV1JR,D298Q,14.147858
P20873_GAG_HV1JR,D298R,14.272003
P20873_GAG_HV1JR,D298S,14.208862
P20873_GAG_HV1JR,D298T,14.11377
P20873_GAG_HV1JR,D298V,12.3064575
P20873_GAG_HV1JR,D298W,14.275269
P20873_GAG_HV1JR,D298Y,14.115173
P20873_GAG_HV1JR,R299A,15.143372
P20873_GAG_HV1JR,R299C,15.141357
P20873_GAG_HV1JR,R299D,15.09671
P20873_GAG_HV1JR,R299E,15.128418
P20873_GAG_HV1JR,R299F,15.078003
P20873_GAG_HV1JR,R299G,15.186249
P20873_GAG_HV1JR,R299H,15.200745
P20873_GAG_HV1JR,R299I,15.157623
P20873_GAG_HV1JR,R299K,15.028198
P20873_GAG_HV1JR,R299L,15.179199
P20873_GAG_HV1JR,R299M,15.189606
P20873_GAG_HV1JR,R299N,15.29895
P20873_GAG_HV1JR,R299P,15.183716
P20873_GAG_HV1JR,R299Q,11.131561
P20873_GAG_HV1JR,R299S,14.440552
P20873_GAG_HV1JR,R299T,15.155609
P20873_GAG_HV1JR,R299V,15.227722
P20873_GAG_HV1JR,R299W,14.031555
P20873_GAG_HV1JR,R299Y,15.082855
P20873_GAG_HV1JR,F300A,14.511902
P20873_GAG_HV1JR,F300C,14.5581665
P20873_GAG_HV1JR,F300D,14.545746
P20873_GAG_HV1JR,F300E,14.535614
P20873_GAG_HV1JR,F300G,14.540161
P20873_GAG_HV1JR,F300H,14.541412
P20873_GAG_HV1JR,F300I,14.60791
P20873_GAG_HV1JR,F300K,14.59082
P20873_GAG_HV1JR,F300L,12.832306
P20873_GAG_HV1JR,F300M,14.534607
P20873_GAG_HV1JR,F300N,14.506775
P20873_GAG_HV1JR,F300P,14.472656
P20873_GAG_HV1JR,F300Q,14.588165
P20873_GAG_HV1JR,F300R,14.607361
P20873_GAG_HV1JR,F300S,11.509308
P20873_GAG_HV1JR,F300T,14.572296
P20873_GAG_HV1JR,F300V,9.771271
P20873_GAG_HV1JR,F300W,14.566101
P20873_GAG_HV1JR,F300Y,14.544098
P20873_GAG_HV1JR,Y301A,14.782806
P20873_GAG_HV1JR,Y301C,12.337067
P20873_GAG_HV1JR,Y301D,14.743805
P20873_GAG_HV1JR,Y301E,13.548859
P20873_GAG_HV1JR,Y301F,12.105774
P20873_GAG_HV1JR,Y301G,14.691803
P20873_GAG_HV1JR,Y301H,12.153961
P20873_GAG_HV1JR,Y301I,14.694946
P20873_GAG_HV1JR,Y301K,14.707001
P20873_GAG_HV1JR,Y301L,14.7864685
P20873_GAG_HV1JR,Y301M,14.819458
P20873_GAG_HV1JR,Y301N,14.72937
P20873_GAG_HV1JR,Y301P,14.697601
P20873_GAG_HV1JR,Y301Q,14.799561
P20873_GAG_HV1JR,Y301R,14.7630005
P20873_GAG_HV1JR,Y301S,14.712372
P20873_GAG_HV1JR,Y301T,14.110565
P20873_GAG_HV1JR,Y301V,14.776459
P20873_GAG_HV1JR,Y301W,14.723572
P20873_GAG_HV1JR,K302A,11.941406
P20873_GAG_HV1JR,K302C,12.739563
P20873_GAG_HV1JR,K302D,12.72821
P20873_GAG_HV1JR,K302E,12.838562
P20873_GAG_HV1JR,K302F,12.828308
P20873_GAG_HV1JR,K302G,12.84671
P20873_GAG_HV1JR,K302H,12.804047
P20873_GAG_HV1JR,K302I,12.77066
P20873_GAG_HV1JR,K302L,12.755951
P20873_GAG_HV1JR,K302M,12.684509
P20873_GAG_HV1JR,K302N,10.154449
P20873_GAG_HV1JR,K302P,12.7057495
P20873_GAG_HV1JR,K302Q,12.761749
P20873_GAG_HV1JR,K302R,4.427948
P20873_GAG_HV1JR,K302S,12.78537
P20873_GAG_HV1JR,K302T,11.439667
P20873_GAG_HV1JR,K302V,12.237122
P20873_GAG_HV1JR,K302W,12.80661
P20873_GAG_HV1JR,K302Y,12.752869
P20873_GAG_HV1JR,T303A,9.679718
P20873_GAG_HV1JR,T303C,7.5525208
P20873_GAG_HV1JR,T303D,12.110321
P20873_GAG_HV1JR,T303E,12.117004
P20873_GAG_HV1JR,T303F,12.075897
P20873_GAG_HV1JR,T303G,12.136658
P20873_GAG_HV1JR,T303H,12.119415
P20873_GAG_HV1JR,T303I,6.263397
P20873_GAG_HV1JR,T303K,12.077759
P20873_GAG_HV1JR,T303L,11.689911
P20873_GAG_HV1JR,T303M,12.073761
P20873_GAG_HV1JR,T303N,12.064423
P20873_GAG_HV1JR,T303P,10.907806
P20873_GAG_HV1JR,T303Q,11.378571
P20873_GAG_HV1JR,T303R,12.107666
P20873_GAG_HV1JR,T303S,11.793854
P20873_GAG_HV1JR,T303V,4.132965
P20873_GAG_HV1JR,T303W,12.041901
P20873_GAG_HV1JR,T303Y,12.135315
P20873_GAG_HV1JR,L304A,14.14682
P20873_GAG_HV1JR,L304C,14.217651
P20873_GAG_HV1JR,L304D,14.141418
P20873_GAG_HV1JR,L304E,13.207672
P20873_GAG_HV1JR,L304F,14.102173
P20873_GAG_HV1JR,L304G,14.156769
P20873_GAG_HV1JR,L304H,14.126465
P20873_GAG_HV1JR,L304I,9.484467
P20873_GAG_HV1JR,L304K,14.173309
P20873_GAG_HV1JR,L304M,14.079071
P20873_GAG_HV1JR,L304N,14.143066
P20873_GAG_HV1JR,L304P,10.359253
P20873_GAG_HV1JR,L304Q,14.062561
P20873_GAG_HV1JR,L304R,14.204315
P20873_GAG_HV1JR,L304S,14.152313
P20873_GAG_HV1JR,L304T,13.539856
P20873_GAG_HV1JR,L304V,9.419067
P20873_GAG_HV1JR,L304W,14.154999
P20873_GAG_HV1JR,L304Y,14.085754
P20873_GAG_HV1JR,R305A,14.673798
P20873_GAG_HV1JR,R305C,14.698303
P20873_GAG_HV1JR,R305D,14.670563
P20873_GAG_HV1JR,R305E,13.630646
P20873_GAG_HV1JR,R305F,14.683044
P20873_GAG_HV1JR,R305G,10.674774
P20873_GAG_HV1JR,R305H,14.697052
P20873_GAG_HV1JR,R305I,14.782867
P20873_GAG_HV1JR,R305K,11.154724
P20873_GAG_HV1JR,R305L,14.751953
P20873_GAG_HV1JR,R305M,14.6640625
P20873_GAG_HV1JR,R305N,13.511597
P20873_GAG_HV1JR,R305P,14.658356
P20873_GAG_HV1JR,R305Q,14.681854
P20873_GAG_HV1JR,R305S,14.69281
P20873_GAG_HV1JR,R305T,14.732666
P20873_GAG_HV1JR,R305V,14.693268
P20873_GAG_HV1JR,R305W,14.632324
P20873_GAG_HV1JR,R305Y,14.6961975
P20873_GAG_HV1JR,A306C,14.262848
P20873_GAG_HV1JR,A306D,14.162506
P20873_GAG_HV1JR,A306E,13.197968
P20873_GAG_HV1JR,A306F,14.263824
P20873_GAG_HV1JR,A306G,11.585663
P20873_GAG_HV1JR,A306H,14.32782
P20873_GAG_HV1JR,A306I,14.292847
P20873_GAG_HV1JR,A306K,14.23761
P20873_GAG_HV1JR,A306L,14.199799
P20873_GAG_HV1JR,A306M,14.252258
P20873_GAG_HV1JR,A306N,14.235352
P20873_GAG_HV1JR,A306P,12.600067
P20873_GAG_HV1JR,A306Q,13.644409
P20873_GAG_HV1JR,A306R,14.285522
P20873_GAG_HV1JR,A306S,10.91687
P20873_GAG_HV1JR,A306T,11.08017
P20873_GAG_HV1JR,A306V,11.71106
P20873_GAG_HV1JR,A306W,14.303864
P20873_GAG_HV1JR,A306Y,14.227753
P20873_GAG_HV1JR,E307A,15.116821
P20873_GAG_HV1JR,E307C,15.13205
P20873_GAG_HV1JR,E307D,15.055054
P20873_GAG_HV1JR,E307F,15.0660095
P20873_GAG_HV1JR,E307G,11.933105
P20873_GAG_HV1JR,E307H,15.008759
P20873_GAG_HV1JR,E307I,15.0112
P20873_GAG_HV1JR,E307K,12.300568
P20873_GAG_HV1JR,E307L,15.023804
P20873_GAG_HV1JR,E307M,14.982819
P20873_GAG_HV1JR,E307N,15.022064
P20873_GAG_HV1JR,E307P,15.080048
P20873_GAG_HV1JR,E307Q,14.369751
P20873_GAG_HV1JR,E307R,15.12027
P20873_GAG_HV1JR,E307S,14.397919
P20873_GAG_HV1JR,E307T,15.057953
P20873_GAG_HV1JR,E307V,15.119659
P20873_GAG_HV1JR,E307W,15.096558
P20873_GAG_HV1JR,E307Y,15.155365
P20873_GAG_HV1JR,Q308A,14.531006
P20873_GAG_HV1JR,Q308C,15.343903
P20873_GAG_HV1JR,Q308D,15.42395
P20873_GAG_HV1JR,Q308E,14.288422
P20873_GAG_HV1JR,Q308F,15.424316
P20873_GAG_HV1JR,Q308G,15.479767
P20873_GAG_HV1JR,Q308H,15.320251
P20873_GAG_HV1JR,Q308I,15.464661
P20873_GAG_HV1JR,Q308K,14.281799
P20873_GAG_HV1JR,Q308L,14.791321
P20873_GAG_HV1JR,Q308M,15.357269
P20873_GAG_HV1JR,Q308N,14.817749
P20873_GAG_HV1JR,Q308P,14.442505
P20873_GAG_HV1JR,Q308R,13.482208
P20873_GAG_HV1JR,Q308S,15.439911
P20873_GAG_HV1JR,Q308T,14.692108
P20873_GAG_HV1JR,Q308V,15.416351
P20873_GAG_HV1JR,Q308W,15.447815
P20873_GAG_HV1JR,Q308Y,15.403564
P20873_GAG_HV1JR,A309C,5.2828064
P20873_GAG_HV1JR,A309D,10.9045105
P20873_GAG_HV1JR,A309E,12.221771
P20873_GAG_HV1JR,A309F,12.15155
P20873_GAG_HV1JR,A309G,8.873657
P20873_GAG_HV1JR,A309H,12.617554
P20873_GAG_HV1JR,A309I,12.677002
P20873_GAG_HV1JR,A309K,12.726898
P20873_GAG_HV1JR,A309L,12.660706
P20873_GAG_HV1JR,A309M,11.964752
P20873_GAG_HV1JR,A309N,11.334656
P20873_GAG_HV1JR,A309P,11.482452
P20873_GAG_HV1JR,A309Q,12.67981
P20873_GAG_HV1JR,A309R,12.684723
P20873_GAG_HV1JR,A309S,9.280212
P20873_GAG_HV1JR,A309T,10.910065
P20873_GAG_HV1JR,A309V,9.956146
P20873_GAG_HV1JR,A309W,12.710175
P20873_GAG_HV1JR,A309Y,12.725708
P20873_GAG_HV1JR,T310A,6.3983154
P20873_GAG_HV1JR,T310C,9.110046
P20873_GAG_HV1JR,T310D,9.016418
P20873_GAG_HV1JR,T310E,8.737457
P20873_GAG_HV1JR,T310F,9.092102
P20873_GAG_HV1JR,T310G,8.079468
P20873_GAG_HV1JR,T310H,8.985596
P20873_GAG_HV1JR,T310I,7.3245544
P20873_GAG_HV1JR,T310K,9.036255
P20873_GAG_HV1JR,T310L,6.8469543
P20873_GAG_HV1JR,T310M,9.087067
P20873_GAG_HV1JR,T310N,9.154053
P20873_GAG_HV1JR,T310P,6.0144653
P20873_GAG_HV1JR,T310Q,9.057648
P20873_GAG_HV1JR,T310R,9.0199585
P20873_GAG_HV1JR,T310S,-2.888031
P20873_GAG_HV1JR,T310V,9.077118
P20873_GAG_HV1JR,T310W,9.1493225
P20873_GAG_HV1JR,T310Y,9.091949
P20873_GAG_HV1JR,Q311A,8.5147705
P20873_GAG_HV1JR,Q311C,13.948517
P20873_GAG_HV1JR,Q311D,13.304962
P20873_GAG_HV1JR,Q311E,12.958618
P20873_GAG_HV1JR,Q311F,12.949097
P20873_GAG_HV1JR,Q311G,13.078949
P20873_GAG_HV1JR,Q311H,13.927948
P20873_GAG_HV1JR,Q311I,13.829468
P20873_GAG_HV1JR,Q311K,13.283051
P20873_GAG_HV1JR,Q311L,13.841461
P20873_GAG_HV1JR,Q311M,11.429962
P20873_GAG_HV1JR,Q311N,13.865295
P20873_GAG_HV1JR,Q311P,11.628815
P20873_GAG_HV1JR,Q311R,13.036896
P20873_GAG_HV1JR,Q311S,9.963409
P20873_GAG_HV1JR,Q311T,13.835754
P20873_GAG_HV1JR,Q311V,13.833618
P20873_GAG_HV1JR,Q311W,13.855774
P20873_GAG_HV1JR,Q311Y,13.92926
P20873_GAG_HV1JR,E312A,7.317169
P20873_GAG_HV1JR,E312C,10.943268
P20873_GAG_HV1JR,E312D,0.954895
P20873_GAG_HV1JR,E312F,10.934753
P20873_GAG_HV1JR,E312G,8.09906
P20873_GAG_HV1JR,E312H,11.06485
P20873_GAG_HV1JR,E312I,11.053162
P20873_GAG_HV1JR,E312K,8.596466
P20873_GAG_HV1JR,E312L,11.047272
P20873_GAG_HV1JR,E312M,11.004761
P20873_GAG_HV1JR,E312N,8.847504
P20873_GAG_HV1JR,E312P,10.0914
P20873_GAG_HV1JR,E312Q,10.9791565
P20873_GAG_HV1JR,E312R,11.074249
P20873_GAG_HV1JR,E312S,10.63382
P20873_GAG_HV1JR,E312T,11.009705
P20873_GAG_HV1JR,E312V,11.018005
P20873_GAG_HV1JR,E312W,10.964294
P20873_GAG_HV1JR,E312Y,11.026703
P20873_GAG_HV1JR,V313A,11.5407715
P20873_GAG_HV1JR,V313C,15.434998
P20873_GAG_HV1JR,V313D,15.429321
P20873_GAG_HV1JR,V313E,15.49472
P20873_GAG_HV1JR,V313F,15.420807
P20873_GAG_HV1JR,V313G,15.389465
P20873_GAG_HV1JR,V313H,15.495697
P20873_GAG_HV1JR,V313I,14.454498
P20873_GAG_HV1JR,V313K,15.404846
P20873_GAG_HV1JR,V313L,13.7265625
P20873_GAG_HV1JR,V313M,15.450195
P20873_GAG_HV1JR,V313N,15.452301
P20873_GAG_HV1JR,V313P,15.517151
P20873_GAG_HV1JR,V313Q,15.517456
P20873_GAG_HV1JR,V313R,15.397003
P20873_GAG_HV1JR,V313S,15.41275
P20873_GAG_HV1JR,V313T,15.408752
P20873_GAG_HV1JR,V313W,15.403748
P20873_GAG_HV1JR,V313Y,15.439545
P20873_GAG_HV1JR,K314A,13.665375
P20873_GAG_HV1JR,K314C,14.747314
P20873_GAG_HV1JR,K314D,14.809967
P20873_GAG_HV1JR,K314E,12.040924
P20873_GAG_HV1JR,K314F,14.7901
P20873_GAG_HV1JR,K314G,14.698669
P20873_GAG_HV1JR,K314H,14.7430725
P20873_GAG_HV1JR,K314I,11.736267
P20873_GAG_HV1JR,K314L,14.7864685
P20873_GAG_HV1JR,K314M,14.701355
P20873_GAG_HV1JR,K314N,14.776306
P20873_GAG_HV1JR,K314P,13.79071
P20873_GAG_HV1JR,K314Q,14.76535
P20873_GAG_HV1JR,K314R,14.407196
P20873_GAG_HV1JR,K314S,14.794159
P20873_GAG_HV1JR,K314T,12.0216675
P20873_GAG_HV1JR,K314V,14.833099
P20873_GAG_HV1JR,K314W,14.746246
P20873_GAG_HV1JR,K314Y,14.095551
P20873_GAG_HV1JR,N315A,12.090363
P20873_GAG_HV1JR,N315C,12.135773
P20873_GAG_HV1JR,N315D,12.032654
P20873_GAG_HV1JR,N315E,11.498718
P20873_GAG_HV1JR,N315F,12.117523
P20873_GAG_HV1JR,N315G,5.9343567
P20873_GAG_HV1JR,N315H,6.5881653
P20873_GAG_HV1JR,N315I,12.050598
P20873_GAG_HV1JR,N315K,9.842621
P20873_GAG_HV1JR,N315L,9.929596
P20873_GAG_HV1JR,N315M,12.178162
P20873_GAG_HV1JR,N315P,11.47522
P20873_GAG_HV1JR,N315Q,10.556366
P20873_GAG_HV1JR,N315R,7.7837524
P20873_GAG_HV1JR,N315S,6.3104553
P20873_GAG_HV1JR,N315T,6.219818
P20873_GAG_HV1JR,N315V,11.718964
P20873_GAG_HV1JR,N315W,12.17337
P20873_GAG_HV1JR,N315Y,12.047913
P20873_GAG_HV1JR,W316A,13.908722
P20873_GAG_HV1JR,W316C,14.470001
P20873_GAG_HV1JR,W316D,14.528961
P20873_GAG_HV1JR,W316E,14.548218
P20873_GAG_HV1JR,W316F,14.45285
P20873_GAG_HV1JR,W316G,13.592346
P20873_GAG_HV1JR,W316H,14.464661
P20873_GAG_HV1JR,W316I,14.4938965
P20873_GAG_HV1JR,W316K,14.517548
P20873_GAG_HV1JR,W316L,14.5824585
P20873_GAG_HV1JR,W316M,14.465698
P20873_GAG_HV1JR,W316N,14.441864
P20873_GAG_HV1JR,W316P,13.601349
P20873_GAG_HV1JR,W316Q,12.924347
P20873_GAG_HV1JR,W316R,9.019501
P20873_GAG_HV1JR,W316S,12.603546
P20873_GAG_HV1JR,W316T,14.613617
P20873_GAG_HV1JR,W316V,14.487946
P20873_GAG_HV1JR,W316Y,14.4843445
P20873_GAG_HV1JR,M317A,12.907349
P20873_GAG_HV1JR,M317C,14.375702
P20873_GAG_HV1JR,M317D,14.326569
P20873_GAG_HV1JR,M317E,14.2682495
P20873_GAG_HV1JR,M317F,14.278809
P20873_GAG_HV1JR,M317G,14.327148
P20873_GAG_HV1JR,M317H,14.366425
P20873_GAG_HV1JR,M317I,10.176514
P20873_GAG_HV1JR,M317K,11.521362
P20873_GAG_HV1JR,M317L,13.259705
P20873_GAG_HV1JR,M317N,14.286316
P20873_GAG_HV1JR,M317P,12.935425
P20873_GAG_HV1JR,M317Q,14.377472
P20873_GAG_HV1JR,M317R,14.342072
P20873_GAG_HV1JR,M317S,13.441254
P20873_GAG_HV1JR,M317T,11.791504
P20873_GAG_HV1JR,M317V,12.186462
P20873_GAG_HV1JR,M317W,14.371063
P20873_GAG_HV1JR,M317Y,14.374268
P20873_GAG_HV1JR,T318A,12.997467
P20873_GAG_HV1JR,T318C,15.604645
P20873_GAG_HV1JR,T318D,15.502411
P20873_GAG_HV1JR,T318E,15.635071
P20873_GAG_HV1JR,T318F,15.623657
P20873_GAG_HV1JR,T318G,15.620697
P20873_GAG_HV1JR,T318H,15.606964
P20873_GAG_HV1JR,T318I,15.620514
P20873_GAG_HV1JR,T318K,14.651947
P20873_GAG_HV1JR,T318L,15.59491
P20873_GAG_HV1JR,T318M,15.639709
P20873_GAG_HV1JR,T318N,14.795258
P20873_GAG_HV1JR,T318P,14.451874
P20873_GAG_HV1JR,T318Q,14.847961
P20873_GAG_HV1JR,T318R,15.636566
P20873_GAG_HV1JR,T318S,15.653961
P20873_GAG_HV1JR,T318V,14.697296
P20873_GAG_HV1JR,T318W,15.623566
P20873_GAG_HV1JR,T318Y,15.63736
P20873_GAG_HV1JR,E319A,10.191864
P20873_GAG_HV1JR,E319C,13.4841
P20873_GAG_HV1JR,E319D,7.4489746
P20873_GAG_HV1JR,E319F,13.474701
P20873_GAG_HV1JR,E319G,11.053467
P20873_GAG_HV1JR,E319H,13.499817
P20873_GAG_HV1JR,E319I,12.806915
P20873_GAG_HV1JR,E319K,9.628265
P20873_GAG_HV1JR,E319L,12.695953
P20873_GAG_HV1JR,E319M,13.469971
P20873_GAG_HV1JR,E319N,12.757599
P20873_GAG_HV1JR,E319P,13.604645
P20873_GAG_HV1JR,E319Q,13.537201
P20873_GAG_HV1JR,E319R,13.500946
P20873_GAG_HV1JR,E319S,13.57135
P20873_GAG_HV1JR,E319T,12.84256
P20873_GAG_HV1JR,E319V,10.720306
P20873_GAG_HV1JR,E319W,13.538849
P20873_GAG_HV1JR,E319Y,13.548218
P20873_GAG_HV1JR,T320A,8.963867
P20873_GAG_HV1JR,T320C,14.634918
P20873_GAG_HV1JR,T320D,14.734253
P20873_GAG_HV1JR,T320E,14.650574
P20873_GAG_HV1JR,T320F,14.747498
P20873_GAG_HV1JR,T320G,13.7291565
P20873_GAG_HV1JR,T320H,14.797424
P20873_GAG_HV1JR,T320I,14.354767
P20873_GAG_HV1JR,T320K,14.668823
P20873_GAG_HV1JR,T320L,14.699005
P20873_GAG_HV1JR,T320M,14.616821
P20873_GAG_HV1JR,T320N,14.744446
P20873_GAG_HV1JR,T320P,14.704559
P20873_GAG_HV1JR,T320Q,14.74057
P20873_GAG_HV1JR,T320R,12.635345
P20873_GAG_HV1JR,T320S,12.878967
P20873_GAG_HV1JR,T320V,14.692413
P20873_GAG_HV1JR,T320W,14.654663
P20873_GAG_HV1JR,T320Y,14.669556
P20873_GAG_HV1JR,L321A,14.996063
P20873_GAG_HV1JR,L321C,14.911774
P20873_GAG_HV1JR,L321D,14.997253
P20873_GAG_HV1JR,L321E,13.456146
P20873_GAG_HV1JR,L321F,14.932495
P20873_GAG_HV1JR,L321G,14.313049
P20873_GAG_HV1JR,L321H,14.801758
P20873_GAG_HV1JR,L321I,14.996674
P20873_GAG_HV1JR,L321K,14.95517
P20873_GAG_HV1JR,L321M,15.002472
P20873_GAG_HV1JR,L321N,14.09436
P20873_GAG_HV1JR,L321P,13.882324
P20873_GAG_HV1JR,L321Q,14.999268
P20873_GAG_HV1JR,L321R,14.866699
P20873_GAG_HV1JR,L321S,10.741455
P20873_GAG_HV1JR,L321T,14.996857
P20873_GAG_HV1JR,L321V,13.484558
P20873_GAG_HV1JR,L321W,14.958008
P20873_GAG_HV1JR,L321Y,14.904663
P20873_GAG_HV1JR,L322A,14.646545
P20873_GAG_HV1JR,L322C,14.483673
P20873_GAG_HV1JR,L322D,14.534454
P20873_GAG_HV1JR,L322E,14.497101
P20873_GAG_HV1JR,L322F,14.635315
P20873_GAG_HV1JR,L322G,14.4758
P20873_GAG_HV1JR,L322H,14.555664
P20873_GAG_HV1JR,L322I,14.513123
P20873_GAG_HV1JR,L322K,14.576355
P20873_GAG_HV1JR,L322M,9.955658
P20873_GAG_HV1JR,L322N,13.6857605
P20873_GAG_HV1JR,L322P,14.567871
P20873_GAG_HV1JR,L322Q,14.573669
P20873_GAG_HV1JR,L322R,13.112274
P20873_GAG_HV1JR,L322S,10.62912
P20873_GAG_HV1JR,L322T,14.525665
P20873_GAG_HV1JR,L322V,13.815308
P20873_GAG_HV1JR,L322W,14.523315
P20873_GAG_HV1JR,L322Y,13.983368
P20873_GAG_HV1JR,V323A,9.068207
P20873_GAG_HV1JR,V323C,13.116272
P20873_GAG_HV1JR,V323D,13.128174
P20873_GAG_HV1JR,V323E,12.610168
P20873_GAG_HV1JR,V323F,11.764404
P20873_GAG_HV1JR,V323G,13.068298
P20873_GAG_HV1JR,V323H,13.151215
P20873_GAG_HV1JR,V323I,5.7351074
P20873_GAG_HV1JR,V323K,13.15506
P20873_GAG_HV1JR,V323L,13.091675
P20873_GAG_HV1JR,V323M,11.880249
P20873_GAG_HV1JR,V323N,13.107758
P20873_GAG_HV1JR,V323P,13.183044
P20873_GAG_HV1JR,V323Q,13.117157
P20873_GAG_HV1JR,V323R,13.118622
P20873_GAG_HV1JR,V323S,13.135773
P20873_GAG_HV1JR,V323T,9.532074
P20873_GAG_HV1JR,V323W,13.0746155
P20873_GAG_HV1JR,V323Y,13.173248
P20873_GAG_HV1JR,Q324A,13.414551
P20873_GAG_HV1JR,Q324C,14.26947
P20873_GAG_HV1JR,Q324D,14.138367
P20873_GAG_HV1JR,Q324E,14.215759
P20873_GAG_HV1JR,Q324F,14.095856
P20873_GAG_HV1JR,Q324G,14.153717
P20873_GAG_HV1JR,Q324H,10.432465
P20873_GAG_HV1JR,Q324I,14.167664
P20873_GAG_HV1JR,Q324K,13.3298645
P20873_GAG_HV1JR,Q324L,12.291565
P20873_GAG_HV1JR,Q324M,14.177673
P20873_GAG_HV1JR,Q324N,13.541168
P20873_GAG_HV1JR,Q324P,10.436462
P20873_GAG_HV1JR,Q324R,10.496307
P20873_GAG_HV1JR,Q324S,14.249756
P20873_GAG_HV1JR,Q324T,14.174561
P20873_GAG_HV1JR,Q324V,13.671967
P20873_GAG_HV1JR,Q324W,14.147614
P20873_GAG_HV1JR,Q324Y,13.223053
P20873_GAG_HV1JR,N325A,13.705048
P20873_GAG_HV1JR,N325C,13.984619
P20873_GAG_HV1JR,N325D,11.049164
P20873_GAG_HV1JR,N325E,14.660645
P20873_GAG_HV1JR,N325F,14.496155
P20873_GAG_HV1JR,N325G,13.732361
P20873_GAG_HV1JR,N325H,10.916107
P20873_GAG_HV1JR,N325I,14.556274
P20873_GAG_HV1JR,N325K,10.870605
P20873_GAG_HV1JR,N325L,14.54306
P20873_GAG_HV1JR,N325M,14.5390625
P20873_GAG_HV1JR,N325P,14.534302
P20873_GAG_HV1JR,N325Q,14.590118
P20873_GAG_HV1JR,N325R,13.166412
P20873_GAG_HV1JR,N325S,13.938049
P20873_GAG_HV1JR,N325T,14.55545
P20873_GAG_HV1JR,N325V,14.521515
P20873_GAG_HV1JR,N325W,14.498474
P20873_GAG_HV1JR,N325Y,14.528564
P20873_GAG_HV1JR,A326C,9.376251
P20873_GAG_HV1JR,A326D,11.606354
P20873_GAG_HV1JR,A326E,11.664246
P20873_GAG_HV1JR,A326F,11.738464
P20873_GAG_HV1JR,A326G,10.588013
P20873_GAG_HV1JR,A326H,11.7074585
P20873_GAG_HV1JR,A326I,11.343903
P20873_GAG_HV1JR,A326K,11.712463
P20873_GAG_HV1JR,A326L,9.8414
P20873_GAG_HV1JR,A326M,11.726471
P20873_GAG_HV1JR,A326N,11.721466
P20873_GAG_HV1JR,A326P,10.479919
P20873_GAG_HV1JR,A326Q,11.721069
P20873_GAG_HV1JR,A326R,11.7612
P20873_GAG_HV1JR,A326S,2.3291016
P20873_GAG_HV1JR,A326T,9.686096
P20873_GAG_HV1JR,A326V,10.108154
P20873_GAG_HV1JR,A326W,11.727997
P20873_GAG_HV1JR,A326Y,11.724762
P20873_GAG_HV1JR,N327A,13.17157
P20873_GAG_HV1JR,N327C,13.928497
P20873_GAG_HV1JR,N327D,10.387573
P20873_GAG_HV1JR,N327E,12.588867
P20873_GAG_HV1JR,N327F,13.957245
P20873_GAG_HV1JR,N327G,14.024658
P20873_GAG_HV1JR,N327H,11.692749
P20873_GAG_HV1JR,N327I,14.041351
P20873_GAG_HV1JR,N327K,12.159607
P20873_GAG_HV1JR,N327L,13.968445
P20873_GAG_HV1JR,N327M,13.887848
P20873_GAG_HV1JR,N327P,14.084259
P20873_GAG_HV1JR,N327Q,14.004272
P20873_GAG_HV1JR,N327R,13.482819
P20873_GAG_HV1JR,N327S,10.572266
P20873_GAG_HV1JR,N327T,10.134796
P20873_GAG_HV1JR,N327V,13.379395
P20873_GAG_HV1JR,N327W,13.120209
P20873_GAG_HV1JR,N327Y,14.007355
P20873_GAG_HV1JR,P328A,10.938599
P20873_GAG_HV1JR,P328C,14.787109
P20873_GAG_HV1JR,P328D,14.836914
P20873_GAG_HV1JR,P328E,14.7099
P20873_GAG_HV1JR,P328F,14.723755
P20873_GAG_HV1JR,P328G,14.72757
P20873_GAG_HV1JR,P328H,14.641663
P20873_GAG_HV1JR,P328I,14.802063
P20873_GAG_HV1JR,P328K,14.623474
P20873_GAG_HV1JR,P328L,13.652649
P20873_GAG_HV1JR,P328M,14.845917
P20873_GAG_HV1JR,P328N,14.154999
P20873_GAG_HV1JR,P328Q,12.163055
P20873_GAG_HV1JR,P328R,14.718658
P20873_GAG_HV1JR,P328S,12.167572
P20873_GAG_HV1JR,P328T,14.021423
P20873_GAG_HV1JR,P328V,14.804108
P20873_GAG_HV1JR,P328W,14.682251
P20873_GAG_HV1JR,P328Y,14.683563
P20873_GAG_HV1JR,D329A,13.091675
P20873_GAG_HV1JR,D329C,14.571655
P20873_GAG_HV1JR,D329E,14.637421
P20873_GAG_HV1JR,D329F,14.753967
P20873_GAG_HV1JR,D329G,12.841248
P20873_GAG_HV1JR,D329H,12.401245
P20873_GAG_HV1JR,D329I,13.749268
P20873_GAG_HV1JR,D329K,14.636871
P20873_GAG_HV1JR,D329L,14.687622
P20873_GAG_HV1JR,D329M,14.548523
P20873_GAG_HV1JR,D329N,9.937347
P20873_GAG_HV1JR,D329P,14.713898
P20873_GAG_HV1JR,D329Q,14.625519
P20873_GAG_HV1JR,D329R,14.651215
P20873_GAG_HV1JR,D329S,14.695557
P20873_GAG_HV1JR,D329T,14.625702
P20873_GAG_HV1JR,D329V,14.730103
P20873_GAG_HV1JR,D329W,14.634308
P20873_GAG_HV1JR,D329Y,13.474213
P20873_GAG_HV1JR,C330A,13.221069
P20873_GAG_HV1JR,C330D,14.71875
P20873_GAG_HV1JR,C330E,14.681671
P20873_GAG_HV1JR,C330F,14.76062
P20873_GAG_HV1JR,C330G,11.260498
P20873_GAG_HV1JR,C330H,14.742065
P20873_GAG_HV1JR,C330I,13.785614
P20873_GAG_HV1JR,C330K,14.731995
P20873_GAG_HV1JR,C330L,13.709259
P20873_GAG_HV1JR,C330M,14.683624
P20873_GAG_HV1JR,C330N,13.125214
P20873_GAG_HV1JR,C330P,14.705017
P20873_GAG_HV1JR,C330Q,14.766205
P20873_GAG_HV1JR,C330R,11.888245
P20873_GAG_HV1JR,C330S,14.059753
P20873_GAG_HV1JR,C330T,14.715424
P20873_GAG_HV1JR,C330V,13.874847
P20873_GAG_HV1JR,C330W,14.609619
P20873_GAG_HV1JR,C330Y,13.484772
P20873_GAG_HV1JR,K331A,12.311157
P20873_GAG_HV1JR,K331C,12.846771
P20873_GAG_HV1JR,K331D,12.845123
P20873_GAG_HV1JR,K331E,9.552765
P20873_GAG_HV1JR,K331F,12.773102
P20873_GAG_HV1JR,K331G,12.192963
P20873_GAG_HV1JR,K331H,12.822601
P20873_GAG_HV1JR,K331I,12.790161
P20873_GAG_HV1JR,K331L,12.86322
P20873_GAG_HV1JR,K331M,12.805695
P20873_GAG_HV1JR,K331N,12.392914
P20873_GAG_HV1JR,K331P,12.845947
P20873_GAG_HV1JR,K331Q,12.325653
P20873_GAG_HV1JR,K331R,4.542206
P20873_GAG_HV1JR,K331S,12.064667
P20873_GAG_HV1JR,K331T,11.023865
P20873_GAG_HV1JR,K331V,12.757355
P20873_GAG_HV1JR,K331W,12.868774
P20873_GAG_HV1JR,K331Y,12.743652
P20873_GAG_HV1JR,T332A,7.8180237
P20873_GAG_HV1JR,T332C,12.624207
P20873_GAG_HV1JR,T332D,12.604553
P20873_GAG_HV1JR,T332E,11.66275
P20873_GAG_HV1JR,T332F,12.667908
P20873_GAG_HV1JR,T332G,12.588654
P20873_GAG_HV1JR,T332H,7.989746
P20873_GAG_HV1JR,T332I,8.143372
P20873_GAG_HV1JR,T332K,12.659302
P20873_GAG_HV1JR,T332L,10.852203
P20873_GAG_HV1JR,T332M,12.634399
P20873_GAG_HV1JR,T332N,6.6525574
P20873_GAG_HV1JR,T332P,11.226257
P20873_GAG_HV1JR,T332Q,12.668274
P20873_GAG_HV1JR,T332R,12.616821
P20873_GAG_HV1JR,T332S,6.993805
P20873_GAG_HV1JR,T332V,12.6840515
P20873_GAG_HV1JR,T332W,12.23111
P20873_GAG_HV1JR,T332Y,12.211365
P20873_GAG_HV1JR,I333A,12.570557
P20873_GAG_HV1JR,I333C,14.432251
P20873_GAG_HV1JR,I333D,14.3376465
P20873_GAG_HV1JR,I333E,13.555511
P20873_GAG_HV1JR,I333F,13.453369
P20873_GAG_HV1JR,I333G,14.283173
P20873_GAG_HV1JR,I333H,14.296967
P20873_GAG_HV1JR,I333K,14.322723
P20873_GAG_HV1JR,I333L,13.564972
P20873_GAG_HV1JR,I333M,11.813019
P20873_GAG_HV1JR,I333N,11.799805
P20873_GAG_HV1JR,I333P,14.275848
P20873_GAG_HV1JR,I333Q,14.28067
P20873_GAG_HV1JR,I333R,12.986969
P20873_GAG_HV1JR,I333S,14.3594055
P20873_GAG_HV1JR,I333T,11.069946
P20873_GAG_HV1JR,I333V,10.068817
P20873_GAG_HV1JR,I333W,14.366211
P20873_GAG_HV1JR,I333Y,14.345917
P20873_GAG_HV1JR,L334A,13.5251465
P20873_GAG_HV1JR,L334C,15.071899
P20873_GAG_HV1JR,L334D,15.031525
P20873_GAG_HV1JR,L334E,14.954773
P20873_GAG_HV1JR,L334F,13.942322
P20873_GAG_HV1JR,L334G,15.103973
P20873_GAG_HV1JR,L334H,14.382416
P20873_GAG_HV1JR,L334I,14.414673
P20873_GAG_HV1JR,L334K,15.039856
P20873_GAG_HV1JR,L334M,13.496246
P20873_GAG_HV1JR,L334N,15.152252
P20873_GAG_HV1JR,L334P,14.183044
P20873_GAG_HV1JR,L334Q,14.844971
P20873_GAG_HV1JR,L334R,15.1206665
P20873_GAG_HV1JR,L334S,12.533295
P20873_GAG_HV1JR,L334T,15.062897
P20873_GAG_HV1JR,L334V,12.204224
P20873_GAG_HV1JR,L334W,15.068268
P20873_GAG_HV1JR,L334Y,15.053223
P20873_GAG_HV1JR,K335A,11.874268
P20873_GAG_HV1JR,K335C,13.200348
P20873_GAG_HV1JR,K335D,13.186249
P20873_GAG_HV1JR,K335E,10.436768
P20873_GAG_HV1JR,K335F,13.251495
P20873_GAG_HV1JR,K335G,12.754364
P20873_GAG_HV1JR,K335H,13.127045
P20873_GAG_HV1JR,K335I,11.218658
P20873_GAG_HV1JR,K335L,12.659058
P20873_GAG_HV1JR,K335M,13.216797
P20873_GAG_HV1JR,K335N,13.191711
P20873_GAG_HV1JR,K335P,13.129852
P20873_GAG_HV1JR,K335Q,13.215057
P20873_GAG_HV1JR,K335R,5.516815
P20873_GAG_HV1JR,K335S,13.2317505
P20873_GAG_HV1JR,K335T,11.398163
P20873_GAG_HV1JR,K335V,12.731445
P20873_GAG_HV1JR,K335W,13.174408
P20873_GAG_HV1JR,K335Y,13.207062
P20873_GAG_HV1JR,A336C,14.01532
P20873_GAG_HV1JR,A336D,13.176697
P20873_GAG_HV1JR,A336E,13.133118
P20873_GAG_HV1JR,A336F,13.953857
P20873_GAG_HV1JR,A336G,12.62561
P20873_GAG_HV1JR,A336H,13.978149
P20873_GAG_HV1JR,A336I,12.57782
P20873_GAG_HV1JR,A336K,13.895966
P20873_GAG_HV1JR,A336L,13.866119
P20873_GAG_HV1JR,A336M,14.038269
P20873_GAG_HV1JR,A336N,13.939148
P20873_GAG_HV1JR,A336P,13.879272
P20873_GAG_HV1JR,A336Q,13.302948
P20873_GAG_HV1JR,A336R,12.559021
P20873_GAG_HV1JR,A336S,8.106567
P20873_GAG_HV1JR,A336T,9.240204
P20873_GAG_HV1JR,A336V,13.531097
P20873_GAG_HV1JR,A336W,13.925659
P20873_GAG_HV1JR,A336Y,13.93692
P20873_GAG_HV1JR,L337A,12.682953
P20873_GAG_HV1JR,L337C,13.40686
P20873_GAG_HV1JR,L337D,12.1901245
P20873_GAG_HV1JR,L337E,13.453217
P20873_GAG_HV1JR,L337F,10.675964
P20873_GAG_HV1JR,L337G,13.343353
P20873_GAG_HV1JR,L337H,13.418152
P20873_GAG_HV1JR,L337I,9.88446
P20873_GAG_HV1JR,L337K,11.857971
P20873_GAG_HV1JR,L337M,7.132263
P20873_GAG_HV1JR,L337N,13.424347
P20873_GAG_HV1JR,L337P,13.457214
P20873_GAG_HV1JR,L337Q,13.430054
P20873_GAG_HV1JR,L337R,13.4151
P20873_GAG_HV1JR,L337S,9.414398
P20873_GAG_HV1JR,L337T,12.70047
P20873_GAG_HV1JR,L337V,12.505066
P20873_GAG_HV1JR,L337W,13.3611145
P20873_GAG_HV1JR,L337Y,13.368622
P20873_GAG_HV1JR,G338A,14.468201
P20873_GAG_HV1JR,G338C,14.557556
P20873_GAG_HV1JR,G338D,14.628571
P20873_GAG_HV1JR,G338E,12.063568
P20873_GAG_HV1JR,G338F,14.587402
P20873_GAG_HV1JR,G338H,14.558411
P20873_GAG_HV1JR,G338I,14.60791
P20873_GAG_HV1JR,G338K,13.50177
P20873_GAG_HV1JR,G338L,14.55957
P20873_GAG_HV1JR,G338M,14.628357
P20873_GAG_HV1JR,G338N,14.592316
P20873_GAG_HV1JR,G338P,14.528412
P20873_GAG_HV1JR,G338Q,13.8013
P20873_GAG_HV1JR,G338R,9.273102
P20873_GAG_HV1JR,G338S,14.544067
P20873_GAG_HV1JR,G338T,14.571259
P20873_GAG_HV1JR,G338V,12.893646
P20873_GAG_HV1JR,G338W,14.601196
P20873_GAG_HV1JR,G338Y,14.550354
P20873_GAG_HV1JR,P339A,9.078064
P20873_GAG_HV1JR,P339C,13.115112
P20873_GAG_HV1JR,P339D,13.09375
P20873_GAG_HV1JR,P339E,13.203461
P20873_GAG_HV1JR,P339F,13.124023
P20873_GAG_HV1JR,P339G,13.19397
P20873_GAG_HV1JR,P339H,13.253845
P20873_GAG_HV1JR,P339I,13.159668
P20873_GAG_HV1JR,P339K,11.789124
P20873_GAG_HV1JR,P339L,11.0147705
P20873_GAG_HV1JR,P339M,13.175995
P20873_GAG_HV1JR,P339N,13.092163
P20873_GAG_HV1JR,P339Q,8.845551
P20873_GAG_HV1JR,P339R,12.612762
P20873_GAG_HV1JR,P339S,9.756622
P20873_GAG_HV1JR,P339T,7.4466553
P20873_GAG_HV1JR,P339V,9.626373
P20873_GAG_HV1JR,P339W,13.153503
P20873_GAG_HV1JR,P339Y,13.105774
P20873_GAG_HV1JR,A340C,11.401154
P20873_GAG_HV1JR,A340D,10.454773
P20873_GAG_HV1JR,A340E,11.377106
P20873_GAG_HV1JR,A340F,11.41217
P20873_GAG_HV1JR,A340G,2.0002747
P20873_GAG_HV1JR,A340H,7.71286
P20873_GAG_HV1JR,A340I,11.283997
P20873_GAG_HV1JR,A340K,11.32666
P20873_GAG_HV1JR,A340L,11.39566
P20873_GAG_HV1JR,A340M,11.334564
P20873_GAG_HV1JR,A340N,8.289612
P20873_GAG_HV1JR,A340P,11.370148
P20873_GAG_HV1JR,A340Q,6.706421
P20873_GAG_HV1JR,A340R,10.800964
P20873_GAG_HV1JR,A340S,7.166046
P20873_GAG_HV1JR,A340T,9.466003
P20873_GAG_HV1JR,A340V,10.8472595
P20873_GAG_HV1JR,A340W,11.284668
P20873_GAG_HV1JR,A340Y,11.297455
P20873_GAG_HV1JR,A341C,7.798065
P20873_GAG_HV1JR,A341D,12.622711
P20873_GAG_HV1JR,A341E,12.743347
P20873_GAG_HV1JR,A341F,12.912872
P20873_GAG_HV1JR,A341G,12.632446
P20873_GAG_HV1JR,A341H,13.411255
P20873_GAG_HV1JR,A341I,13.426819
P20873_GAG_HV1JR,A341K,13.432617
P20873_GAG_HV1JR,A341L,13.442657
P20873_GAG_HV1JR,A341M,13.446564
P20873_GAG_HV1JR,A341N,13.448669
P20873_GAG_HV1JR,A341P,10.192566
P20873_GAG_HV1JR,A341Q,13.552399
P20873_GAG_HV1JR,A341R,12.401947
P20873_GAG_HV1JR,A341S,8.802551
P20873_GAG_HV1JR,A341T,13.414246
P20873_GAG_HV1JR,A341V,9.371246
P20873_GAG_HV1JR,A341W,13.341553
P20873_GAG_HV1JR,A341Y,13.437408
P20873_GAG_HV1JR,T342A,8.258453
P20873_GAG_HV1JR,T342C,12.170746
P20873_GAG_HV1JR,T342D,12.196167
P20873_GAG_HV1JR,T342E,11.755951
P20873_GAG_HV1JR,T342F,12.3472595
P20873_GAG_HV1JR,T342G,12.274658
P20873_GAG_HV1JR,T342H,12.2986145
P20873_GAG_HV1JR,T342I,12.212463
P20873_GAG_HV1JR,T342K,11.667725
P20873_GAG_HV1JR,T342L,12.331604
P20873_GAG_HV1JR,T342M,12.200073
P20873_GAG_HV1JR,T342N,6.4499207
P20873_GAG_HV1JR,T342P,7.2193604
P20873_GAG_HV1JR,T342Q,12.228821
P20873_GAG_HV1JR,T342R,11.702454
P20873_GAG_HV1JR,T342S,4.424774
P20873_GAG_HV1JR,T342V,11.754547
P20873_GAG_HV1JR,T342W,12.197998
P20873_GAG_HV1JR,T342Y,11.860474
P20873_GAG_HV1JR,L343A,14.021454
P20873_GAG_HV1JR,L343C,14.044495
P20873_GAG_HV1JR,L343D,13.223267
P20873_GAG_HV1JR,L343E,13.486725
P20873_GAG_HV1JR,L343F,13.4557495
P20873_GAG_HV1JR,L343G,14.014069
P20873_GAG_HV1JR,L343H,13.093506
P20873_GAG_HV1JR,L343I,10.571014
P20873_GAG_HV1JR,L343K,13.030548
P20873_GAG_HV1JR,L343M,13.975861
P20873_GAG_HV1JR,L343N,13.979553
P20873_GAG_HV1JR,L343P,11.798401
P20873_GAG_HV1JR,L343Q,13.411224
P20873_GAG_HV1JR,L343R,14.1427
P20873_GAG_HV1JR,L343S,13.264099
P20873_GAG_HV1JR,L343T,13.466156
P20873_GAG_HV1JR,L343V,8.313965
P20873_GAG_HV1JR,L343W,14.134125
P20873_GAG_HV1JR,L343Y,14.040466
P20873_GAG_HV1JR,E344A,13.717255
P20873_GAG_HV1JR,E344C,13.791595
P20873_GAG_HV1JR,E344D,13.730713
P20873_GAG_HV1JR,E344F,13.794098
P20873_GAG_HV1JR,E344G,8.664764
P20873_GAG_HV1JR,E344H,13.765259
P20873_GAG_HV1JR,E344I,13.838501
P20873_GAG_HV1JR,E344K,7.6070557
P20873_GAG_HV1JR,E344L,12.9817505
P20873_GAG_HV1JR,E344M,13.814362
P20873_GAG_HV1JR,E344N,13.20462
P20873_GAG_HV1JR,E344P,13.086304
P20873_GAG_HV1JR,E344Q,13.786224
P20873_GAG_HV1JR,E344R,13.052216
P20873_GAG_HV1JR,E344S,13.25235
P20873_GAG_HV1JR,E344T,13.006866
P20873_GAG_HV1JR,E344V,13.750458
P20873_GAG_HV1JR,E344W,12.929352
P20873_GAG_HV1JR,E344Y,13.742462
P20873_GAG_HV1JR,E345A,11.009705
P20873_GAG_HV1JR,E345C,13.096954
P20873_GAG_HV1JR,E345D,6.0841064
P20873_GAG_HV1JR,E345F,13.154205
P20873_GAG_HV1JR,E345G,9.846619
P20873_GAG_HV1JR,E345H,13.144348
P20873_GAG_HV1JR,E345I,13.112762
P20873_GAG_HV1JR,E345K,8.316559
P20873_GAG_HV1JR,E345L,13.233459
P20873_GAG_HV1JR,E345M,13.116608
P20873_GAG_HV1JR,E345N,13.0625
P20873_GAG_HV1JR,E345P,13.077057
P20873_GAG_HV1JR,E345Q,13.158447
P20873_GAG_HV1JR,E345R,11.682861
P20873_GAG_HV1JR,E345S,12.413971
P20873_GAG_HV1JR,E345T,13.141113
P20873_GAG_HV1JR,E345V,13.1901245
P20873_GAG_HV1JR,E345W,13.100708
P20873_GAG_HV1JR,E345Y,13.141052
P20873_GAG_HV1JR,M346A,13.286346
P20873_GAG_HV1JR,M346C,14.469757
P20873_GAG_HV1JR,M346D,14.576172
P20873_GAG_HV1JR,M346E,14.527222
P20873_GAG_HV1JR,M346F,14.566803
P20873_GAG_HV1JR,M346G,14.520599
P20873_GAG_HV1JR,M346H,13.659363
P20873_GAG_HV1JR,M346I,10.35141
P20873_GAG_HV1JR,M346K,12.764404
P20873_GAG_HV1JR,M346L,11.314758
P20873_GAG_HV1JR,M346N,14.553406
P20873_GAG_HV1JR,M346P,14.518768
P20873_GAG_HV1JR,M346Q,14.476471
P20873_GAG_HV1JR,M346R,14.590515
P20873_GAG_HV1JR,M346S,13.692169
P20873_GAG_HV1JR,M346T,14.43985
P20873_GAG_HV1JR,M346V,11.718567
P20873_GAG_HV1JR,M346W,14.521912
P20873_GAG_HV1JR,M346Y,14.476868
P20873_GAG_HV1JR,M347A,14.091553
P20873_GAG_HV1JR,M347C,14.131622
P20873_GAG_HV1JR,M347D,14.033813
P20873_GAG_HV1JR,M347E,13.352203
P20873_GAG_HV1JR,M347F,14.031769
P20873_GAG_HV1JR,M347G,12.00177
P20873_GAG_HV1JR,M347H,14.09906
P20873_GAG_HV1JR,M347I,8.981506
P20873_GAG_HV1JR,M347K,14.095856
P20873_GAG_HV1JR,M347L,13.103912
P20873_GAG_HV1JR,M347N,13.360809
P20873_GAG_HV1JR,M347P,14.165955
P20873_GAG_HV1JR,M347Q,13.3923645
P20873_GAG_HV1JR,M347R,14.155518
P20873_GAG_HV1JR,M347S,14.089752
P20873_GAG_HV1JR,M347T,11.429169
P20873_GAG_HV1JR,M347V,9.475922
P20873_GAG_HV1JR,M347W,14.005249
P20873_GAG_HV1JR,M347Y,13.271362
P20873_GAG_HV1JR,T348A,6.6785583
P20873_GAG_HV1JR,T348C,12.560974
P20873_GAG_HV1JR,T348D,12.5849
P20873_GAG_HV1JR,T348E,11.963318
P20873_GAG_HV1JR,T348F,12.493195
P20873_GAG_HV1JR,T348G,11.867218
P20873_GAG_HV1JR,T348H,12.490448
P20873_GAG_HV1JR,T348I,8.2890625
P20873_GAG_HV1JR,T348K,12.497253
P20873_GAG_HV1JR,T348L,12.523102
P20873_GAG_HV1JR,T348M,12.479248
P20873_GAG_HV1JR,T348N,12.031616
P20873_GAG_HV1JR,T348P,9.765045
P20873_GAG_HV1JR,T348Q,12.503998
P20873_GAG_HV1JR,T348R,12.465698
P20873_GAG_HV1JR,T348S,5.1087036
P20873_GAG_HV1JR,T348V,9.091858
P20873_GAG_HV1JR,T348W,12.555145
P20873_GAG_HV1JR,T348Y,12.062195
P20873_GAG_HV1JR,A349C,14.719025
P20873_GAG_HV1JR,A349D,14.710968
P20873_GAG_HV1JR,A349E,13.867004
P20873_GAG_HV1JR,A349F,14.734955
P20873_GAG_HV1JR,A349G,14.713348
P20873_GAG_HV1JR,A349H,14.161957
P20873_GAG_HV1JR,A349I,13.822296
P20873_GAG_HV1JR,A349K,14.755554
P20873_GAG_HV1JR,A349L,14.686554
P20873_GAG_HV1JR,A349M,14.751068
P20873_GAG_HV1JR,A349N,14.792908
P20873_GAG_HV1JR,A349P,14.705505
P20873_GAG_HV1JR,A349Q,14.760345
P20873_GAG_HV1JR,A349R,14.729309
P20873_GAG_HV1JR,A349S,11.92627
P20873_GAG_HV1JR,A349T,13.371216
P20873_GAG_HV1JR,A349V,10.469208
P20873_GAG_HV1JR,A349W,14.72876
P20873_GAG_HV1JR,A349Y,14.7682495
P20873_GAG_HV1JR,C350A,13.898254
P20873_GAG_HV1JR,C350D,13.994995
P20873_GAG_HV1JR,C350E,14.74646
P20873_GAG_HV1JR,C350F,14.719147
P20873_GAG_HV1JR,C350G,14.729095
P20873_GAG_HV1JR,C350H,14.095673
P20873_GAG_HV1JR,C350I,14.808563
P20873_GAG_HV1JR,C350K,14.672546
P20873_GAG_HV1JR,C350L,13.801147
P20873_GAG_HV1JR,C350M,14.715149
P20873_GAG_HV1JR,C350N,14.706055
P20873_GAG_HV1JR,C350P,14.746216
P20873_GAG_HV1JR,C350Q,14.777618
P20873_GAG_HV1JR,C350R,10.944946
P20873_GAG_HV1JR,C350S,11.141113
P20873_GAG_HV1JR,C350T,12.908661
P20873_GAG_HV1JR,C350V,14.821014
P20873_GAG_HV1JR,C350W,14.026215
P20873_GAG_HV1JR,C350Y,14.682068
P20873_GAG_HV1JR,Q351A,15.140869
P20873_GAG_HV1JR,Q351C,15.123047
P20873_GAG_HV1JR,Q351D,14.1788025
P20873_GAG_HV1JR,Q351E,13.151306
P20873_GAG_HV1JR,Q351F,15.059601
P20873_GAG_HV1JR,Q351G,14.439819
P20873_GAG_HV1JR,Q351H,15.123871
P20873_GAG_HV1JR,Q351I,15.14621
P20873_GAG_HV1JR,Q351K,14.30545
P20873_GAG_HV1JR,Q351L,15.0078125
P20873_GAG_HV1JR,Q351M,15.056763
P20873_GAG_HV1JR,Q351N,13.295898
P20873_GAG_HV1JR,Q351P,15.085175
P20873_GAG_HV1JR,Q351R,10.814911
P20873_GAG_HV1JR,Q351S,14.141357
P20873_GAG_HV1JR,Q351T,14.1649475
P20873_GAG_HV1JR,Q351V,15.043274
P20873_GAG_HV1JR,Q351W,15.032715
P20873_GAG_HV1JR,Q351Y,15.128052
P20873_GAG_HV1JR,G352A,14.542725
P20873_GAG_HV1JR,G352C,14.604248
P20873_GAG_HV1JR,G352D,12.983673
P20873_GAG_HV1JR,G352E,9.4600525
P20873_GAG_HV1JR,G352F,14.602966
P20873_GAG_HV1JR,G352H,14.61615
P20873_GAG_HV1JR,G352I,13.971649
P20873_GAG_HV1JR,G352K,14.591461
P20873_GAG_HV1JR,G352L,14.57486
P20873_GAG_HV1JR,G352M,14.625122
P20873_GAG_HV1JR,G352N,13.116364
P20873_GAG_HV1JR,G352P,14.611298
P20873_GAG_HV1JR,G352Q,14.516968
P20873_GAG_HV1JR,G352R,12.156525
P20873_GAG_HV1JR,G352S,13.615662
P20873_GAG_HV1JR,G352T,13.771301
P20873_GAG_HV1JR,G352V,14.646759
P20873_GAG_HV1JR,G352W,14.509674
P20873_GAG_HV1JR,G352Y,14.641754
P20873_GAG_HV1JR,V353A,9.168121
P20873_GAG_HV1JR,V353C,14.577209
P20873_GAG_HV1JR,V353D,14.497345
P20873_GAG_HV1JR,V353E,14.585358
P20873_GAG_HV1JR,V353F,14.590912
P20873_GAG_HV1JR,V353G,12.330109
P20873_GAG_HV1JR,V353H,14.610596
P20873_GAG_HV1JR,V353I,13.307404
P20873_GAG_HV1JR,V353K,14.510803
P20873_GAG_HV1JR,V353L,13.597015
P20873_GAG_HV1JR,V353M,14.525848
P20873_GAG_HV1JR,V353N,13.653168
P20873_GAG_HV1JR,V353P,14.637695
P20873_GAG_HV1JR,V353Q,14.650513
P20873_GAG_HV1JR,V353R,14.545807
P20873_GAG_HV1JR,V353S,13.117859
P20873_GAG_HV1JR,V353T,14.584351
P20873_GAG_HV1JR,V353W,14.567657
P20873_GAG_HV1JR,V353Y,14.591705
P20873_GAG_HV1JR,G354A,14.574768
P20873_GAG_HV1JR,G354C,14.445557
P20873_GAG_HV1JR,G354D,13.642853
P20873_GAG_HV1JR,G354E,10.014801
P20873_GAG_HV1JR,G354F,14.5466
P20873_GAG_HV1JR,G354H,14.45105
P20873_GAG_HV1JR,G354I,13.916168
P20873_GAG_HV1JR,G354K,12.032501
P20873_GAG_HV1JR,G354L,14.47406
P20873_GAG_HV1JR,G354M,14.467499
P20873_GAG_HV1JR,G354N,13.591522
P20873_GAG_HV1JR,G354P,14.553497
P20873_GAG_HV1JR,G354Q,14.565796
P20873_GAG_HV1JR,G354R,11.556702
P20873_GAG_HV1JR,G354S,14.510071
P20873_GAG_HV1JR,G354T,13.672363
P20873_GAG_HV1JR,G354V,14.5252075
P20873_GAG_HV1JR,G354W,14.563171
P20873_GAG_HV1JR,G354Y,14.53772
P20873_GAG_HV1JR,G355A,13.382874
P20873_GAG_HV1JR,G355C,15.264099
P20873_GAG_HV1JR,G355D,15.116547
P20873_GAG_HV1JR,G355E,11.86972
P20873_GAG_HV1JR,G355F,13.538422
P20873_GAG_HV1JR,G355H,15.193756
P20873_GAG_HV1JR,G355I,14.269623
P20873_GAG_HV1JR,G355K,15.1996155
P20873_GAG_HV1JR,G355L,15.24707
P20873_GAG_HV1JR,G355M,15.238312
P20873_GAG_HV1JR,G355N,15.174561
P20873_GAG_HV1JR,G355P,15.148773
P20873_GAG_HV1JR,G355Q,15.194366
P20873_GAG_HV1JR,G355R,14.165802
P20873_GAG_HV1JR,G355S,15.159424
P20873_GAG_HV1JR,G355T,13.227203
P20873_GAG_HV1JR,G355V,15.185425
P20873_GAG_HV1JR,G355W,15.125763
P20873_GAG_HV1JR,G355Y,15.171448
P20873_GAG_HV1JR,P356A,11.713165
P20873_GAG_HV1JR,P356C,14.701172
P20873_GAG_HV1JR,P356D,14.147766
P20873_GAG_HV1JR,P356E,14.725372
P20873_GAG_HV1JR,P356F,14.771454
P20873_GAG_HV1JR,P356G,12.46167
P20873_GAG_HV1JR,P356H,14.746948
P20873_GAG_HV1JR,P356I,14.692871
P20873_GAG_HV1JR,P356K,14.092102
P20873_GAG_HV1JR,P356L,11.397675
P20873_GAG_HV1JR,P356M,14.7789
P20873_GAG_HV1JR,P356N,13.3012085
P20873_GAG_HV1JR,P356Q,14.73822
P20873_GAG_HV1JR,P356R,14.769196
P20873_GAG_HV1JR,P356S,14.682953
P20873_GAG_HV1JR,P356T,12.370911
P20873_GAG_HV1JR,P356V,14.7968445
P20873_GAG_HV1JR,P356W,14.654755
P20873_GAG_HV1JR,P356Y,14.770203
P20873_GAG_HV1JR,G357A,4.3025513
P20873_GAG_HV1JR,G357C,8.292114
P20873_GAG_HV1JR,G357D,10.187103
P20873_GAG_HV1JR,G357E,10.361847
P20873_GAG_HV1JR,G357F,11.293518
P20873_GAG_HV1JR,G357H,11.227661
P20873_GAG_HV1JR,G357I,10.084961
P20873_GAG_HV1JR,G357K,11.269806
P20873_GAG_HV1JR,G357L,11.221954
P20873_GAG_HV1JR,G357M,11.294769
P20873_GAG_HV1JR,G357N,10.755859
P20873_GAG_HV1JR,G357P,11.17981
P20873_GAG_HV1JR,G357Q,11.188995
P20873_GAG_HV1JR,G357R,10.7916565
P20873_GAG_HV1JR,G357S,1.8951721
P20873_GAG_HV1JR,G357T,8.484161
P20873_GAG_HV1JR,G357V,10.645874
P20873_GAG_HV1JR,G357W,10.457123
P20873_GAG_HV1JR,G357Y,11.2612
P20873_GAG_HV1JR,H358A,13.367798
P20873_GAG_HV1JR,H358C,14.461945
P20873_GAG_HV1JR,H358D,13.585663
P20873_GAG_HV1JR,H358E,13.616364
P20873_GAG_HV1JR,H358F,14.42215
P20873_GAG_HV1JR,H358G,14.397858
P20873_GAG_HV1JR,H358I,14.398804
P20873_GAG_HV1JR,H358K,14.361755
P20873_GAG_HV1JR,H358L,13.586761
P20873_GAG_HV1JR,H358M,14.418396
P20873_GAG_HV1JR,H358N,12.701904
P20873_GAG_HV1JR,H358P,11.654755
P20873_GAG_HV1JR,H358Q,13.786774
P20873_GAG_HV1JR,H358R,10.575623
P20873_GAG_HV1JR,H358S,14.452606
P20873_GAG_HV1JR,H358T,14.464661
P20873_GAG_HV1JR,H358V,14.382446
P20873_GAG_HV1JR,H358W,14.469025
P20873_GAG_HV1JR,H358Y,10.715149
P20873_GAG_HV1JR,K359A,14.41275
P20873_GAG_HV1JR,K359C,14.438324
P20873_GAG_HV1JR,K359D,13.5156555
P20873_GAG_HV1JR,K359E,14.127869
P20873_GAG_HV1JR,K359F,15.251404
P20873_GAG_HV1JR,K359G,15.326019
P20873_GAG_HV1JR,K359H,15.318909
P20873_GAG_HV1JR,K359I,15.297699
P20873_GAG_HV1JR,K359L,15.3324585
P20873_GAG_HV1JR,K359M,15.222717
P20873_GAG_HV1JR,K359N,14.382904
P20873_GAG_HV1JR,K359P,14.002747
P20873_GAG_HV1JR,K359Q,12.100922
P20873_GAG_HV1JR,K359R,14.976654
P20873_GAG_HV1JR,K359S,15.232758
P20873_GAG_HV1JR,K359T,15.312103
P20873_GAG_HV1JR,K359V,14.598297
P20873_GAG_HV1JR,K359W,15.324768
P20873_GAG_HV1JR,K359Y,15.331055
P20873_GAG_HV1JR,A360C,14.772308
P20873_GAG_HV1JR,A360D,14.106445
P20873_GAG_HV1JR,A360E,12.640961
P20873_GAG_HV1JR,A360F,13.729645
P20873_GAG_HV1JR,A360G,14.823547
P20873_GAG_HV1JR,A360H,14.778961
P20873_GAG_HV1JR,A360I,14.700073
P20873_GAG_HV1JR,A360K,14.7821045
P20873_GAG_HV1JR,A360L,13.883057
P20873_GAG_HV1JR,A360M,14.758545
P20873_GAG_HV1JR,A360N,14.833557
P20873_GAG_HV1JR,A360P,13.841553
P20873_GAG_HV1JR,A360Q,14.760651
P20873_GAG_HV1JR,A360R,14.768066
P20873_GAG_HV1JR,A360S,14.677002
P20873_GAG_HV1JR,A360T,10.772766
P20873_GAG_HV1JR,A360V,12.069855
P20873_GAG_HV1JR,A360W,14.848145
P20873_GAG_HV1JR,A360Y,13.895599
P20873_GAG_HV1JR,R361A,13.367371
P20873_GAG_HV1JR,R361C,12.654663
P20873_GAG_HV1JR,R361D,12.601654
P20873_GAG_HV1JR,R361E,12.573303
P20873_GAG_HV1JR,R361F,13.36795
P20873_GAG_HV1JR,R361G,11.939758
P20873_GAG_HV1JR,R361H,13.352661
P20873_GAG_HV1JR,R361I,13.357147
P20873_GAG_HV1JR,R361K,5.73407
P20873_GAG_HV1JR,R361L,12.585999
P20873_GAG_HV1JR,R361M,13.455963
P20873_GAG_HV1JR,R361N,13.467102
P20873_GAG_HV1JR,R361P,13.413818
P20873_GAG_HV1JR,R361Q,12.157806
P20873_GAG_HV1JR,R361S,11.26297
P20873_GAG_HV1JR,R361T,13.412415
P20873_GAG_HV1JR,R361V,13.387695
P20873_GAG_HV1JR,R361W,12.705811
P20873_GAG_HV1JR,R361Y,13.377716
P20873_GAG_HV1JR,V362A,9.825317
P20873_GAG_HV1JR,V362C,12.203918
P20873_GAG_HV1JR,V362D,12.168945
P20873_GAG_HV1JR,V362E,11.065704
P20873_GAG_HV1JR,V362F,12.201263
P20873_GAG_HV1JR,V362G,12.22522
P20873_GAG_HV1JR,V362H,12.035156
P20873_GAG_HV1JR,V362I,3.0350952
P20873_GAG_HV1JR,V362K,12.212006
P20873_GAG_HV1JR,V362L,11.213074
P20873_GAG_HV1JR,V362M,12.089172
P20873_GAG_HV1JR,V362N,12.228302
P20873_GAG_HV1JR,V362P,12.188965
P20873_GAG_HV1JR,V362Q,12.078217
P20873_GAG_HV1JR,V362R,12.183563
P20873_GAG_HV1JR,V362S,12.243164
P20873_GAG_HV1JR,V362T,11.739075
P20873_GAG_HV1JR,V362W,12.136658
P20873_GAG_HV1JR,V362Y,12.189514
P20873_GAG_HV1JR,L363A,13.800659
P20873_GAG_HV1JR,L363C,14.753967
P20873_GAG_HV1JR,L363D,14.749847
P20873_GAG_HV1JR,L363E,13.917358
P20873_GAG_HV1JR,L363F,12.549225
P20873_GAG_HV1JR,L363G,13.489258
P20873_GAG_HV1JR,L363H,14.713196
P20873_GAG_HV1JR,L363I,14.715546
P20873_GAG_HV1JR,L363K,14.746368
P20873_GAG_HV1JR,L363M,10.716217
P20873_GAG_HV1JR,L363N,14.781708
P20873_GAG_HV1JR,L363P,14.707001
P20873_GAG_HV1JR,L363Q,14.723846
P20873_GAG_HV1JR,L363R,14.70105
P20873_GAG_HV1JR,L363S,14.664246
P20873_GAG_HV1JR,L363T,14.74646
P20873_GAG_HV1JR,L363V,13.612152
P20873_GAG_HV1JR,L363W,13.781708
P20873_GAG_HV1JR,L363Y,13.720612
P20873_GAG_HV1JR,A364C,13.758057
P20873_GAG_HV1JR,A364D,10.841553
P20873_GAG_HV1JR,A364E,12.196747
P20873_GAG_HV1JR,A364F,13.781525
P20873_GAG_HV1JR,A364G,13.681702
P20873_GAG_HV1JR,A364H,12.192169
P20873_GAG_HV1JR,A364I,13.739655
P20873_GAG_HV1JR,A364K,13.750366
P20873_GAG_HV1JR,A364L,11.1874695
P20873_GAG_HV1JR,A364M,13.7604065
P20873_GAG_HV1JR,A364N,12.338806
P20873_GAG_HV1JR,A364P,11.074158
P20873_GAG_HV1JR,A364Q,13.727051
P20873_GAG_HV1JR,A364R,13.715546
P20873_GAG_HV1JR,A364S,12.525909
P20873_GAG_HV1JR,A364T,11.882446
P20873_GAG_HV1JR,A364V,8.108917
P20873_GAG_HV1JR,A364W,13.686554
P20873_GAG_HV1JR,A364Y,13.756775
P20873_GAG_HV1JR,E365A,13.51181
P20873_GAG_HV1JR,E365C,14.045197
P20873_GAG_HV1JR,E365D,11.356018
P20873_GAG_HV1JR,E365F,14.071167
P20873_GAG_HV1JR,E365G,13.094849
P20873_GAG_HV1JR,E365H,14.098602
P20873_GAG_HV1JR,E365I,12.142151
P20873_GAG_HV1JR,E365K,8.219269
P20873_GAG_HV1JR,E365L,14.21167
P20873_GAG_HV1JR,E365M,14.114746
P20873_GAG_HV1JR,E365N,13.232758
P20873_GAG_HV1JR,E365P,14.008209
P20873_GAG_HV1JR,E365Q,12.147095
P20873_GAG_HV1JR,E365R,14.060852
P20873_GAG_HV1JR,E365S,14.1466675
P20873_GAG_HV1JR,E365T,14.05191
P20873_GAG_HV1JR,E365V,14.123871
P20873_GAG_HV1JR,E365W,14.027863
P20873_GAG_HV1JR,E365Y,14.017761
P20873_GAG_HV1JR,A366C,15.066345
P20873_GAG_HV1JR,A366D,15.116516
P20873_GAG_HV1JR,A366E,12.731445
P20873_GAG_HV1JR,A366F,15.142395
P20873_GAG_HV1JR,A366G,13.152252
P20873_GAG_HV1JR,A366H,15.119446
P20873_GAG_HV1JR,A366I,15.177002
P20873_GAG_HV1JR,A366K,14.066559
P20873_GAG_HV1JR,A366L,14.393768
P20873_GAG_HV1JR,A366M,15.157013
P20873_GAG_HV1JR,A366N,15.07431
P20873_GAG_HV1JR,A366P,15.066315
P20873_GAG_HV1JR,A366Q,15.112762
P20873_GAG_HV1JR,A366R,13.403168
P20873_GAG_HV1JR,A366S,14.192749
P20873_GAG_HV1JR,A366T,12.953552
P20873_GAG_HV1JR,A366V,14.381775
P20873_GAG_HV1JR,A366W,15.19632
P20873_GAG_HV1JR,A366Y,15.143463
P20873_GAG_HV1JR,M367A,14.351868
P20873_GAG_HV1JR,M367C,14.285645
P20873_GAG_HV1JR,M367D,13.571411
P20873_GAG_HV1JR,M367E,14.320404
P20873_GAG_HV1JR,M367F,14.278564
P20873_GAG_HV1JR,M367G,11.661957
P20873_GAG_HV1JR,M367H,13.5672
P20873_GAG_HV1JR,M367I,8.877563
P20873_GAG_HV1JR,M367K,14.310974
P20873_GAG_HV1JR,M367L,14.352722
P20873_GAG_HV1JR,M367N,13.572113
P20873_GAG_HV1JR,M367P,14.284271
P20873_GAG_HV1JR,M367Q,13.0920105
P20873_GAG_HV1JR,M367R,12.849945
P20873_GAG_HV1JR,M367S,14.295898
P20873_GAG_HV1JR,M367T,11.425659
P20873_GAG_HV1JR,M367V,12.512665
P20873_GAG_HV1JR,M367W,14.316223
P20873_GAG_HV1JR,M367Y,14.307251
P20873_GAG_HV1JR,S368A,12.30896
P20873_GAG_HV1JR,S368C,5.588196
P20873_GAG_HV1JR,S368D,12.446045
P20873_GAG_HV1JR,S368E,10.558655
P20873_GAG_HV1JR,S368F,12.402008
P20873_GAG_HV1JR,S368G,5.5271606
P20873_GAG_HV1JR,S368H,12.331421
P20873_GAG_HV1JR,S368I,11.258423
P20873_GAG_HV1JR,S368K,11.383423
P20873_GAG_HV1JR,S368L,12.304718
P20873_GAG_HV1JR,S368M,12.319275
P20873_GAG_HV1JR,S368N,6.549713
P20873_GAG_HV1JR,S368P,12.3940735
P20873_GAG_HV1JR,S368Q,11.622162
P20873_GAG_HV1JR,S368R,10.414307
P20873_GAG_HV1JR,S368T,8.959045
P20873_GAG_HV1JR,S368V,12.35556
P20873_GAG_HV1JR,S368W,12.3871155
P20873_GAG_HV1JR,S368Y,12.416595
P20873_GAG_HV1JR,Q369A,11.220306
P20873_GAG_HV1JR,Q369C,12.177795
P20873_GAG_HV1JR,Q369D,10.50882
P20873_GAG_HV1JR,Q369E,10.904022
P20873_GAG_HV1JR,Q369F,10.982849
P20873_GAG_HV1JR,Q369G,12.005157
P20873_GAG_HV1JR,Q369H,4.232361
P20873_GAG_HV1JR,Q369I,12.072754
P20873_GAG_HV1JR,Q369K,7.4969482
P20873_GAG_HV1JR,Q369L,7.2774963
P20873_GAG_HV1JR,Q369M,10.325165
P20873_GAG_HV1JR,Q369N,8.190063
P20873_GAG_HV1JR,Q369P,11.485901
P20873_GAG_HV1JR,Q369R,7.918762
P20873_GAG_HV1JR,Q369S,10.19516
P20873_GAG_HV1JR,Q369T,12.08432
P20873_GAG_HV1JR,Q369V,12.128174
P20873_GAG_HV1JR,Q369W,12.117004
P20873_GAG_HV1JR,Q369Y,11.996613
P20873_GAG_HV1JR,V370A,2.099945
P20873_GAG_HV1JR,V370C,10.934357
P20873_GAG_HV1JR,V370D,10.197205
P20873_GAG_HV1JR,V370E,10.175964
P20873_GAG_HV1JR,V370F,8.42276
P20873_GAG_HV1JR,V370G,10.264404
P20873_GAG_HV1JR,V370H,10.991119
P20873_GAG_HV1JR,V370I,4.333374
P20873_GAG_HV1JR,V370K,10.857117
P20873_GAG_HV1JR,V370L,5.0339966
P20873_GAG_HV1JR,V370M,3.5792542
P20873_GAG_HV1JR,V370N,10.8685
P20873_GAG_HV1JR,V370P,9.05365
P20873_GAG_HV1JR,V370Q,10.851807
P20873_GAG_HV1JR,V370R,10.872772
P20873_GAG_HV1JR,V370S,9.485596
P20873_GAG_HV1JR,V370T,5.782196
P20873_GAG_HV1JR,V370W,10.889496
P20873_GAG_HV1JR,V370Y,10.900574
P20873_GAG_HV1JR,T371A,4.960846
P20873_GAG_HV1JR,T371C,11.849915
P20873_GAG_HV1JR,T371D,11.859924
P20873_GAG_HV1JR,T371E,10.935303
P20873_GAG_HV1JR,T371F,11.899109
P20873_GAG_HV1JR,T371G,9.767151
P20873_GAG_HV1JR,T371H,11.81665
P20873_GAG_HV1JR,T371I,10.970123
P20873_GAG_HV1JR,T371K,10.213867
P20873_GAG_HV1JR,T371L,10.934448
P20873_GAG_HV1JR,T371M,11.881775
P20873_GAG_HV1JR,T371N,5.640503
P20873_GAG_HV1JR,T371P,9.019806
P20873_GAG_HV1JR,T371Q,6.1166077
P20873_GAG_HV1JR,T371R,10.741455
P20873_GAG_HV1JR,T371S,5.064972
P20873_GAG_HV1JR,T371V,10.1909485
P20873_GAG_HV1JR,T371W,11.181
P20873_GAG_HV1JR,T371Y,11.774597
P20873_GAG_HV1JR,N372A,5.584656
P20873_GAG_HV1JR,N372C,10.814301
P20873_GAG_HV1JR,N372D,9.644745
P20873_GAG_HV1JR,N372E,10.812256
P20873_GAG_HV1JR,N372F,10.045319
P20873_GAG_HV1JR,N372G,3.3495483
P20873_GAG_HV1JR,N372H,5.339569
P20873_GAG_HV1JR,N372I,10.81662
P20873_GAG_HV1JR,N372K,5.5058594
P20873_GAG_HV1JR,N372L,10.855072
P20873_GAG_HV1JR,N372M,10.824554
P20873_GAG_HV1JR,N372P,6.8216248
P20873_GAG_HV1JR,N372Q,5.5929565
P20873_GAG_HV1JR,N372R,9.54895
P20873_GAG_HV1JR,N372S,2.764618
P20873_GAG_HV1JR,N372T,4.2667236
P20873_GAG_HV1JR,N372V,9.886597
P20873_GAG_HV1JR,N372W,10.855804
P20873_GAG_HV1JR,N372Y,10.822754
P20873_GAG_HV1JR,P373A,1.2604675
P20873_GAG_HV1JR,P373C,8.786224
P20873_GAG_HV1JR,P373D,7.641968
P20873_GAG_HV1JR,P373E,8.511902
P20873_GAG_HV1JR,P373F,8.838867
P20873_GAG_HV1JR,P373G,4.826172
P20873_GAG_HV1JR,P373H,7.1842957
P20873_GAG_HV1JR,P373I,7.3456116
P20873_GAG_HV1JR,P373K,7.95697
P20873_GAG_HV1JR,P373L,4.866272
P20873_GAG_HV1JR,P373M,8.973755
P20873_GAG_HV1JR,P373N,4.3600464
P20873_GAG_HV1JR,P373Q,2.929657
P20873_GAG_HV1JR,P373R,8.077454
P20873_GAG_HV1JR,P373S,-1.8002319
P20873_GAG_HV1JR,P373T,1.6571655
P20873_GAG_HV1JR,P373V,6.7546997
P20873_GAG_HV1JR,P373W,8.843658
P20873_GAG_HV1JR,P373Y,8.914001
P20873_GAG_HV1JR,A374C,10.561859
P20873_GAG_HV1JR,A374D,7.940918
P20873_GAG_HV1JR,A374E,10.687958
P20873_GAG_HV1JR,A374F,10.533752
P20873_GAG_HV1JR,A374G,4.7164
P20873_GAG_HV1JR,A374H,6.909424
P20873_GAG_HV1JR,A374I,9.344421
P20873_GAG_HV1JR,A374K,9.073547
P20873_GAG_HV1JR,A374L,10.240997
P20873_GAG_HV1JR,A374M,10.659149
P20873_GAG_HV1JR,A374N,3.0205688
P20873_GAG_HV1JR,A374P,3.6645508
P20873_GAG_HV1JR,A374Q,10.553162
P20873_GAG_HV1JR,A374R,9.071747
P20873_GAG_HV1JR,A374S,4.52536
P20873_GAG_HV1JR,A374T,2.2160034
P20873_GAG_HV1JR,A374V,5.1143494
P20873_GAG_HV1JR,A374W,10.67865
P20873_GAG_HV1JR,A374Y,10.580414
P20873_GAG_HV1JR,T375A,1.6419678
P20873_GAG_HV1JR,T375C,10.331909
P20873_GAG_HV1JR,T375D,9.898773
P20873_GAG_HV1JR,T375E,8.944763
P20873_GAG_HV1JR,T375F,10.331299
P20873_GAG_HV1JR,T375G,5.7183533
P20873_GAG_HV1JR,T375H,7.261322
P20873_GAG_HV1JR,T375I,5.9499207
P20873_GAG_HV1JR,T375K,8.466614
P20873_GAG_HV1JR,T375L,8.902252
P20873_GAG_HV1JR,T375M,10.303497
P20873_GAG_HV1JR,T375N,1.6712036
P20873_GAG_HV1JR,T375P,8.88446
P20873_GAG_HV1JR,T375Q,8.992859
P20873_GAG_HV1JR,T375R,9.06955
P20873_GAG_HV1JR,T375S,2.7774963
P20873_GAG_HV1JR,T375V,5.5218506
P20873_GAG_HV1JR,T375W,9.837524
P20873_GAG_HV1JR,T375Y,10.32605
P20873_GAG_HV1JR,I376A,5.38916
P20873_GAG_HV1JR,I376C,10.826324
P20873_GAG_HV1JR,I376D,11.270966
P20873_GAG_HV1JR,I376E,11.236755
P20873_GAG_HV1JR,I376F,11.201965
P20873_GAG_HV1JR,I376G,10.045258
P20873_GAG_HV1JR,I376H,11.177704
P20873_GAG_HV1JR,I376K,11.285797
P20873_GAG_HV1JR,I376L,9.901306
P20873_GAG_HV1JR,I376M,5.3905945
P20873_GAG_HV1JR,I376N,11.244354
P20873_GAG_HV1JR,I376P,11.2030945
P20873_GAG_HV1JR,I376Q,11.237549
P20873_GAG_HV1JR,I376R,11.228424
P20873_GAG_HV1JR,I376S,11.256714
P20873_GAG_HV1JR,I376T,5.2368164
P20873_GAG_HV1JR,I376V,2.3092651
P20873_GAG_HV1JR,I376W,10.96405
P20873_GAG_HV1JR,I376Y,11.278168
P20873_GAG_HV1JR,M377A,11.589294
P20873_GAG_HV1JR,M377C,13.381805
P20873_GAG_HV1JR,M377D,13.346863
P20873_GAG_HV1JR,M377E,13.316345
P20873_GAG_HV1JR,M377F,13.459259
P20873_GAG_HV1JR,M377G,12.559814
P20873_GAG_HV1JR,M377H,13.455597
P20873_GAG_HV1JR,M377I,9.810974
P20873_GAG_HV1JR,M377K,13.308502
P20873_GAG_HV1JR,M377L,5.8420715
P20873_GAG_HV1JR,M377N,13.331268
P20873_GAG_HV1JR,M377P,10.989563
P20873_GAG_HV1JR,M377Q,13.40271
P20873_GAG_HV1JR,M377R,12.854706
P20873_GAG_HV1JR,M377S,12.864471
P20873_GAG_HV1JR,M377T,13.422424
P20873_GAG_HV1JR,M377V,11.146851
P20873_GAG_HV1JR,M377W,12.634613
P20873_GAG_HV1JR,M377Y,12.634003
P20873_GAG_HV1JR,M378A,7.85437
P20873_GAG_HV1JR,M378C,11.945862
P20873_GAG_HV1JR,M378D,11.959106
P20873_GAG_HV1JR,M378E,11.913849
P20873_GAG_HV1JR,M378F,11.148651
P20873_GAG_HV1JR,M378G,11.997253
P20873_GAG_HV1JR,M378H,11.293304
P20873_GAG_HV1JR,M378I,4.892273
P20873_GAG_HV1JR,M378K,11.993561
P20873_GAG_HV1JR,M378L,6.4594727
P20873_GAG_HV1JR,M378N,11.979065
P20873_GAG_HV1JR,M378P,11.948059
P20873_GAG_HV1JR,M378Q,11.940399
P20873_GAG_HV1JR,M378R,11.979767
P20873_GAG_HV1JR,M378S,11.975616
P20873_GAG_HV1JR,M378T,7.1851196
P20873_GAG_HV1JR,M378V,5.0643616
P20873_GAG_HV1JR,M378W,10.970154
P20873_GAG_HV1JR,M378Y,11.912598
P20873_GAG_HV1JR,Q379A,14.739166
P20873_GAG_HV1JR,Q379C,14.643219
P20873_GAG_HV1JR,Q379D,14.740601
P20873_GAG_HV1JR,Q379E,13.651672
P20873_GAG_HV1JR,Q379F,14.706848
P20873_GAG_HV1JR,Q379G,14.612396
P20873_GAG_HV1JR,Q379H,14.748108
P20873_GAG_HV1JR,Q379I,14.703705
P20873_GAG_HV1JR,Q379K,14.141418
P20873_GAG_HV1JR,Q379L,13.338745
P20873_GAG_HV1JR,Q379M,14.123047
P20873_GAG_HV1JR,Q379N,14.057373
P20873_GAG_HV1JR,Q379P,11.711365
P20873_GAG_HV1JR,Q379R,10.091766
P20873_GAG_HV1JR,Q379S,12.850067
P20873_GAG_HV1JR,Q379T,13.741455
P20873_GAG_HV1JR,Q379V,13.554749
P20873_GAG_HV1JR,Q379W,14.696472
P20873_GAG_HV1JR,Q379Y,14.717651
P20873_GAG_HV1JR,R380A,10.002747
P20873_GAG_HV1JR,R380C,10.850464
P20873_GAG_HV1JR,R380D,10.854004
P20873_GAG_HV1JR,R380E,8.839111
P20873_GAG_HV1JR,R380F,10.83255
P20873_GAG_HV1JR,R380G,4.1829224
P20873_GAG_HV1JR,R380H,9.983002
P20873_GAG_HV1JR,R380I,10.784271
P20873_GAG_HV1JR,R380K,1.0523682
P20873_GAG_HV1JR,R380L,10.770172
P20873_GAG_HV1JR,R380M,10.708771
P20873_GAG_HV1JR,R380N,7.2873535
P20873_GAG_HV1JR,R380P,9.3246155
P20873_GAG_HV1JR,R380Q,6.9963684
P20873_GAG_HV1JR,R380S,9.467102
P20873_GAG_HV1JR,R380T,8.598724
P20873_GAG_HV1JR,R380V,10.861023
P20873_GAG_HV1JR,R380W,10.756561
P20873_GAG_HV1JR,R380Y,10.936157
P20873_GAG_HV1JR,G381A,9.035706
P20873_GAG_HV1JR,G381C,12.353851
P20873_GAG_HV1JR,G381D,5.63385
P20873_GAG_HV1JR,G381E,12.272614
P20873_GAG_HV1JR,G381F,12.246063
P20873_GAG_HV1JR,G381H,12.252014
P20873_GAG_HV1JR,G381I,12.248413
P20873_GAG_HV1JR,G381K,12.274963
P20873_GAG_HV1JR,G381L,12.265961
P20873_GAG_HV1JR,G381M,10.616699
P20873_GAG_HV1JR,G381N,6.4037476
P20873_GAG_HV1JR,G381P,11.526703
P20873_GAG_HV1JR,G381Q,12.226501
P20873_GAG_HV1JR,G381R,10.225525
P20873_GAG_HV1JR,G381S,4.7279663
P20873_GAG_HV1JR,G381T,12.220154
P20873_GAG_HV1JR,G381V,12.232513
P20873_GAG_HV1JR,G381W,12.251617
P20873_GAG_HV1JR,G381Y,12.270874
P20873_GAG_HV1JR,N382A,11.588165
P20873_GAG_HV1JR,N382C,12.3255005
P20873_GAG_HV1JR,N382D,6.8226013
P20873_GAG_HV1JR,N382E,12.2836
P20873_GAG_HV1JR,N382F,12.332397
P20873_GAG_HV1JR,N382G,12.24762
P20873_GAG_HV1JR,N382H,12.368774
P20873_GAG_HV1JR,N382I,12.282959
P20873_GAG_HV1JR,N382K,5.272522
P20873_GAG_HV1JR,N382L,12.367615
P20873_GAG_HV1JR,N382M,12.324249
P20873_GAG_HV1JR,N382P,12.327545
P20873_GAG_HV1JR,N382Q,9.739655
P20873_GAG_HV1JR,N382R,8.927063
P20873_GAG_HV1JR,N382S,7.492523
P20873_GAG_HV1JR,N382T,7.30896
P20873_GAG_HV1JR,N382V,12.263245
P20873_GAG_HV1JR,N382W,12.376251
P20873_GAG_HV1JR,N382Y,10.014465
P20873_GAG_HV1JR,F383A,11.32132
P20873_GAG_HV1JR,F383C,9.11441
P20873_GAG_HV1JR,F383D,7.4854736
P20873_GAG_HV1JR,F383E,10.472717
P20873_GAG_HV1JR,F383G,7.5955505
P20873_GAG_HV1JR,F383H,10.205597
P20873_GAG_HV1JR,F383I,6.161316
P20873_GAG_HV1JR,F383K,11.278015
P20873_GAG_HV1JR,F383L,5.251068
P20873_GAG_HV1JR,F383M,10.760956
P20873_GAG_HV1JR,F383N,11.384918
P20873_GAG_HV1JR,F383P,6.70047
P20873_GAG_HV1JR,F383Q,11.329468
P20873_GAG_HV1JR,F383R,11.309601
P20873_GAG_HV1JR,F383S,7.230652
P20873_GAG_HV1JR,F383T,11.276459
P20873_GAG_HV1JR,F383V,5.1664734
P20873_GAG_HV1JR,F383W,7.3488464
P20873_GAG_HV1JR,F383Y,4.5590515
P20873_GAG_HV1JR,R384A,10.885254
P20873_GAG_HV1JR,R384C,11.28656
P20873_GAG_HV1JR,R384D,11.285797
P20873_GAG_HV1JR,R384E,9.494354
P20873_GAG_HV1JR,R384F,11.350922
P20873_GAG_HV1JR,R384G,4.6389465
P20873_GAG_HV1JR,R384H,11.368652
P20873_GAG_HV1JR,R384I,11.295471
P20873_GAG_HV1JR,R384K,2.3614197
P20873_GAG_HV1JR,R384L,10.740356
P20873_GAG_HV1JR,R384M,9.779053
P20873_GAG_HV1JR,R384N,6.8640747
P20873_GAG_HV1JR,R384P,10.726349
P20873_GAG_HV1JR,R384Q,7.296356
P20873_GAG_HV1JR,R384S,8.494904
P20873_GAG_HV1JR,R384T,11.446747
P20873_GAG_HV1JR,R384V,11.344269
P20873_GAG_HV1JR,R384W,11.194702
P20873_GAG_HV1JR,R384Y,11.335999
P20873_GAG_HV1JR,N385A,9.291412
P20873_GAG_HV1JR,N385C,11.0633545
P20873_GAG_HV1JR,N385D,4.470459
P20873_GAG_HV1JR,N385E,10.1091
P20873_GAG_HV1JR,N385F,11.041473
P20873_GAG_HV1JR,N385G,3.8119507
P20873_GAG_HV1JR,N385H,7.5153503
P20873_GAG_HV1JR,N385I,8.645355
P20873_GAG_HV1JR,N385K,5.514801
P20873_GAG_HV1JR,N385L,10.772949
P20873_GAG_HV1JR,N385M,11.0494995
P20873_GAG_HV1JR,N385P,5.9590454
P20873_GAG_HV1JR,N385Q,11.055145
P20873_GAG_HV1JR,N385R,11.10257
P20873_GAG_HV1JR,N385S,3.4108582
P20873_GAG_HV1JR,N385T,5.468109
P20873_GAG_HV1JR,N385V,11.101349
P20873_GAG_HV1JR,N385W,10.641357
P20873_GAG_HV1JR,N385Y,9.671661
P20873_GAG_HV1JR,Q386A,10.290161
P20873_GAG_HV1JR,Q386C,11.759399
P20873_GAG_HV1JR,Q386D,11.908997
P20873_GAG_HV1JR,Q386E,11.884918
P20873_GAG_HV1JR,Q386F,11.866852
P20873_GAG_HV1JR,Q386G,11.850952
P20873_GAG_HV1JR,Q386H,6.645355
P20873_GAG_HV1JR,Q386I,11.886749
P20873_GAG_HV1JR,Q386K,8.358765
P20873_GAG_HV1JR,Q386L,9.341553
P20873_GAG_HV1JR,Q386M,11.838074
P20873_GAG_HV1JR,Q386N,8.1206665
P20873_GAG_HV1JR,Q386P,4.2763977
P20873_GAG_HV1JR,Q386R,8.198547
P20873_GAG_HV1JR,Q386S,8.281921
P20873_GAG_HV1JR,Q386T,7.76062
P20873_GAG_HV1JR,Q386V,11.910706
P20873_GAG_HV1JR,Q386W,11.848267
P20873_GAG_HV1JR,Q386Y,9.427063
P20873_GAG_HV1JR,R387A,11.702911
P20873_GAG_HV1JR,R387C,11.690521
P20873_GAG_HV1JR,R387D,11.678345
P20873_GAG_HV1JR,R387E,10.39212
P20873_GAG_HV1JR,R387F,11.675354
P20873_GAG_HV1JR,R387G,4.9970093
P20873_GAG_HV1JR,R387H,10.139496
P20873_GAG_HV1JR,R387I,11.716797
P20873_GAG_HV1JR,R387K,3.2095642
P20873_GAG_HV1JR,R387L,10.480957
P20873_GAG_HV1JR,R387M,11.662415
P20873_GAG_HV1JR,R387N,8.112366
P20873_GAG_HV1JR,R387P,11.297119
P20873_GAG_HV1JR,R387Q,7.8591003
P20873_GAG_HV1JR,R387S,8.80307
P20873_GAG_HV1JR,R387T,9.25177
P20873_GAG_HV1JR,R387V,11.158569
P20873_GAG_HV1JR,R387W,11.701263
P20873_GAG_HV1JR,R387Y,11.700867
P20873_GAG_HV1JR,K388A,11.542419
P20873_GAG_HV1JR,K388C,11.610107
P20873_GAG_HV1JR,K388D,10.206757
P20873_GAG_HV1JR,K388E,10.951447
P20873_GAG_HV1JR,K388F,11.606903
P20873_GAG_HV1JR,K388G,7.835968
P20873_GAG_HV1JR,K388H,11.604919
P20873_GAG_HV1JR,K388I,10.895508
P20873_GAG_HV1JR,K388L,11.594147
P20873_GAG_HV1JR,K388M,11.508667
P20873_GAG_HV1JR,K388N,9.98587
P20873_GAG_HV1JR,K388P,11.575256
P20873_GAG_HV1JR,K388Q,7.7955627
P20873_GAG_HV1JR,K388R,2.5175476
P20873_GAG_HV1JR,K388S,11.603607
P20873_GAG_HV1JR,K388T,7.656708
P20873_GAG_HV1JR,K388V,11.25296
P20873_GAG_HV1JR,K388W,11.513611
P20873_GAG_HV1JR,K388Y,11.598145
P20873_GAG_HV1JR,N389A,0.0335083
P20873_GAG_HV1JR,N389C,6.626251
P20873_GAG_HV1JR,N389D,6.705658
P20873_GAG_HV1JR,N389E,6.7871704
P20873_GAG_HV1JR,N389F,3.4531555
P20873_GAG_HV1JR,N389G,3.189972
P20873_GAG_HV1JR,N389H,6.7148743
P20873_GAG_HV1JR,N389I,-2.5445251
P20873_GAG_HV1JR,N389K,4.352722
P20873_GAG_HV1JR,N389L,3.5916748
P20873_GAG_HV1JR,N389M,0.99832153
P20873_GAG_HV1JR,N389P,-0.672699
P20873_GAG_HV1JR,N389Q,6.7239075
P20873_GAG_HV1JR,N389R,4.4718018
P20873_GAG_HV1JR,N389S,-0.68948364
P20873_GAG_HV1JR,N389T,-2.7197266
P20873_GAG_HV1JR,N389V,0.047821045
P20873_GAG_HV1JR,N389W,6.6731567
P20873_GAG_HV1JR,N389Y,6.7785645
P20873_GAG_HV1JR,V390A,7.677307
P20873_GAG_HV1JR,V390C,11.606049
P20873_GAG_HV1JR,V390D,11.594025
P20873_GAG_HV1JR,V390E,11.641174
P20873_GAG_HV1JR,V390F,11.681305
P20873_GAG_HV1JR,V390G,10.271423
P20873_GAG_HV1JR,V390H,11.605408
P20873_GAG_HV1JR,V390I,2.552246
P20873_GAG_HV1JR,V390K,11.658173
P20873_GAG_HV1JR,V390L,8.695709
P20873_GAG_HV1JR,V390M,11.184296
P20873_GAG_HV1JR,V390N,11.620544
P20873_GAG_HV1JR,V390P,7.737549
P20873_GAG_HV1JR,V390Q,11.693115
P20873_GAG_HV1JR,V390R,11.665649
P20873_GAG_HV1JR,V390S,11.108459
P20873_GAG_HV1JR,V390T,11.179169
P20873_GAG_HV1JR,V390W,11.149506
P20873_GAG_HV1JR,V390Y,11.541168
P20873_GAG_HV1JR,K391A,14.284119
P20873_GAG_HV1JR,K391C,14.264648
P20873_GAG_HV1JR,K391D,14.172821
P20873_GAG_HV1JR,K391E,11.424072
P20873_GAG_HV1JR,K391F,13.097321
P20873_GAG_HV1JR,K391G,12.924866
P20873_GAG_HV1JR,K391H,12.423248
P20873_GAG_HV1JR,K391I,14.262146
P20873_GAG_HV1JR,K391L,14.2673645
P20873_GAG_HV1JR,K391M,14.192963
P20873_GAG_HV1JR,K391N,14.224457
P20873_GAG_HV1JR,K391P,14.345551
P20873_GAG_HV1JR,K391Q,11.141266
P20873_GAG_HV1JR,K391R,8.694366
P20873_GAG_HV1JR,K391S,14.2508545
P20873_GAG_HV1JR,K391T,13.132568
P20873_GAG_HV1JR,K391V,14.2547
P20873_GAG_HV1JR,K391W,14.212311
P20873_GAG_HV1JR,K391Y,14.17746
P20873_GAG_HV1JR,C392A,12.869659
P20873_GAG_HV1JR,C392D,14.74176
P20873_GAG_HV1JR,C392E,14.737274
P20873_GAG_HV1JR,C392F,13.582855
P20873_GAG_HV1JR,C392G,13.654358
P20873_GAG_HV1JR,C392H,14.750458
P20873_GAG_HV1JR,C392I,14.689148
P20873_GAG_HV1JR,C392K,14.640869
P20873_GAG_HV1JR,C392L,12.655945
P20873_GAG_HV1JR,C392M,14.812012
P20873_GAG_HV1JR,C392N,14.7144165
P20873_GAG_HV1JR,C392P,14.768646
P20873_GAG_HV1JR,C392Q,14.697418
P20873_GAG_HV1JR,C392R,10.212524
P20873_GAG_HV1JR,C392S,12.595154
P20873_GAG_HV1JR,C392T,14.589569
P20873_GAG_HV1JR,C392V,13.7344055
P20873_GAG_HV1JR,C392W,14.630005
P20873_GAG_HV1JR,C392Y,14.6961975
P20873_GAG_HV1JR,F393A,13.737274
P20873_GAG_HV1JR,F393C,13.71637
P20873_GAG_HV1JR,F393D,13.19986
P20873_GAG_HV1JR,F393E,13.711761
P20873_GAG_HV1JR,F393G,12.275665
P20873_GAG_HV1JR,F393H,13.717072
P20873_GAG_HV1JR,F393I,13.729065
P20873_GAG_HV1JR,F393K,13.819122
P20873_GAG_HV1JR,F393L,9.228546
P20873_GAG_HV1JR,F393M,13.729523
P20873_GAG_HV1JR,F393N,13.7716675
P20873_GAG_HV1JR,F393P,13.707703
P20873_GAG_HV1JR,F393Q,12.854462
P20873_GAG_HV1JR,F393R,12.636749
P20873_GAG_HV1JR,F393S,9.788971
P20873_GAG_HV1JR,F393T,12.595154
P20873_GAG_HV1JR,F393V,13.299561
P20873_GAG_HV1JR,F393W,13.801758
P20873_GAG_HV1JR,F393Y,8.199524
P20873_GAG_HV1JR,N394A,14.033173
P20873_GAG_HV1JR,N394C,14.052765
P20873_GAG_HV1JR,N394D,9.4664
P20873_GAG_HV1JR,N394E,12.782745
P20873_GAG_HV1JR,N394F,14.065613
P20873_GAG_HV1JR,N394G,13.976257
P20873_GAG_HV1JR,N394H,14.091064
P20873_GAG_HV1JR,N394I,11.737396
P20873_GAG_HV1JR,N394K,10.691071
P20873_GAG_HV1JR,N394L,12.50592
P20873_GAG_HV1JR,N394M,14.013123
P20873_GAG_HV1JR,N394P,14.1203
P20873_GAG_HV1JR,N394Q,13.1492
P20873_GAG_HV1JR,N394R,14.025848
P20873_GAG_HV1JR,N394S,10.9409485
P20873_GAG_HV1JR,N394T,11.269012
P20873_GAG_HV1JR,N394V,14.083771
P20873_GAG_HV1JR,N394W,13.99115
P20873_GAG_HV1JR,N394Y,12.726471
P20873_GAG_HV1JR,C395A,13.171417
P20873_GAG_HV1JR,C395D,12.567047
P20873_GAG_HV1JR,C395E,13.082214
P20873_GAG_HV1JR,C395F,13.948303
P20873_GAG_HV1JR,C395G,10.944824
P20873_GAG_HV1JR,C395H,13.858215
P20873_GAG_HV1JR,C395I,13.877869
P20873_GAG_HV1JR,C395K,13.863373
P20873_GAG_HV1JR,C395L,11.887207
P20873_GAG_HV1JR,C395M,12.648163
P20873_GAG_HV1JR,C395N,13.765961
P20873_GAG_HV1JR,C395P,12.9835205
P20873_GAG_HV1JR,C395Q,13.888153
P20873_GAG_HV1JR,C395R,10.338196
P20873_GAG_HV1JR,C395S,13.857147
P20873_GAG_HV1JR,C395T,13.869598
P20873_GAG_HV1JR,C395V,12.995209
P20873_GAG_HV1JR,C395W,10.592072
P20873_GAG_HV1JR,C395Y,9.719299
P20873_GAG_HV1JR,G396A,14.204102
P20873_GAG_HV1JR,G396C,14.189972
P20873_GAG_HV1JR,G396D,10.422546
P20873_GAG_HV1JR,G396E,11.586212
P20873_GAG_HV1JR,G396F,14.137421
P20873_GAG_HV1JR,G396H,14.2534485
P20873_GAG_HV1JR,G396I,14.2343445
P20873_GAG_HV1JR,G396K,14.166351
P20873_GAG_HV1JR,G396L,14.111969
P20873_GAG_HV1JR,G396M,14.223145
P20873_GAG_HV1JR,G396N,14.17926
P20873_GAG_HV1JR,G396P,12.914368
P20873_GAG_HV1JR,G396Q,13.631897
P20873_GAG_HV1JR,G396R,12.252899
P20873_GAG_HV1JR,G396S,9.7994995
P20873_GAG_HV1JR,G396T,14.132874
P20873_GAG_HV1JR,G396V,13.405945
P20873_GAG_HV1JR,G396W,14.249268
P20873_GAG_HV1JR,G396Y,12.743011
P20873_GAG_HV1JR,K397A,12.1788025
P20873_GAG_HV1JR,K397C,12.098663
P20873_GAG_HV1JR,K397D,11.072845
P20873_GAG_HV1JR,K397E,8.692108
P20873_GAG_HV1JR,K397F,12.171448
P20873_GAG_HV1JR,K397G,10.032806
P20873_GAG_HV1JR,K397H,12.128815
P20873_GAG_HV1JR,K397I,11.932465
P20873_GAG_HV1JR,K397L,11.761902
P20873_GAG_HV1JR,K397M,12.16272
P20873_GAG_HV1JR,K397N,11.363251
P20873_GAG_HV1JR,K397P,11.482849
P20873_GAG_HV1JR,K397Q,12.171265
P20873_GAG_HV1JR,K397R,3.3756104
P20873_GAG_HV1JR,K397S,10.447052
P20873_GAG_HV1JR,K397T,10.462372
P20873_GAG_HV1JR,K397V,12.17572
P20873_GAG_HV1JR,K397W,12.133148
P20873_GAG_HV1JR,K397Y,12.141571
P20873_GAG_HV1JR,E398A,5.583496
P20873_GAG_HV1JR,E398C,11.230621
P20873_GAG_HV1JR,E398D,4.000763
P20873_GAG_HV1JR,E398F,11.236847
P20873_GAG_HV1JR,E398G,10.759857
P20873_GAG_HV1JR,E398H,10.105072
P20873_GAG_HV1JR,E398I,5.36615
P20873_GAG_HV1JR,E398K,8.957001
P20873_GAG_HV1JR,E398L,7.5052185
P20873_GAG_HV1JR,E398M,8.757355
P20873_GAG_HV1JR,E398N,11.248962
P20873_GAG_HV1JR,E398P,7.9639587
P20873_GAG_HV1JR,E398Q,6.53067
P20873_GAG_HV1JR,E398R,11.338959
P20873_GAG_HV1JR,E398S,9.948517
P20873_GAG_HV1JR,E398T,6.368164
P20873_GAG_HV1JR,E398V,3.9944458
P20873_GAG_HV1JR,E398W,11.308197
P20873_GAG_HV1JR,E398Y,9.913208
P20873_GAG_HV1JR,G399A,14.42215
P20873_GAG_HV1JR,G399C,14.539398
P20873_GAG_HV1JR,G399D,13.106201
P20873_GAG_HV1JR,G399E,10.103699
P20873_GAG_HV1JR,G399F,13.994995
P20873_GAG_HV1JR,G399H,14.462372
P20873_GAG_HV1JR,G399I,14.468262
P20873_GAG_HV1JR,G399K,14.500397
P20873_GAG_HV1JR,G399L,14.489471
P20873_GAG_HV1JR,G399M,14.53067
P20873_GAG_HV1JR,G399N,14.613953
P20873_GAG_HV1JR,G399P,14.538208
P20873_GAG_HV1JR,G399Q,14.562073
P20873_GAG_HV1JR,G399R,11.253357
P20873_GAG_HV1JR,G399S,12.447571
P20873_GAG_HV1JR,G399T,14.504272
P20873_GAG_HV1JR,G399V,12.318573
P20873_GAG_HV1JR,G399W,14.43335
P20873_GAG_HV1JR,G399Y,13.507355
P20873_GAG_HV1JR,H400A,12.366364
P20873_GAG_HV1JR,H400C,14.405518
P20873_GAG_HV1JR,H400D,14.36026
P20873_GAG_HV1JR,H400E,13.830658
P20873_GAG_HV1JR,H400F,12.837524
P20873_GAG_HV1JR,H400G,11.5807495
P20873_GAG_HV1JR,H400I,14.340851
P20873_GAG_HV1JR,H400K,13.001007
P20873_GAG_HV1JR,H400L,12.25885
P20873_GAG_HV1JR,H400M,14.335419
P20873_GAG_HV1JR,H400N,14.445618
P20873_GAG_HV1JR,H400P,14.367615
P20873_GAG_HV1JR,H400Q,12.168518
P20873_GAG_HV1JR,H400R,10.576965
P20873_GAG_HV1JR,H400S,14.384399
P20873_GAG_HV1JR,H400T,13.804596
P20873_GAG_HV1JR,H400V,14.368164
P20873_GAG_HV1JR,H400W,14.312622
P20873_GAG_HV1JR,H400Y,12.261963
P20873_GAG_HV1JR,I401A,11.515472
P20873_GAG_HV1JR,I401C,11.59375
P20873_GAG_HV1JR,I401D,11.522247
P20873_GAG_HV1JR,I401E,11.577362
P20873_GAG_HV1JR,I401F,9.809174
P20873_GAG_HV1JR,I401G,11.396515
P20873_GAG_HV1JR,I401H,11.464813
P20873_GAG_HV1JR,I401K,10.4357605
P20873_GAG_HV1JR,I401L,2.9104614
P20873_GAG_HV1JR,I401M,11.233551
P20873_GAG_HV1JR,I401N,11.463074
P20873_GAG_HV1JR,I401P,9.9002075
P20873_GAG_HV1JR,I401Q,11.503265
P20873_GAG_HV1JR,I401R,11.524597
P20873_GAG_HV1JR,I401S,10.815002
P20873_GAG_HV1JR,I401T,5.3321533
P20873_GAG_HV1JR,I401V,4.9588013
P20873_GAG_HV1JR,I401W,11.610352
P20873_GAG_HV1JR,I401Y,11.219421
P20873_GAG_HV1JR,A402C,13.136749
P20873_GAG_HV1JR,A402D,13.748657
P20873_GAG_HV1JR,A402E,13.810974
P20873_GAG_HV1JR,A402F,13.717499
P20873_GAG_HV1JR,A402G,13.683105
P20873_GAG_HV1JR,A402H,13.792297
P20873_GAG_HV1JR,A402I,13.748108
P20873_GAG_HV1JR,A402K,13.7323
P20873_GAG_HV1JR,A402L,11.856049
P20873_GAG_HV1JR,A402M,13.78891
P20873_GAG_HV1JR,A402N,13.754761
P20873_GAG_HV1JR,A402P,11.4956665
P20873_GAG_HV1JR,A402Q,13.725861
P20873_GAG_HV1JR,A402R,13.778961
P20873_GAG_HV1JR,A402S,8.24115
P20873_GAG_HV1JR,A402T,8.84552
P20873_GAG_HV1JR,A402V,9.965759
P20873_GAG_HV1JR,A402W,12.261505
P20873_GAG_HV1JR,A402Y,13.674316
P20873_GAG_HV1JR,R403A,10.643463
P20873_GAG_HV1JR,R403C,10.658112
P20873_GAG_HV1JR,R403D,10.544861
P20873_GAG_HV1JR,R403E,9.57016
P20873_GAG_HV1JR,R403F,10.656647
P20873_GAG_HV1JR,R403G,8.508972
P20873_GAG_HV1JR,R403H,10.63327
P20873_GAG_HV1JR,R403I,10.255249
P20873_GAG_HV1JR,R403K,-0.028076172
P20873_GAG_HV1JR,R403L,10.206451
P20873_GAG_HV1JR,R403M,10.325897
P20873_GAG_HV1JR,R403N,9.246246
P20873_GAG_HV1JR,R403P,10.088959
P20873_GAG_HV1JR,R403Q,10.53717
P20873_GAG_HV1JR,R403S,7.8619995
P20873_GAG_HV1JR,R403T,10.635071
P20873_GAG_HV1JR,R403V,9.213318
P20873_GAG_HV1JR,R403W,10.754761
P20873_GAG_HV1JR,R403Y,10.633118
P20873_GAG_HV1JR,N404A,12.409302
P20873_GAG_HV1JR,N404C,12.427765
P20873_GAG_HV1JR,N404D,9.821503
P20873_GAG_HV1JR,N404E,11.151947
P20873_GAG_HV1JR,N404F,12.385773
P20873_GAG_HV1JR,N404G,11.845367
P20873_GAG_HV1JR,N404H,5.3693237
P20873_GAG_HV1JR,N404I,10.724945
P20873_GAG_HV1JR,N404K,8.307007
P20873_GAG_HV1JR,N404L,11.772003
P20873_GAG_HV1JR,N404M,12.36676
P20873_GAG_HV1JR,N404P,11.19397
P20873_GAG_HV1JR,N404Q,10.629822
P20873_GAG_HV1JR,N404R,7.957611
P20873_GAG_HV1JR,N404S,7.2586975
P20873_GAG_HV1JR,N404T,9.0867
P20873_GAG_HV1JR,N404V,12.467072
P20873_GAG_HV1JR,N404W,12.47406
P20873_GAG_HV1JR,N404Y,12.318115
P20873_GAG_HV1JR,C405A,14.069061
P20873_GAG_HV1JR,C405D,13.0780945
P20873_GAG_HV1JR,C405E,14.129517
P20873_GAG_HV1JR,C405F,10.724121
P20873_GAG_HV1JR,C405G,11.269318
P20873_GAG_HV1JR,C405H,14.085449
P20873_GAG_HV1JR,C405I,14.105164
P20873_GAG_HV1JR,C405K,14.064667
P20873_GAG_HV1JR,C405L,14.119507
P20873_GAG_HV1JR,C405M,14.098267
P20873_GAG_HV1JR,C405N,12.102356
P20873_GAG_HV1JR,C405P,12.053864
P20873_GAG_HV1JR,C405Q,12.866913
P20873_GAG_HV1JR,C405R,11.075104
P20873_GAG_HV1JR,C405S,14.160217
P20873_GAG_HV1JR,C405T,13.559845
P20873_GAG_HV1JR,C405V,12.324097
P20873_GAG_HV1JR,C405W,14.13266
P20873_GAG_HV1JR,C405Y,10.407257
P20873_GAG_HV1JR,R406A,12.198273
P20873_GAG_HV1JR,R406C,12.253967
P20873_GAG_HV1JR,R406D,12.241455
P20873_GAG_HV1JR,R406E,12.275299
P20873_GAG_HV1JR,R406F,11.190308
P20873_GAG_HV1JR,R406G,9.6474
P20873_GAG_HV1JR,R406H,12.210754
P20873_GAG_HV1JR,R406I,12.341766
P20873_GAG_HV1JR,R406K,3.2940674
P20873_GAG_HV1JR,R406L,12.189697
P20873_GAG_HV1JR,R406M,12.233307
P20873_GAG_HV1JR,R406N,12.272095
P20873_GAG_HV1JR,R406P,12.216217
P20873_GAG_HV1JR,R406Q,10.302948
P20873_GAG_HV1JR,R406S,11.157349
P20873_GAG_HV1JR,R406T,10.755798
P20873_GAG_HV1JR,R406V,12.274811
P20873_GAG_HV1JR,R406W,12.316223
P20873_GAG_HV1JR,R406Y,12.285645
P20873_GAG_HV1JR,A407C,13.993774
P20873_GAG_HV1JR,A407D,13.961517
P20873_GAG_HV1JR,A407E,13.066254
P20873_GAG_HV1JR,A407F,13.984619
P20873_GAG_HV1JR,A407G,9.614349
P20873_GAG_HV1JR,A407H,13.925354
P20873_GAG_HV1JR,A407I,12.474365
P20873_GAG_HV1JR,A407K,13.888458
P20873_GAG_HV1JR,A407L,13.916321
P20873_GAG_HV1JR,A407M,13.89447
P20873_GAG_HV1JR,A407N,13.911255
P20873_GAG_HV1JR,A407P,13.9028015
P20873_GAG_HV1JR,A407Q,12.654755
P20873_GAG_HV1JR,A407R,14.026062
P20873_GAG_HV1JR,A407S,12.182617
P20873_GAG_HV1JR,A407T,8.177521
P20873_GAG_HV1JR,A407V,11.364716
P20873_GAG_HV1JR,A407W,13.977875
P20873_GAG_HV1JR,A407Y,13.069214
P20873_GAG_HV1JR,P408A,8.546356
P20873_GAG_HV1JR,P408C,14.096161
P20873_GAG_HV1JR,P408D,13.580872
P20873_GAG_HV1JR,P408E,14.227814
P20873_GAG_HV1JR,P408F,13.171265
P20873_GAG_HV1JR,P408G,12.810059
P20873_GAG_HV1JR,P408H,14.277008
P20873_GAG_HV1JR,P408I,12.87442
P20873_GAG_HV1JR,P408K,13.608948
P20873_GAG_HV1JR,P408L,14.174469
P20873_GAG_HV1JR,P408M,14.140015
P20873_GAG_HV1JR,P408N,14.111359
P20873_GAG_HV1JR,P408Q,13.668854
P20873_GAG_HV1JR,P408R,14.232819
P20873_GAG_HV1JR,P408S,14.155212
P20873_GAG_HV1JR,P408T,10.829651
P20873_GAG_HV1JR,P408V,14.176361
P20873_GAG_HV1JR,P408W,13.52771
P20873_GAG_HV1JR,P408Y,14.214569
P20873_GAG_HV1JR,R409A,13.756897
P20873_GAG_HV1JR,R409C,13.279755
P20873_GAG_HV1JR,R409D,13.824402
P20873_GAG_HV1JR,R409E,11.374817
P20873_GAG_HV1JR,R409F,13.7534485
P20873_GAG_HV1JR,R409G,10.782013
P20873_GAG_HV1JR,R409H,13.169006
P20873_GAG_HV1JR,R409I,13.7048645
P20873_GAG_HV1JR,R409K,7.6943665
P20873_GAG_HV1JR,R409L,12.01062
P20873_GAG_HV1JR,R409M,13.776245
P20873_GAG_HV1JR,R409N,12.709473
P20873_GAG_HV1JR,R409P,13.752808
P20873_GAG_HV1JR,R409Q,12.204803
P20873_GAG_HV1JR,R409S,12.345459
P20873_GAG_HV1JR,R409T,12.555756
P20873_GAG_HV1JR,R409V,12.24057
P20873_GAG_HV1JR,R409W,11.802704
P20873_GAG_HV1JR,R409Y,13.7778015
P20873_GAG_HV1JR,K410A,12.726807
P20873_GAG_HV1JR,K410C,12.76236
P20873_GAG_HV1JR,K410D,12.655548
P20873_GAG_HV1JR,K410E,10.107361
P20873_GAG_HV1JR,K410F,12.278809
P20873_GAG_HV1JR,K410G,11.666504
P20873_GAG_HV1JR,K410H,12.692108
P20873_GAG_HV1JR,K410I,12.751251
P20873_GAG_HV1JR,K410L,12.699249
P20873_GAG_HV1JR,K410M,12.654999
P20873_GAG_HV1JR,K410N,10.990997
P20873_GAG_HV1JR,K410P,12.738464
P20873_GAG_HV1JR,K410Q,12.746307
P20873_GAG_HV1JR,K410R,4.2420654
P20873_GAG_HV1JR,K410S,11.886902
P20873_GAG_HV1JR,K410T,11.9999695
P20873_GAG_HV1JR,K410V,12.725464
P20873_GAG_HV1JR,K410W,12.717468
P20873_GAG_HV1JR,K410Y,12.719666
P20873_GAG_HV1JR,K411A,10.121674
P20873_GAG_HV1JR,K411C,11.393005
P20873_GAG_HV1JR,K411D,10.43222
P20873_GAG_HV1JR,K411E,9.362946
P20873_GAG_HV1JR,K411F,10.854645
P20873_GAG_HV1JR,K411G,8.155609
P20873_GAG_HV1JR,K411H,11.410156
P20873_GAG_HV1JR,K411I,11.026794
P20873_GAG_HV1JR,K411L,11.403198
P20873_GAG_HV1JR,K411M,11.351959
P20873_GAG_HV1JR,K411N,11.035858
P20873_GAG_HV1JR,K411P,9.839355
P20873_GAG_HV1JR,K411Q,8.712097
P20873_GAG_HV1JR,K411R,1.813324
P20873_GAG_HV1JR,K411S,11.375671
P20873_GAG_HV1JR,K411T,11.418152
P20873_GAG_HV1JR,K411V,11.411316
P20873_GAG_HV1JR,K411W,11.37561
P20873_GAG_HV1JR,K411Y,10.759216
P20873_GAG_HV1JR,G412A,12.689972
P20873_GAG_HV1JR,G412C,15.069153
P20873_GAG_HV1JR,G412D,12.655762
P20873_GAG_HV1JR,G412E,15.047516
P20873_GAG_HV1JR,G412F,15.069702
P20873_GAG_HV1JR,G412H,15.124298
P20873_GAG_HV1JR,G412I,15.12085
P20873_GAG_HV1JR,G412K,15.037598
P20873_GAG_HV1JR,G412L,15.086609
P20873_GAG_HV1JR,G412M,12.68515
P20873_GAG_HV1JR,G412N,14.378662
P20873_GAG_HV1JR,G412P,15.135162
P20873_GAG_HV1JR,G412Q,15.067169
P20873_GAG_HV1JR,G412R,14.334656
P20873_GAG_HV1JR,G412S,14.424652
P20873_GAG_HV1JR,G412T,12.782318
P20873_GAG_HV1JR,G412V,14.985596
P20873_GAG_HV1JR,G412W,13.518219
P20873_GAG_HV1JR,G412Y,15.082611
P20873_GAG_HV1JR,C413A,13.60672
P20873_GAG_HV1JR,C413D,14.7213745
P20873_GAG_HV1JR,C413E,14.659363
P20873_GAG_HV1JR,C413F,14.674622
P20873_GAG_HV1JR,C413G,14.316345
P20873_GAG_HV1JR,C413H,14.688263
P20873_GAG_HV1JR,C413I,12.784149
P20873_GAG_HV1JR,C413K,14.828461
P20873_GAG_HV1JR,C413L,10.969971
P20873_GAG_HV1JR,C413M,14.813995
P20873_GAG_HV1JR,C413N,14.70697
P20873_GAG_HV1JR,C413P,14.704956
P20873_GAG_HV1JR,C413Q,14.618774
P20873_GAG_HV1JR,C413R,13.781006
P20873_GAG_HV1JR,C413S,12.200317
P20873_GAG_HV1JR,C413T,11.76767
P20873_GAG_HV1JR,C413V,14.684113
P20873_GAG_HV1JR,C413W,14.725555
P20873_GAG_HV1JR,C413Y,12.8741455
P20873_GAG_HV1JR,W414A,14.155457
P20873_GAG_HV1JR,W414C,11.227814
P20873_GAG_HV1JR,W414D,14.208405
P20873_GAG_HV1JR,W414E,12.641113
P20873_GAG_HV1JR,W414F,11.979095
P20873_GAG_HV1JR,W414G,14.159271
P20873_GAG_HV1JR,W414H,14.087402
P20873_GAG_HV1JR,W414I,14.074463
P20873_GAG_HV1JR,W414K,14.166504
P20873_GAG_HV1JR,W414L,11.547455
P20873_GAG_HV1JR,W414M,14.148865
P20873_GAG_HV1JR,W414N,14.167572
P20873_GAG_HV1JR,W414P,14.10025
P20873_GAG_HV1JR,W414Q,14.199554
P20873_GAG_HV1JR,W414R,10.974945
P20873_GAG_HV1JR,W414S,12.296661
P20873_GAG_HV1JR,W414T,11.913574
P20873_GAG_HV1JR,W414V,12.613403
P20873_GAG_HV1JR,W414Y,11.7742
P20873_GAG_HV1JR,K415A,13.284119
P20873_GAG_HV1JR,K415C,13.258545
P20873_GAG_HV1JR,K415D,13.221954
P20873_GAG_HV1JR,K415E,11.212921
P20873_GAG_HV1JR,K415F,13.366852
P20873_GAG_HV1JR,K415G,13.260895
P20873_GAG_HV1JR,K415H,13.321747
P20873_GAG_HV1JR,K415I,10.702667
P20873_GAG_HV1JR,K415L,11.486816
P20873_GAG_HV1JR,K415M,13.212097
P20873_GAG_HV1JR,K415N,13.286774
P20873_GAG_HV1JR,K415P,11.932098
P20873_GAG_HV1JR,K415Q,11.472961
P20873_GAG_HV1JR,K415R,5.7886963
P20873_GAG_HV1JR,K415S,12.036713
P20873_GAG_HV1JR,K415T,12.4711
P20873_GAG_HV1JR,K415V,13.304749
P20873_GAG_HV1JR,K415W,13.2291565
P20873_GAG_HV1JR,K415Y,13.279724
P20873_GAG_HV1JR,C416A,12.598206
P20873_GAG_HV1JR,C416D,14.381958
P20873_GAG_HV1JR,C416E,11.733154
P20873_GAG_HV1JR,C416F,14.417999
P20873_GAG_HV1JR,C416G,12.290222
P20873_GAG_HV1JR,C416H,14.416962
P20873_GAG_HV1JR,C416I,13.035522
P20873_GAG_HV1JR,C416K,14.37207
P20873_GAG_HV1JR,C416L,13.736023
P20873_GAG_HV1JR,C416M,14.341858
P20873_GAG_HV1JR,C416N,14.316864
P20873_GAG_HV1JR,C416P,14.392548
P20873_GAG_HV1JR,C416Q,14.385895
P20873_GAG_HV1JR,C416R,14.412445
P20873_GAG_HV1JR,C416S,12.924652
P20873_GAG_HV1JR,C416T,14.353302
P20873_GAG_HV1JR,C416V,12.424652
P20873_GAG_HV1JR,C416W,11.277161
P20873_GAG_HV1JR,C416Y,9.754456
P20873_GAG_HV1JR,G417A,10.885651
P20873_GAG_HV1JR,G417C,13.422058
P20873_GAG_HV1JR,G417D,13.535004
P20873_GAG_HV1JR,G417E,7.451996
P20873_GAG_HV1JR,G417F,13.42807
P20873_GAG_HV1JR,G417H,13.4530945
P20873_GAG_HV1JR,G417I,13.431274
P20873_GAG_HV1JR,G417K,12.319519
P20873_GAG_HV1JR,G417L,12.011871
P20873_GAG_HV1JR,G417M,13.4888
P20873_GAG_HV1JR,G417N,12.176514
P20873_GAG_HV1JR,G417P,12.002014
P20873_GAG_HV1JR,G417Q,13.451569
P20873_GAG_HV1JR,G417R,8.071564
P20873_GAG_HV1JR,G417S,13.433716
P20873_GAG_HV1JR,G417T,13.402863
P20873_GAG_HV1JR,G417V,11.474365
P20873_GAG_HV1JR,G417W,13.426819
P20873_GAG_HV1JR,G417Y,12.342712
P20873_GAG_HV1JR,K418A,11.033203
P20873_GAG_HV1JR,K418C,11.128662
P20873_GAG_HV1JR,K418D,11.119171
P20873_GAG_HV1JR,K418E,5.6841125
P20873_GAG_HV1JR,K418F,10.238403
P20873_GAG_HV1JR,K418G,7.76886
P20873_GAG_HV1JR,K418H,11.092499
P20873_GAG_HV1JR,K418I,11.044159
P20873_GAG_HV1JR,K418L,9.538757
P20873_GAG_HV1JR,K418M,11.061554
P20873_GAG_HV1JR,K418N,6.9817505
P20873_GAG_HV1JR,K418P,11.085266
P20873_GAG_HV1JR,K418Q,3.184967
P20873_GAG_HV1JR,K418R,2.4076233
P20873_GAG_HV1JR,K418S,6.7824707
P20873_GAG_HV1JR,K418T,10.047546
P20873_GAG_HV1JR,K418V,10.034973
P20873_GAG_HV1JR,K418W,11.157867
P20873_GAG_HV1JR,K418Y,11.099121
P20873_GAG_HV1JR,E419A,11.69632
P20873_GAG_HV1JR,E419C,13.438324
P20873_GAG_HV1JR,E419D,6.442566
P20873_GAG_HV1JR,E419F,13.469299
P20873_GAG_HV1JR,E419G,10.4340515
P20873_GAG_HV1JR,E419H,12.1910095
P20873_GAG_HV1JR,E419I,13.354706
P20873_GAG_HV1JR,E419K,9.232971
P20873_GAG_HV1JR,E419L,12.272095
P20873_GAG_HV1JR,E419M,13.422974
P20873_GAG_HV1JR,E419N,13.335663
P20873_GAG_HV1JR,E419P,13.390167
P20873_GAG_HV1JR,E419Q,13.439545
P20873_GAG_HV1JR,E419R,13.374664
P20873_GAG_HV1JR,E419S,11.367004
P20873_GAG_HV1JR,E419T,12.5
P20873_GAG_HV1JR,E419V,13.401611
P20873_GAG_HV1JR,E419W,13.464966
P20873_GAG_HV1JR,E419Y,13.447174
P20873_GAG_HV1JR,G420A,11.695557
P20873_GAG_HV1JR,G420C,13.814545
P20873_GAG_HV1JR,G420D,10.722321
P20873_GAG_HV1JR,G420E,7.8889465
P20873_GAG_HV1JR,G420F,13.743317
P20873_GAG_HV1JR,G420H,13.796204
P20873_GAG_HV1JR,G420I,13.807068
P20873_GAG_HV1JR,G420K,13.726959
P20873_GAG_HV1JR,G420L,13.767761
P20873_GAG_HV1JR,G420M,13.171173
P20873_GAG_HV1JR,G420N,12.886749
P20873_GAG_HV1JR,G420P,12.96756
P20873_GAG_HV1JR,G420Q,13.715363
P20873_GAG_HV1JR,G420R,9.926971
P20873_GAG_HV1JR,G420S,11.606812
P20873_GAG_HV1JR,G420T,13.771057
P20873_GAG_HV1JR,G420V,13.788147
P20873_GAG_HV1JR,G420W,13.727814
P20873_GAG_HV1JR,G420Y,12.424103
P20873_GAG_HV1JR,H421A,13.045624
P20873_GAG_HV1JR,H421C,14.576111
P20873_GAG_HV1JR,H421D,11.285645
P20873_GAG_HV1JR,H421E,12.318756
P20873_GAG_HV1JR,H421F,14.5448
P20873_GAG_HV1JR,H421G,14.578522
P20873_GAG_HV1JR,H421I,14.659851
P20873_GAG_HV1JR,H421K,14.032562
P20873_GAG_HV1JR,H421L,10.88916
P20873_GAG_HV1JR,H421M,14.638855
P20873_GAG_HV1JR,H421N,12.572174
P20873_GAG_HV1JR,H421P,14.656067
P20873_GAG_HV1JR,H421Q,13.420258
P20873_GAG_HV1JR,H421R,14.679901
P20873_GAG_HV1JR,H421S,14.600708
P20873_GAG_HV1JR,H421T,14.557312
P20873_GAG_HV1JR,H421V,12.364258
P20873_GAG_HV1JR,H421W,14.609863
P20873_GAG_HV1JR,H421Y,13.894714
P20873_GAG_HV1JR,Q422A,13.145508
P20873_GAG_HV1JR,Q422C,13.644562
P20873_GAG_HV1JR,Q422D,11.670715
P20873_GAG_HV1JR,Q422E,11.505951
P20873_GAG_HV1JR,Q422F,12.045807
P20873_GAG_HV1JR,Q422G,13.559021
P20873_GAG_HV1JR,Q422H,9.358368
P20873_GAG_HV1JR,Q422I,12.415375
P20873_GAG_HV1JR,Q422K,13.060669
P20873_GAG_HV1JR,Q422L,8.512848
P20873_GAG_HV1JR,Q422M,13.668823
P20873_GAG_HV1JR,Q422N,12.391724
P20873_GAG_HV1JR,Q422P,10.534912
P20873_GAG_HV1JR,Q422R,8.985596
P20873_GAG_HV1JR,Q422S,13.507355
P20873_GAG_HV1JR,Q422T,13.590668
P20873_GAG_HV1JR,Q422V,12.029602
P20873_GAG_HV1JR,Q422W,13.601746
P20873_GAG_HV1JR,Q422Y,13.558899
P20873_GAG_HV1JR,M423A,12.764069
P20873_GAG_HV1JR,M423C,12.754517
P20873_GAG_HV1JR,M423D,11.727997
P20873_GAG_HV1JR,M423E,12.762146
P20873_GAG_HV1JR,M423F,11.767761
P20873_GAG_HV1JR,M423G,11.817261
P20873_GAG_HV1JR,M423H,12.099457
P20873_GAG_HV1JR,M423I,5.4179077
P20873_GAG_HV1JR,M423K,11.391663
P20873_GAG_HV1JR,M423L,5.7601624
P20873_GAG_HV1JR,M423N,12.692902
P20873_GAG_HV1JR,M423P,12.74411
P20873_GAG_HV1JR,M423Q,12.358002
P20873_GAG_HV1JR,M423R,11.80191
P20873_GAG_HV1JR,M423S,12.293274
P20873_GAG_HV1JR,M423T,10.365204
P20873_GAG_HV1JR,M423V,10.8012085
P20873_GAG_HV1JR,M423W,12.346466
P20873_GAG_HV1JR,M423Y,11.434174
P20873_GAG_HV1JR,K424A,13.586395
P20873_GAG_HV1JR,K424C,13.617645
P20873_GAG_HV1JR,K424D,13.501068
P20873_GAG_HV1JR,K424E,9.842773
P20873_GAG_HV1JR,K424F,13.524658
P20873_GAG_HV1JR,K424G,12.432648
P20873_GAG_HV1JR,K424H,13.56485
P20873_GAG_HV1JR,K424I,11.954315
P20873_GAG_HV1JR,K424L,12.405457
P20873_GAG_HV1JR,K424M,13.5979
P20873_GAG_HV1JR,K424N,11.905701
P20873_GAG_HV1JR,K424P,11.664795
P20873_GAG_HV1JR,K424Q,10.772614
P20873_GAG_HV1JR,K424R,6.7955627
P20873_GAG_HV1JR,K424S,12.293457
P20873_GAG_HV1JR,K424T,13.577057
P20873_GAG_HV1JR,K424V,13.588074
P20873_GAG_HV1JR,K424W,13.6128235
P20873_GAG_HV1JR,K424Y,13.513214
P20873_GAG_HV1JR,E425A,8.774048
P20873_GAG_HV1JR,E425C,8.733368
P20873_GAG_HV1JR,E425D,-3.4343262
P20873_GAG_HV1JR,E425F,8.7778015
P20873_GAG_HV1JR,E425G,6.5526123
P20873_GAG_HV1JR,E425H,7.789551
P20873_GAG_HV1JR,E425I,7.7782593
P20873_GAG_HV1JR,E425K,7.035248
P20873_GAG_HV1JR,E425L,8.751648
P20873_GAG_HV1JR,E425M,8.840759
P20873_GAG_HV1JR,E425N,3.6637573
P20873_GAG_HV1JR,E425P,8.824707
P20873_GAG_HV1JR,E425Q,8.771759
P20873_GAG_HV1JR,E425R,8.698761
P20873_GAG_HV1JR,E425S,7.7682495
P20873_GAG_HV1JR,E425T,8.82016
P20873_GAG_HV1JR,E425V,8.746765
P20873_GAG_HV1JR,E425W,8.851166
P20873_GAG_HV1JR,E425Y,8.906097
P20873_GAG_HV1JR,C426A,12.58432
P20873_GAG_HV1JR,C426D,14.533447
P20873_GAG_HV1JR,C426E,14.5460205
P20873_GAG_HV1JR,C426F,13.149048
P20873_GAG_HV1JR,C426G,13.07785
P20873_GAG_HV1JR,C426H,12.648254
P20873_GAG_HV1JR,C426I,11.980072
P20873_GAG_HV1JR,C426K,14.526215
P20873_GAG_HV1JR,C426L,13.163208
P20873_GAG_HV1JR,C426M,14.460266
P20873_GAG_HV1JR,C426N,13.019318
P20873_GAG_HV1JR,C426P,14.537048
P20873_GAG_HV1JR,C426Q,14.517914
P20873_GAG_HV1JR,C426R,11.801697
P20873_GAG_HV1JR,C426S,14.569946
P20873_GAG_HV1JR,C426T,11.926056
P20873_GAG_HV1JR,C426V,14.571899
P20873_GAG_HV1JR,C426W,14.556519
P20873_GAG_HV1JR,C426Y,11.56427
P20873_GAG_HV1JR,T427A,5.53125
P20873_GAG_HV1JR,T427C,11.08197
P20873_GAG_HV1JR,T427D,5.737915
P20873_GAG_HV1JR,T427E,8.62207
P20873_GAG_HV1JR,T427F,9.540009
P20873_GAG_HV1JR,T427G,11.056549
P20873_GAG_HV1JR,T427H,11.018646
P20873_GAG_HV1JR,T427I,4.1896973
P20873_GAG_HV1JR,T427K,11.026703
P20873_GAG_HV1JR,T427L,9.673553
P20873_GAG_HV1JR,T427M,7.958252
P20873_GAG_HV1JR,T427N,3.442047
P20873_GAG_HV1JR,T427P,5.1571045
P20873_GAG_HV1JR,T427Q,11.094269
P20873_GAG_HV1JR,T427R,11.073853
P20873_GAG_HV1JR,T427S,4.061798
P20873_GAG_HV1JR,T427V,7.924164
P20873_GAG_HV1JR,T427W,10.2960205
P20873_GAG_HV1JR,T427Y,11.03775
P20873_GAG_HV1JR,E428A,9.053101
P20873_GAG_HV1JR,E428C,12.290802
P20873_GAG_HV1JR,E428D,7.9571533
P20873_GAG_HV1JR,E428F,12.283966
P20873_GAG_HV1JR,E428G,4.7127075
P20873_GAG_HV1JR,E428H,11.931671
P20873_GAG_HV1JR,E428I,12.320251
P20873_GAG_HV1JR,E428K,7.5039673
P20873_GAG_HV1JR,E428L,11.189697
P20873_GAG_HV1JR,E428M,10.51181
P20873_GAG_HV1JR,E428N,11.235901
P20873_GAG_HV1JR,E428P,12.24585
P20873_GAG_HV1JR,E428Q,8.531525
P20873_GAG_HV1JR,E428R,9.846252
P20873_GAG_HV1JR,E428S,10.940216
P20873_GAG_HV1JR,E428T,9.366119
P20873_GAG_HV1JR,E428V,9.707245
P20873_GAG_HV1JR,E428W,11.3489685
P20873_GAG_HV1JR,E428Y,12.246216
P20873_GAG_HV1JR,R429A,9.586761
P20873_GAG_HV1JR,R429C,12.707825
P20873_GAG_HV1JR,R429D,11.511749
P20873_GAG_HV1JR,R429E,11.082245
P20873_GAG_HV1JR,R429F,12.701324
P20873_GAG_HV1JR,R429G,5.9536133
P20873_GAG_HV1JR,R429H,12.64035
P20873_GAG_HV1JR,R429I,11.316467
P20873_GAG_HV1JR,R429K,5.28421
P20873_GAG_HV1JR,R429L,10.898071
P20873_GAG_HV1JR,R429M,12.674255
P20873_GAG_HV1JR,R429N,11.598724
P20873_GAG_HV1JR,R429P,12.672668
P20873_GAG_HV1JR,R429Q,10.362701
P20873_GAG_HV1JR,R429S,12.68692
P20873_GAG_HV1JR,R429T,11.281647
P20873_GAG_HV1JR,R429V,12.6206665
P20873_GAG_HV1JR,R429W,12.651062
P20873_GAG_HV1JR,R429Y,11.949402
P20873_GAG_HV1JR,Q430A,13.040955
P20873_GAG_HV1JR,Q430C,14.392853
P20873_GAG_HV1JR,Q430D,14.37027
P20873_GAG_HV1JR,Q430E,9.7890625
P20873_GAG_HV1JR,Q430F,14.445099
P20873_GAG_HV1JR,Q430G,14.448059
P20873_GAG_HV1JR,Q430H,14.44046
P20873_GAG_HV1JR,Q430I,12.711365
P20873_GAG_HV1JR,Q430K,12.702057
P20873_GAG_HV1JR,Q430L,13.112152
P20873_GAG_HV1JR,Q430M,14.406769
P20873_GAG_HV1JR,Q430N,13.125214
P20873_GAG_HV1JR,Q430P,14.400574
P20873_GAG_HV1JR,Q430R,11.043213
P20873_GAG_HV1JR,Q430S,13.066956
P20873_GAG_HV1JR,Q430T,11.927551
P20873_GAG_HV1JR,Q430V,11.800659
P20873_GAG_HV1JR,Q430W,13.188721
P20873_GAG_HV1JR,Q430Y,14.3966675
P20873_GAG_HV1JR,A431C,12.785767
P20873_GAG_HV1JR,A431D,10.964874
P20873_GAG_HV1JR,A431E,12.807404
P20873_GAG_HV1JR,A431F,12.759918
P20873_GAG_HV1JR,A431G,11.550354
P20873_GAG_HV1JR,A431H,11.045746
P20873_GAG_HV1JR,A431I,7.594208
P20873_GAG_HV1JR,A431K,12.230255
P20873_GAG_HV1JR,A431L,11.743011
P20873_GAG_HV1JR,A431M,11.667969
P20873_GAG_HV1JR,A431N,10.7899475
P20873_GAG_HV1JR,A431P,11.083649
P20873_GAG_HV1JR,A431Q,10.275909
P20873_GAG_HV1JR,A431R,12.876556
P20873_GAG_HV1JR,A431S,12.785614
P20873_GAG_HV1JR,A431T,11.003662
P20873_GAG_HV1JR,A431V,5.434845
P20873_GAG_HV1JR,A431W,12.782349
P20873_GAG_HV1JR,A431Y,10.790161
P20873_GAG_HV1JR,N432A,14.463745
P20873_GAG_HV1JR,N432C,14.4670105
P20873_GAG_HV1JR,N432D,10.446106
P20873_GAG_HV1JR,N432E,11.474609
P20873_GAG_HV1JR,N432F,14.4401245
P20873_GAG_HV1JR,N432G,11.319061
P20873_GAG_HV1JR,N432H,14.361664
P20873_GAG_HV1JR,N432I,14.33316
P20873_GAG_HV1JR,N432K,11.484314
P20873_GAG_HV1JR,N432L,14.402374
P20873_GAG_HV1JR,N432M,14.397217
P20873_GAG_HV1JR,N432P,12.986145
P20873_GAG_HV1JR,N432Q,12.194855
P20873_GAG_HV1JR,N432R,14.375275
P20873_GAG_HV1JR,N432S,13.6203
P20873_GAG_HV1JR,N432T,13.926117
P20873_GAG_HV1JR,N432V,14.340759
P20873_GAG_HV1JR,N432W,14.388672
P20873_GAG_HV1JR,N432Y,11.493774
P20873_GAG_HV1JR,F433A,14.537048
P20873_GAG_HV1JR,F433C,13.558655
P20873_GAG_HV1JR,F433D,14.597046
P20873_GAG_HV1JR,F433E,14.519897
P20873_GAG_HV1JR,F433G,14.507446
P20873_GAG_HV1JR,F433H,13.212769
P20873_GAG_HV1JR,F433I,10.407654
P20873_GAG_HV1JR,F433K,13.03537
P20873_GAG_HV1JR,F433L,10.385895
P20873_GAG_HV1JR,F433M,14.470764
P20873_GAG_HV1JR,F433N,13.027649
P20873_GAG_HV1JR,F433P,14.596161
P20873_GAG_HV1JR,F433Q,14.546967
P20873_GAG_HV1JR,F433R,14.520447
P20873_GAG_HV1JR,F433S,13.676147
P20873_GAG_HV1JR,F433T,14.591705
P20873_GAG_HV1JR,F433V,11.476654
P20873_GAG_HV1JR,F433W,14.542053
P20873_GAG_HV1JR,F433Y,12.133301
P20873_GAG_HV1JR,L434A,14.158813
P20873_GAG_HV1JR,L434C,14.204468
P20873_GAG_HV1JR,L434D,14.100464
P20873_GAG_HV1JR,L434E,12.847595
P20873_GAG_HV1JR,L434F,9.686096
P20873_GAG_HV1JR,L434G,14.185272
P20873_GAG_HV1JR,L434H,14.135864
P20873_GAG_HV1JR,L434I,13.629852
P20873_GAG_HV1JR,L434K,14.103302
P20873_GAG_HV1JR,L434M,11.415802
P20873_GAG_HV1JR,L434N,14.1041565
P20873_GAG_HV1JR,L434P,12.402008
P20873_GAG_HV1JR,L434Q,14.137665
P20873_GAG_HV1JR,L434R,12.588867
P20873_GAG_HV1JR,L434S,9.513824
P20873_GAG_HV1JR,L434T,12.493347
P20873_GAG_HV1JR,L434V,11.502899
P20873_GAG_HV1JR,L434W,14.193756
P20873_GAG_HV1JR,L434Y,14.253998
P20873_GAG_HV1JR,G435A,11.082367
P20873_GAG_HV1JR,G435C,13.15332
P20873_GAG_HV1JR,G435D,10.775818
P20873_GAG_HV1JR,G435E,9.285706
P20873_GAG_HV1JR,G435F,12.57312
P20873_GAG_HV1JR,G435H,13.704559
P20873_GAG_HV1JR,G435I,13.670105
P20873_GAG_HV1JR,G435K,11.896454
P20873_GAG_HV1JR,G435L,12.991058
P20873_GAG_HV1JR,G435M,13.69455
P20873_GAG_HV1JR,G435N,13.716248
P20873_GAG_HV1JR,G435P,12.821564
P20873_GAG_HV1JR,G435Q,12.422302
P20873_GAG_HV1JR,G435R,7.311249
P20873_GAG_HV1JR,G435S,13.705475
P20873_GAG_HV1JR,G435T,12.411072
P20873_GAG_HV1JR,G435V,13.709717
P20873_GAG_HV1JR,G435W,13.641174
P20873_GAG_HV1JR,G435Y,13.679474
P20873_GAG_HV1JR,K436A,12.729706
P20873_GAG_HV1JR,K436C,12.593811
P20873_GAG_HV1JR,K436D,11.382599
P20873_GAG_HV1JR,K436E,8.978363
P20873_GAG_HV1JR,K436F,12.652374
P20873_GAG_HV1JR,K436G,9.595001
P20873_GAG_HV1JR,K436H,11.998352
P20873_GAG_HV1JR,K436I,11.731659
P20873_GAG_HV1JR,K436L,9.760559
P20873_GAG_HV1JR,K436M,12.594757
P20873_GAG_HV1JR,K436N,9.352295
P20873_GAG_HV1JR,K436P,11.321503
P20873_GAG_HV1JR,K436Q,11.924103
P20873_GAG_HV1JR,K436R,4.26416
P20873_GAG_HV1JR,K436S,11.311401
P20873_GAG_HV1JR,K436T,11.514648
P20873_GAG_HV1JR,K436V,12.70816
P20873_GAG_HV1JR,K436W,11.614655
P20873_GAG_HV1JR,K436Y,12.617462
P20873_GAG_HV1JR,I437A,8.840912
P20873_GAG_HV1JR,I437C,11.85025
P20873_GAG_HV1JR,I437D,10.034668
P20873_GAG_HV1JR,I437E,11.873352
P20873_GAG_HV1JR,I437F,6.8829956
P20873_GAG_HV1JR,I437G,9.312073
P20873_GAG_HV1JR,I437H,11.810547
P20873_GAG_HV1JR,I437K,10.385254
P20873_GAG_HV1JR,I437L,4.5939636
P20873_GAG_HV1JR,I437M,8.71405
P20873_GAG_HV1JR,I437N,9.058716
P20873_GAG_HV1JR,I437P,11.852295
P20873_GAG_HV1JR,I437Q,11.808746
P20873_GAG_HV1JR,I437R,10.3367
P20873_GAG_HV1JR,I437S,8.277069
P20873_GAG_HV1JR,I437T,7.2962646
P20873_GAG_HV1JR,I437V,4.69162
P20873_GAG_HV1JR,I437W,9.919067
P20873_GAG_HV1JR,I437Y,10.675415
P20873_GAG_HV1JR,W438A,13.720367
P20873_GAG_HV1JR,W438C,12.063568
P20873_GAG_HV1JR,W438D,13.776947
P20873_GAG_HV1JR,W438E,12.466675
P20873_GAG_HV1JR,W438F,10.406708
P20873_GAG_HV1JR,W438G,10.003998
P20873_GAG_HV1JR,W438H,12.592224
P20873_GAG_HV1JR,W438I,11.973267
P20873_GAG_HV1JR,W438K,12.509949
P20873_GAG_HV1JR,W438L,7.925598
P20873_GAG_HV1JR,W438M,13.765717
P20873_GAG_HV1JR,W438N,13.678925
P20873_GAG_HV1JR,W438P,13.795898
P20873_GAG_HV1JR,W438Q,13.767548
P20873_GAG_HV1JR,W438R,9.510803
P20873_GAG_HV1JR,W438S,13.700958
P20873_GAG_HV1JR,W438T,13.642761
P20873_GAG_HV1JR,W438V,11.304016
P20873_GAG_HV1JR,W438Y,11.766052
P20873_GAG_HV1JR,P439A,9.609802
P20873_GAG_HV1JR,P439C,12.8680725
P20873_GAG_HV1JR,P439D,11.523804
P20873_GAG_HV1JR,P439E,11.965454
P20873_GAG_HV1JR,P439F,12.886902
P20873_GAG_HV1JR,P439G,12.88327
P20873_GAG_HV1JR,P439H,11.807617
P20873_GAG_HV1JR,P439I,12.892761
P20873_GAG_HV1JR,P439K,12.299103
P20873_GAG_HV1JR,P439L,10.84906
P20873_GAG_HV1JR,P439M,12.901398
P20873_GAG_HV1JR,P439N,12.916718
P20873_GAG_HV1JR,P439Q,12.943451
P20873_GAG_HV1JR,P439R,11.39447
P20873_GAG_HV1JR,P439S,4.590454
P20873_GAG_HV1JR,P439T,12.383118
P20873_GAG_HV1JR,P439V,11.157654
P20873_GAG_HV1JR,P439W,10.881866
P20873_GAG_HV1JR,P439Y,10.893707
P20873_GAG_HV1JR,S440A,6.6849976
P20873_GAG_HV1JR,S440C,12.813568
P20873_GAG_HV1JR,S440D,11.474701
P20873_GAG_HV1JR,S440E,10.303497
P20873_GAG_HV1JR,S440F,6.96167
P20873_GAG_HV1JR,S440G,11.868652
P20873_GAG_HV1JR,S440H,10.982605
P20873_GAG_HV1JR,S440I,12.769562
P20873_GAG_HV1JR,S440K,10.768005
P20873_GAG_HV1JR,S440L,9.44812
P20873_GAG_HV1JR,S440M,12.768005
P20873_GAG_HV1JR,S440N,11.725769
P20873_GAG_HV1JR,S440P,7.324402
P20873_GAG_HV1JR,S440Q,9.844513
P20873_GAG_HV1JR,S440R,12.414124
P20873_GAG_HV1JR,S440T,9.436005
P20873_GAG_HV1JR,S440V,9.781311
P20873_GAG_HV1JR,S440W,12.880707
P20873_GAG_HV1JR,S440Y,10.948059
P20873_GAG_HV1JR,Y441A,6.7301636
P20873_GAG_HV1JR,Y441C,3.0317688
P20873_GAG_HV1JR,Y441D,7.816559
P20873_GAG_HV1JR,Y441E,6.9272156
P20873_GAG_HV1JR,Y441F,7.1294556
P20873_GAG_HV1JR,Y441G,6.510315
P20873_GAG_HV1JR,Y441H,-2.8415527
P20873_GAG_HV1JR,Y441I,7.111267
P20873_GAG_HV1JR,Y441K,5.359497
P20873_GAG_HV1JR,Y441L,2.9082947
P20873_GAG_HV1JR,Y441M,7.2716675
P20873_GAG_HV1JR,Y441N,1.4283447
P20873_GAG_HV1JR,Y441P,3.6755676
P20873_GAG_HV1JR,Y441Q,2.0160217
P20873_GAG_HV1JR,Y441R,2.6317139
P20873_GAG_HV1JR,Y441S,1.0656128
P20873_GAG_HV1JR,Y441T,5.8058167
P20873_GAG_HV1JR,Y441V,6.131012
P20873_GAG_HV1JR,Y441W,8.033813
P20873_GAG_HV1JR,K442A,10.572296
P20873_GAG_HV1JR,K442C,12.239349
P20873_GAG_HV1JR,K442D,10.71582
P20873_GAG_HV1JR,K442E,8.891449
P20873_GAG_HV1JR,K442F,12.237671
P20873_GAG_HV1JR,K442G,7.4478455
P20873_GAG_HV1JR,K442H,12.234467
P20873_GAG_HV1JR,K442I,10.752747
P20873_GAG_HV1JR,K442L,10.353363
P20873_GAG_HV1JR,K442M,12.182953
P20873_GAG_HV1JR,K442N,7.3344727
P20873_GAG_HV1JR,K442P,10.985504
P20873_GAG_HV1JR,K442Q,8.790863
P20873_GAG_HV1JR,K442R,4.8021545
P20873_GAG_HV1JR,K442S,6.836853
P20873_GAG_HV1JR,K442T,9.4157715
P20873_GAG_HV1JR,K442V,11.083252
P20873_GAG_HV1JR,K442W,12.201965
P20873_GAG_HV1JR,K442Y,12.300995
P20873_GAG_HV1JR,G443A,9.945618
P20873_GAG_HV1JR,G443C,12.865753
P20873_GAG_HV1JR,G443D,6.8551025
P20873_GAG_HV1JR,G443E,5.828003
P20873_GAG_HV1JR,G443F,12.882874
P20873_GAG_HV1JR,G443H,12.801422
P20873_GAG_HV1JR,G443I,11.609711
P20873_GAG_HV1JR,G443K,9.859711
P20873_GAG_HV1JR,G443L,10.077057
P20873_GAG_HV1JR,G443M,12.856659
P20873_GAG_HV1JR,G443N,11.75766
P20873_GAG_HV1JR,G443P,12.763245
P20873_GAG_HV1JR,G443Q,10.650757
P20873_GAG_HV1JR,G443R,9.607269
P20873_GAG_HV1JR,G443S,11.42511
P20873_GAG_HV1JR,G443T,11.548645
P20873_GAG_HV1JR,G443V,12.788361
P20873_GAG_HV1JR,G443W,12.7933655
P20873_GAG_HV1JR,G443Y,11.686798
P20873_GAG_HV1JR,R444A,12.031525
P20873_GAG_HV1JR,R444C,14.074646
P20873_GAG_HV1JR,R444D,11.635101
P20873_GAG_HV1JR,R444E,10.589508
P20873_GAG_HV1JR,R444F,12.354065
P20873_GAG_HV1JR,R444G,8.579102
P20873_GAG_HV1JR,R444H,13.210968
P20873_GAG_HV1JR,R444I,11.516968
P20873_GAG_HV1JR,R444K,10.896301
P20873_GAG_HV1JR,R444L,14.019745
P20873_GAG_HV1JR,R444M,14.074768
P20873_GAG_HV1JR,R444N,13.507965
P20873_GAG_HV1JR,R444P,12.675507
P20873_GAG_HV1JR,R444Q,12.611053
P20873_GAG_HV1JR,R444S,13.379303
P20873_GAG_HV1JR,R444T,12.556519
P20873_GAG_HV1JR,R444V,12.837158
P20873_GAG_HV1JR,R444W,14.0849
P20873_GAG_HV1JR,R444Y,11.049622
P20873_GAG_HV1JR,P445A,10.806702
P20873_GAG_HV1JR,P445C,14.454163
P20873_GAG_HV1JR,P445D,12.085754
P20873_GAG_HV1JR,P445E,10.960815
P20873_GAG_HV1JR,P445F,12.023071
P20873_GAG_HV1JR,P445G,11.908569
P20873_GAG_HV1JR,P445H,14.384918
P20873_GAG_HV1JR,P445I,11.439758
P20873_GAG_HV1JR,P445K,13.058014
P20873_GAG_HV1JR,P445L,12.048462
P20873_GAG_HV1JR,P445M,14.477112
P20873_GAG_HV1JR,P445N,14.386475
P20873_GAG_HV1JR,P445Q,12.36496
P20873_GAG_HV1JR,P445R,14.440704
P20873_GAG_HV1JR,P445S,11.922455
P20873_GAG_HV1JR,P445T,13.286346
P20873_GAG_HV1JR,P445V,14.434662
P20873_GAG_HV1JR,P445W,12.290466
P20873_GAG_HV1JR,P445Y,14.395813
P20873_GAG_HV1JR,G446A,10.160614
P20873_GAG_HV1JR,G446C,12.2778015
P20873_GAG_HV1JR,G446D,10.943573
P20873_GAG_HV1JR,G446E,7.93396
P20873_GAG_HV1JR,G446F,11.083862
P20873_GAG_HV1JR,G446H,12.488464
P20873_GAG_HV1JR,G446I,12.32251
P20873_GAG_HV1JR,G446K,11.94165
P20873_GAG_HV1JR,G446L,10.352356
P20873_GAG_HV1JR,G446M,11.99527
P20873_GAG_HV1JR,G446N,12.973206
P20873_GAG_HV1JR,G446P,10.563721
P20873_GAG_HV1JR,G446Q,13.509125
P20873_GAG_HV1JR,G446R,8.219147
P20873_GAG_HV1JR,G446S,13.431946
P20873_GAG_HV1JR,G446T,13.563324
P20873_GAG_HV1JR,G446V,11.671509
P20873_GAG_HV1JR,G446W,10.777924
P20873_GAG_HV1JR,G446Y,13.346771
P20873_GAG_HV1JR,N447A,13.215424
P20873_GAG_HV1JR,N447C,14.586945
P20873_GAG_HV1JR,N447D,11.041321
P20873_GAG_HV1JR,N447E,10.987518
P20873_GAG_HV1JR,N447F,14.504608
P20873_GAG_HV1JR,N447G,12.066315
P20873_GAG_HV1JR,N447H,14.440155
P20873_GAG_HV1JR,N447I,11.301422
P20873_GAG_HV1JR,N447K,12.384155
P20873_GAG_HV1JR,N447L,12.520416
P20873_GAG_HV1JR,N447M,14.597961
P20873_GAG_HV1JR,N447P,11.677856
P20873_GAG_HV1JR,N447Q,14.444916
P20873_GAG_HV1JR,N447R,14.478058
P20873_GAG_HV1JR,N447S,11.317261
P20873_GAG_HV1JR,N447T,12.784973
P20873_GAG_HV1JR,N447V,14.455414
P20873_GAG_HV1JR,N447W,14.477203
P20873_GAG_HV1JR,N447Y,12.262756
P20873_GAG_HV1JR,F448A,11.6362
P20873_GAG_HV1JR,F448C,11.72345
P20873_GAG_HV1JR,F448D,14.222046
P20873_GAG_HV1JR,F448E,14.192596
P20873_GAG_HV1JR,F448G,14.194763
P20873_GAG_HV1JR,F448H,14.200012
P20873_GAG_HV1JR,F448I,14.302002
P20873_GAG_HV1JR,F448K,14.142059
P20873_GAG_HV1JR,F448L,9.467346
P20873_GAG_HV1JR,F448M,14.21756
P20873_GAG_HV1JR,F448N,12.6909485
P20873_GAG_HV1JR,F448P,12.026245
P20873_GAG_HV1JR,F448Q,14.121002
P20873_GAG_HV1JR,F448R,14.200623
P20873_GAG_HV1JR,F448S,9.554565
P20873_GAG_HV1JR,F448T,13.707153
P20873_GAG_HV1JR,F448V,12.837067
P20873_GAG_HV1JR,F448W,11.21875
P20873_GAG_HV1JR,F448Y,11.905457
P20873_GAG_HV1JR,L449A,10.364899
P20873_GAG_HV1JR,L449C,6.873047
P20873_GAG_HV1JR,L449D,11.722412
P20873_GAG_HV1JR,L449E,9.341949
P20873_GAG_HV1JR,L449F,6.3765564
P20873_GAG_HV1JR,L449G,10.978851
P20873_GAG_HV1JR,L449H,8.644897
P20873_GAG_HV1JR,L449I,7.101654
P20873_GAG_HV1JR,L449K,10.143768
P20873_GAG_HV1JR,L449M,11.737274
P20873_GAG_HV1JR,L449N,11.689301
P20873_GAG_HV1JR,L449P,3.55542
P20873_GAG_HV1JR,L449Q,9.714661
P20873_GAG_HV1JR,L449R,10.236664
P20873_GAG_HV1JR,L449S,8.891205
P20873_GAG_HV1JR,L449T,11.774445
P20873_GAG_HV1JR,L449V,6.180908
P20873_GAG_HV1JR,L449W,9.706207
P20873_GAG_HV1JR,L449Y,8.13916
P20873_GAG_HV1JR,Q450A,12.858063
P20873_GAG_HV1JR,Q450C,12.803497
P20873_GAG_HV1JR,Q450D,13.563751
P20873_GAG_HV1JR,Q450E,10.909912
P20873_GAG_HV1JR,Q450F,14.218567
P20873_GAG_HV1JR,Q450G,14.295898
P20873_GAG_HV1JR,Q450H,14.28302
P20873_GAG_HV1JR,Q450I,14.2864685
P20873_GAG_HV1JR,Q450K,12.141998
P20873_GAG_HV1JR,Q450L,10.709717
P20873_GAG_HV1JR,Q450M,13.004974
P20873_GAG_HV1JR,Q450N,11.71875
P20873_GAG_HV1JR,Q450P,11.888123
P20873_GAG_HV1JR,Q450R,11.786255
P20873_GAG_HV1JR,Q450S,10.66095
P20873_GAG_HV1JR,Q450T,14.35791
P20873_GAG_HV1JR,Q450V,11.013672
P20873_GAG_HV1JR,Q450W,14.347168
P20873_GAG_HV1JR,Q450Y,12.891754
P20873_GAG_HV1JR,S451A,10.049866
P20873_GAG_HV1JR,S451C,8.712219
P20873_GAG_HV1JR,S451D,10.510712
P20873_GAG_HV1JR,S451E,8.778473
P20873_GAG_HV1JR,S451F,11.250275
P20873_GAG_HV1JR,S451G,5.016266
P20873_GAG_HV1JR,S451H,9.587158
P20873_GAG_HV1JR,S451I,11.337402
P20873_GAG_HV1JR,S451K,9.610748
P20873_GAG_HV1JR,S451L,11.3776245
P20873_GAG_HV1JR,S451M,10.685547
P20873_GAG_HV1JR,S451N,2.0554504
P20873_GAG_HV1JR,S451P,11.383667
P20873_GAG_HV1JR,S451Q,11.292419
P20873_GAG_HV1JR,S451R,6.2423096
P20873_GAG_HV1JR,S451T,6.792053
P20873_GAG_HV1JR,S451V,9.70517
P20873_GAG_HV1JR,S451W,11.290466
P20873_GAG_HV1JR,S451Y,9.029572
P20873_GAG_HV1JR,R452A,10.3689575
P20873_GAG_HV1JR,R452C,13.30307
P20873_GAG_HV1JR,R452D,13.2378235
P20873_GAG_HV1JR,R452E,11.522064
P20873_GAG_HV1JR,R452F,13.286713
P20873_GAG_HV1JR,R452G,9.878601
P20873_GAG_HV1JR,R452H,11.494019
P20873_GAG_HV1JR,R452I,13.250549
P20873_GAG_HV1JR,R452K,7.5511475
P20873_GAG_HV1JR,R452L,13.285553
P20873_GAG_HV1JR,R452M,12.556122
P20873_GAG_HV1JR,R452N,12.073822
P20873_GAG_HV1JR,R452P,11.526215
P20873_GAG_HV1JR,R452Q,9.657898
P20873_GAG_HV1JR,R452S,8.344971
P20873_GAG_HV1JR,R452T,10.011597
P20873_GAG_HV1JR,R452V,13.347168
P20873_GAG_HV1JR,R452W,11.936798
P20873_GAG_HV1JR,R452Y,13.210358
P20873_GAG_HV1JR,P453A,7.5052185
P20873_GAG_HV1JR,P453C,10.431061
P20873_GAG_HV1JR,P453D,11.462219
P20873_GAG_HV1JR,P453E,10.606567
P20873_GAG_HV1JR,P453F,11.584045
P20873_GAG_HV1JR,P453G,9.980011
P20873_GAG_HV1JR,P453H,11.613861
P20873_GAG_HV1JR,P453I,8.975922
P20873_GAG_HV1JR,P453K,10.781647
P20873_GAG_HV1JR,P453L,3.944519
P20873_GAG_HV1JR,P453M,10.095764
P20873_GAG_HV1JR,P453N,9.613647
P20873_GAG_HV1JR,P453Q,7.3298035
P20873_GAG_HV1JR,P453R,10.481354
P20873_GAG_HV1JR,P453S,6.710022
P20873_GAG_HV1JR,P453T,3.8426514
P20873_GAG_HV1JR,P453V,7.123871
P20873_GAG_HV1JR,P453W,10.534119
P20873_GAG_HV1JR,P453Y,11.559448
P20873_GAG_HV1JR,E454A,10.445465
P20873_GAG_HV1JR,E454C,13.317261
P20873_GAG_HV1JR,E454D,11.947754
P20873_GAG_HV1JR,E454F,13.267853
P20873_GAG_HV1JR,E454G,9.063812
P20873_GAG_HV1JR,E454H,11.414459
P20873_GAG_HV1JR,E454I,13.244019
P20873_GAG_HV1JR,E454K,8.531952
P20873_GAG_HV1JR,E454L,12.078064
P20873_GAG_HV1JR,E454M,11.268799
P20873_GAG_HV1JR,E454N,13.337921
P20873_GAG_HV1JR,E454P,13.247406
P20873_GAG_HV1JR,E454Q,10.570496
P20873_GAG_HV1JR,E454R,10.065216
P20873_GAG_HV1JR,E454S,9.544098
P20873_GAG_HV1JR,E454T,8.387848
P20873_GAG_HV1JR,E454V,9.594208
P20873_GAG_HV1JR,E454W,13.310852
P20873_GAG_HV1JR,E454Y,12.184906
P20873_GAG_HV1JR,P455A,9.188599
P20873_GAG_HV1JR,P455C,14.1474
P20873_GAG_HV1JR,P455D,12.099762
P20873_GAG_HV1JR,P455E,11.326447
P20873_GAG_HV1JR,P455F,14.201172
P20873_GAG_HV1JR,P455G,11.755066
P20873_GAG_HV1JR,P455H,13.165802
P20873_GAG_HV1JR,P455I,12.35965
P20873_GAG_HV1JR,P455K,12.408112
P20873_GAG_HV1JR,P455L,11.830017
P20873_GAG_HV1JR,P455M,14.178558
P20873_GAG_HV1JR,P455N,14.116852
P20873_GAG_HV1JR,P455Q,11.171509
P20873_GAG_HV1JR,P455R,10.9123535
P20873_GAG_HV1JR,P455S,11.153015
P20873_GAG_HV1JR,P455T,12.192963
P20873_GAG_HV1JR,P455V,14.0755005
P20873_GAG_HV1JR,P455W,14.045166
P20873_GAG_HV1JR,P455Y,14.060547
P20873_GAG_HV1JR,T456A,8.03125
P20873_GAG_HV1JR,T456C,11.526611
P20873_GAG_HV1JR,T456D,11.534363
P20873_GAG_HV1JR,T456E,10.417664
P20873_GAG_HV1JR,T456F,10.486847
P20873_GAG_HV1JR,T456G,9.505096
P20873_GAG_HV1JR,T456H,11.561768
P20873_GAG_HV1JR,T456I,9.85611
P20873_GAG_HV1JR,T456K,11.492554
P20873_GAG_HV1JR,T456L,9.202972
P20873_GAG_HV1JR,T456M,11.4817505
P20873_GAG_HV1JR,T456N,9.091614
P20873_GAG_HV1JR,T456P,6.693115
P20873_GAG_HV1JR,T456Q,9.965546
P20873_GAG_HV1JR,T456R,10.625824
P20873_GAG_HV1JR,T456S,2.0983582
P20873_GAG_HV1JR,T456V,9.731567
P20873_GAG_HV1JR,T456W,11.465424
P20873_GAG_HV1JR,T456Y,9.837921
P20873_GAG_HV1JR,A457C,12.556946
P20873_GAG_HV1JR,A457D,14.1232605
P20873_GAG_HV1JR,A457E,11.164215
P20873_GAG_HV1JR,A457F,11.739075
P20873_GAG_HV1JR,A457G,12.193512
P20873_GAG_HV1JR,A457H,12.122467
P20873_GAG_HV1JR,A457I,12.250763
P20873_GAG_HV1JR,A457K,12.69516
P20873_GAG_HV1JR,A457L,11.377014
P20873_GAG_HV1JR,A457M,14.155945
P20873_GAG_HV1JR,A457N,12.114502
P20873_GAG_HV1JR,A457P,13.585297
P20873_GAG_HV1JR,A457Q,12.739075
P20873_GAG_HV1JR,A457R,10.931702
P20873_GAG_HV1JR,A457S,9.557373
P20873_GAG_HV1JR,A457T,10.460266
P20873_GAG_HV1JR,A457V,10.014374
P20873_GAG_HV1JR,A457W,14.181213
P20873_GAG_HV1JR,A457Y,14.11441
P20873_GAG_HV1JR,P458A,11.541962
P20873_GAG_HV1JR,P458C,14.259857
P20873_GAG_HV1JR,P458D,14.251709
P20873_GAG_HV1JR,P458E,11.62912
P20873_GAG_HV1JR,P458F,12.085602
P20873_GAG_HV1JR,P458G,12.197754
P20873_GAG_HV1JR,P458H,12.534546
P20873_GAG_HV1JR,P458I,13.209717
P20873_GAG_HV1JR,P458K,14.20517
P20873_GAG_HV1JR,P458L,12.064667
P20873_GAG_HV1JR,P458M,14.274902
P20873_GAG_HV1JR,P458N,11.285706
P20873_GAG_HV1JR,P458Q,12.6623535
P20873_GAG_HV1JR,P458R,10.521759
P20873_GAG_HV1JR,P458S,10.635864
P20873_GAG_HV1JR,P458T,14.287445
P20873_GAG_HV1JR,P458V,11.886505
P20873_GAG_HV1JR,P458W,14.263947
P20873_GAG_HV1JR,P458Y,14.214203
P20873_GAG_HV1JR,P459A,11.575867
P20873_GAG_HV1JR,P459C,14.303101
P20873_GAG_HV1JR,P459D,11.471802
P20873_GAG_HV1JR,P459E,11.535156
P20873_GAG_HV1JR,P459F,12.153656
P20873_GAG_HV1JR,P459G,11.416809
P20873_GAG_HV1JR,P459H,14.339355
P20873_GAG_HV1JR,P459I,14.320404
P20873_GAG_HV1JR,P459K,12.7404175
P20873_GAG_HV1JR,P459L,12.099457
P20873_GAG_HV1JR,P459M,12.593414
P20873_GAG_HV1JR,P459N,14.367065
P20873_GAG_HV1JR,P459Q,12.675751
P20873_GAG_HV1JR,P459R,13.246765
P20873_GAG_HV1JR,P459S,10.060608
P20873_GAG_HV1JR,P459T,10.936707
P20873_GAG_HV1JR,P459V,14.422974
P20873_GAG_HV1JR,P459W,12.614624
P20873_GAG_HV1JR,P459Y,11.912903
P20873_GAG_HV1JR,E460A,2.0916748
P20873_GAG_HV1JR,E460C,11.272461
P20873_GAG_HV1JR,E460D,9.598022
P20873_GAG_HV1JR,E460F,11.256195
P20873_GAG_HV1JR,E460G,8.157562
P20873_GAG_HV1JR,E460H,11.2074585
P20873_GAG_HV1JR,E460I,8.850067
P20873_GAG_HV1JR,E460K,9.231445
P20873_GAG_HV1JR,E460L,6.9183044
P20873_GAG_HV1JR,E460M,6.7409973
P20873_GAG_HV1JR,E460N,11.213959
P20873_GAG_HV1JR,E460P,8.6137085
P20873_GAG_HV1JR,E460Q,8.17157
P20873_GAG_HV1JR,E460R,8.580872
P20873_GAG_HV1JR,E460S,9.977112
P20873_GAG_HV1JR,E460T,8.651367
P20873_GAG_HV1JR,E460V,6.9190674
P20873_GAG_HV1JR,E460W,9.341156
P20873_GAG_HV1JR,E460Y,10.187653
P20873_GAG_HV1JR,E461A,11.549347
P20873_GAG_HV1JR,E461C,11.920166
P20873_GAG_HV1JR,E461D,9.924957
P20873_GAG_HV1JR,E461F,11.483246
P20873_GAG_HV1JR,E461G,8.430359
P20873_GAG_HV1JR,E461H,12.35556
P20873_GAG_HV1JR,E461I,12.470459
P20873_GAG_HV1JR,E461K,9.199402
P20873_GAG_HV1JR,E461L,10.729218
P20873_GAG_HV1JR,E461M,13.46582
P20873_GAG_HV1JR,E461N,12.22876
P20873_GAG_HV1JR,E461P,9.159302
P20873_GAG_HV1JR,E461Q,9.720764
P20873_GAG_HV1JR,E461R,10.134766
P20873_GAG_HV1JR,E461S,13.352417
P20873_GAG_HV1JR,E461T,13.49295
P20873_GAG_HV1JR,E461V,10.79837
P20873_GAG_HV1JR,E461W,13.391571
P20873_GAG_HV1JR,E461Y,11.97052
P20873_GAG_HV1JR,S462A,9.416473
P20873_GAG_HV1JR,S462C,7.918915
P20873_GAG_HV1JR,S462D,10.407013
P20873_GAG_HV1JR,S462E,9.1336975
P20873_GAG_HV1JR,S462F,12.213959
P20873_GAG_HV1JR,S462G,7.9157715
P20873_GAG_HV1JR,S462H,12.168121
P20873_GAG_HV1JR,S462I,5.1948547
P20873_GAG_HV1JR,S462K,10.279663
P20873_GAG_HV1JR,S462L,8.361847
P20873_GAG_HV1JR,S462M,10.544556
P20873_GAG_HV1JR,S462N,6.7346497
P20873_GAG_HV1JR,S462P,10.40152
P20873_GAG_HV1JR,S462Q,10.405762
P20873_GAG_HV1JR,S462R,8.853302
P20873_GAG_HV1JR,S462T,8.678864
P20873_GAG_HV1JR,S462V,9.0
P20873_GAG_HV1JR,S462W,12.203766
P20873_GAG_HV1JR,S462Y,10.556549
P20873_GAG_HV1JR,F463A,10.555115
P20873_GAG_HV1JR,F463C,7.7061462
P20873_GAG_HV1JR,F463D,12.206116
P20873_GAG_HV1JR,F463E,12.128296
P20873_GAG_HV1JR,F463G,9.6336975
P20873_GAG_HV1JR,F463H,12.192871
P20873_GAG_HV1JR,F463I,6.9970093
P20873_GAG_HV1JR,F463K,12.16095
P20873_GAG_HV1JR,F463L,4.673401
P20873_GAG_HV1JR,F463M,11.240845
P20873_GAG_HV1JR,F463N,12.184753
P20873_GAG_HV1JR,F463P,11.924561
P20873_GAG_HV1JR,F463Q,9.818115
P20873_GAG_HV1JR,F463R,11.031799
P20873_GAG_HV1JR,F463S,8.879547
P20873_GAG_HV1JR,F463T,10.309723
P20873_GAG_HV1JR,F463V,6.6616516
P20873_GAG_HV1JR,F463W,9.47467
P20873_GAG_HV1JR,F463Y,9.550018
P20873_GAG_HV1JR,R464A,8.657501
P20873_GAG_HV1JR,R464C,11.378052
P20873_GAG_HV1JR,R464D,11.400299
P20873_GAG_HV1JR,R464E,9.342651
P20873_GAG_HV1JR,R464F,9.623596
P20873_GAG_HV1JR,R464G,3.6461487
P20873_GAG_HV1JR,R464H,10.375153
P20873_GAG_HV1JR,R464I,11.506958
P20873_GAG_HV1JR,R464K,4.704315
P20873_GAG_HV1JR,R464L,8.596252
P20873_GAG_HV1JR,R464M,6.1463623
P20873_GAG_HV1JR,R464N,9.159973
P20873_GAG_HV1JR,R464P,10.35202
P20873_GAG_HV1JR,R464Q,8.819519
P20873_GAG_HV1JR,R464S,4.832672
P20873_GAG_HV1JR,R464T,8.854248
P20873_GAG_HV1JR,R464V,8.596863
P20873_GAG_HV1JR,R464W,9.96405
P20873_GAG_HV1JR,R464Y,11.429749
P20873_GAG_HV1JR,F465A,9.4002075
P20873_GAG_HV1JR,F465C,7.1017456
P20873_GAG_HV1JR,F465D,10.119659
P20873_GAG_HV1JR,F465E,6.137451
P20873_GAG_HV1JR,F465G,9.479645
P20873_GAG_HV1JR,F465H,11.699524
P20873_GAG_HV1JR,F465I,8.9096985
P20873_GAG_HV1JR,F465K,9.884216
P20873_GAG_HV1JR,F465L,6.095398
P20873_GAG_HV1JR,F465M,7.904602
P20873_GAG_HV1JR,F465N,9.014496
P20873_GAG_HV1JR,F465P,8.749207
P20873_GAG_HV1JR,F465Q,11.724121
P20873_GAG_HV1JR,F465R,7.6681213
P20873_GAG_HV1JR,F465S,5.5641174
P20873_GAG_HV1JR,F465T,10.636719
P20873_GAG_HV1JR,F465V,7.2947693
P20873_GAG_HV1JR,F465W,8.492004
P20873_GAG_HV1JR,F465Y,7.719818
P20873_GAG_HV1JR,G466A,8.146545
P20873_GAG_HV1JR,G466C,9.909515
P20873_GAG_HV1JR,G466D,10.160095
P20873_GAG_HV1JR,G466E,7.428772
P20873_GAG_HV1JR,G466F,9.865845
P20873_GAG_HV1JR,G466H,12.274811
P20873_GAG_HV1JR,G466I,11.167908
P20873_GAG_HV1JR,G466K,7.4319153
P20873_GAG_HV1JR,G466L,10.587311
P20873_GAG_HV1JR,G466M,10.17807
P20873_GAG_HV1JR,G466N,11.222351
P20873_GAG_HV1JR,G466P,12.251801
P20873_GAG_HV1JR,G466Q,9.469452
P20873_GAG_HV1JR,G466R,6.0834656
P20873_GAG_HV1JR,G466S,10.995972
P20873_GAG_HV1JR,G466T,9.58606
P20873_GAG_HV1JR,G466V,6.466156
P20873_GAG_HV1JR,G466W,9.401703
P20873_GAG_HV1JR,G466Y,11.361145
P20873_GAG_HV1JR,E467A,9.186798
P20873_GAG_HV1JR,E467C,10.702545
P20873_GAG_HV1JR,E467D,8.385864
P20873_GAG_HV1JR,E467F,9.852417
P20873_GAG_HV1JR,E467G,4.600006
P20873_GAG_HV1JR,E467H,12.029297
P20873_GAG_HV1JR,E467I,10.071716
P20873_GAG_HV1JR,E467K,6.3634644
P20873_GAG_HV1JR,E467L,10.512817
P20873_GAG_HV1JR,E467M,12.058044
P20873_GAG_HV1JR,E467N,10.5971985
P20873_GAG_HV1JR,E467P,8.638519
P20873_GAG_HV1JR,E467Q,9.213409
P20873_GAG_HV1JR,E467R,8.553558
P20873_GAG_HV1JR,E467S,10.130463
P20873_GAG_HV1JR,E467T,8.442017
P20873_GAG_HV1JR,E467V,7.0648193
P20873_GAG_HV1JR,E467W,10.328857
P20873_GAG_HV1JR,E467Y,12.006622
P20873_GAG_HV1JR,E468A,6.3241577
P20873_GAG_HV1JR,E468C,11.850922
P20873_GAG_HV1JR,E468D,8.658417
P20873_GAG_HV1JR,E468F,11.802368
P20873_GAG_HV1JR,E468G,3.9517212
P20873_GAG_HV1JR,E468H,11.764374
P20873_GAG_HV1JR,E468I,11.273651
P20873_GAG_HV1JR,E468K,6.125
P20873_GAG_HV1JR,E468L,9.912323
P20873_GAG_HV1JR,E468M,11.806671
P20873_GAG_HV1JR,E468N,9.446899
P20873_GAG_HV1JR,E468P,9.551147
P20873_GAG_HV1JR,E468Q,6.463562
P20873_GAG_HV1JR,E468R,7.8087463
P20873_GAG_HV1JR,E468S,10.135864
P20873_GAG_HV1JR,E468T,7.9252625
P20873_GAG_HV1JR,E468V,9.84436
P20873_GAG_HV1JR,E468W,10.229462
P20873_GAG_HV1JR,E468Y,11.760223
P20873_GAG_HV1JR,T469A,3.7658997
P20873_GAG_HV1JR,T469C,10.124512
P20873_GAG_HV1JR,T469D,8.7378235
P20873_GAG_HV1JR,T469E,4.2906494
P20873_GAG_HV1JR,T469F,9.838348
P20873_GAG_HV1JR,T469G,8.163757
P20873_GAG_HV1JR,T469H,11.077057
P20873_GAG_HV1JR,T469I,4.800354
P20873_GAG_HV1JR,T469K,5.178772
P20873_GAG_HV1JR,T469L,8.530823
P20873_GAG_HV1JR,T469M,6.4035645
P20873_GAG_HV1JR,T469N,8.785461
P20873_GAG_HV1JR,T469P,5.924774
P20873_GAG_HV1JR,T469Q,7.414673
P20873_GAG_HV1JR,T469R,8.565613
P20873_GAG_HV1JR,T469S,8.518402
P20873_GAG_HV1JR,T469V,7.3498535
P20873_GAG_HV1JR,T469W,10.672974
P20873_GAG_HV1JR,T469Y,11.106598
P20873_GAG_HV1JR,A470C,8.855408
P20873_GAG_HV1JR,A470D,7.294464
P20873_GAG_HV1JR,A470E,6.6070557
P20873_GAG_HV1JR,A470F,8.869904
P20873_GAG_HV1JR,A470G,7.74527
P20873_GAG_HV1JR,A470H,8.551605
P20873_GAG_HV1JR,A470I,2.1705627
P20873_GAG_HV1JR,A470K,5.3956604
P20873_GAG_HV1JR,A470L,6.068268
P20873_GAG_HV1JR,A470M,4.0652466
P20873_GAG_HV1JR,A470N,8.907623
P20873_GAG_HV1JR,A470P,3.5156555
P20873_GAG_HV1JR,A470Q,7.03891
P20873_GAG_HV1JR,A470R,8.930359
P20873_GAG_HV1JR,A470S,5.920868
P20873_GAG_HV1JR,A470T,-1.9649048
P20873_GAG_HV1JR,A470V,4.5294495
P20873_GAG_HV1JR,A470W,8.833374
P20873_GAG_HV1JR,A470Y,7.5120544
P20873_GAG_HV1JR,T471A,2.3616028
P20873_GAG_HV1JR,T471C,9.272003
P20873_GAG_HV1JR,T471D,7.3455505
P20873_GAG_HV1JR,T471E,9.123169
P20873_GAG_HV1JR,T471F,11.001312
P20873_GAG_HV1JR,T471G,8.707245
P20873_GAG_HV1JR,T471H,8.866669
P20873_GAG_HV1JR,T471I,4.946747
P20873_GAG_HV1JR,T471K,9.723846
P20873_GAG_HV1JR,T471L,8.185272
P20873_GAG_HV1JR,T471M,10.909271
P20873_GAG_HV1JR,T471N,5.232849
P20873_GAG_HV1JR,T471P,5.099762
P20873_GAG_HV1JR,T471Q,10.985901
P20873_GAG_HV1JR,T471R,9.186218
P20873_GAG_HV1JR,T471S,5.4626465
P20873_GAG_HV1JR,T471V,6.309204
P20873_GAG_HV1JR,T471W,9.969452
P20873_GAG_HV1JR,T471Y,11.03006
P20873_GAG_HV1JR,P472A,8.106567
P20873_GAG_HV1JR,P472C,9.6840515
P20873_GAG_HV1JR,P472D,9.943054
P20873_GAG_HV1JR,P472E,10.230316
P20873_GAG_HV1JR,P472F,10.831604
P20873_GAG_HV1JR,P472G,9.817566
P20873_GAG_HV1JR,P472H,6.8551636
P20873_GAG_HV1JR,P472I,10.218964
P20873_GAG_HV1JR,P472K,12.058868
P20873_GAG_HV1JR,P472L,5.7420044
P20873_GAG_HV1JR,P472M,10.84552
P20873_GAG_HV1JR,P472N,9.292969
P20873_GAG_HV1JR,P472Q,9.23056
P20873_GAG_HV1JR,P472R,8.93811
P20873_GAG_HV1JR,P472S,5.043915
P20873_GAG_HV1JR,P472T,7.1961975
P20873_GAG_HV1JR,P472V,8.609772
P20873_GAG_HV1JR,P472W,11.90036
P20873_GAG_HV1JR,P472Y,10.495758
P20873_GAG_HV1JR,S473A,4.105957
P20873_GAG_HV1JR,S473C,8.240509
P20873_GAG_HV1JR,S473D,8.023773
P20873_GAG_HV1JR,S473E,8.990967
P20873_GAG_HV1JR,S473F,4.789612
P20873_GAG_HV1JR,S473G,7.5209045
P20873_GAG_HV1JR,S473H,5.9949036
P20873_GAG_HV1JR,S473I,9.485962
P20873_GAG_HV1JR,S473K,9.8532715
P20873_GAG_HV1JR,S473L,5.539459
P20873_GAG_HV1JR,S473M,10.4618225
P20873_GAG_HV1JR,S473N,8.026062
P20873_GAG_HV1JR,S473P,0.9409485
P20873_GAG_HV1JR,S473Q,7.7288513
P20873_GAG_HV1JR,S473R,7.770752
P20873_GAG_HV1JR,S473T,5.814911
P20873_GAG_HV1JR,S473V,7.1184998
P20873_GAG_HV1JR,S473W,10.442596
P20873_GAG_HV1JR,S473Y,6.93631
P20873_GAG_HV1JR,Q478A,9.435211
P20873_GAG_HV1JR,Q478C,12.292908
P20873_GAG_HV1JR,Q478D,10.578857
P20873_GAG_HV1JR,Q478E,9.077545
P20873_GAG_HV1JR,Q478F,11.039856
P20873_GAG_HV1JR,Q478G,10.226715
P20873_GAG_HV1JR,Q478H,10.360016
P20873_GAG_HV1JR,Q478I,9.563019
P20873_GAG_HV1JR,Q478K,9.869659
P20873_GAG_HV1JR,Q478L,6.2740173
P20873_GAG_HV1JR,Q478M,10.7547
P20873_GAG_HV1JR,Q478N,12.389252
P20873_GAG_HV1JR,Q478P,5.535858
P20873_GAG_HV1JR,Q478R,6.336548
P20873_GAG_HV1JR,Q478S,8.780365
P20873_GAG_HV1JR,Q478T,9.835571
P20873_GAG_HV1JR,Q478V,10.410645
P20873_GAG_HV1JR,Q478W,10.286652
P20873_GAG_HV1JR,Q478Y,9.509766
P20873_GAG_HV1JR,K479A,9.549072
P20873_GAG_HV1JR,K479C,11.87207
P20873_GAG_HV1JR,K479D,10.171753
P20873_GAG_HV1JR,K479E,6.9784546
P20873_GAG_HV1JR,K479F,10.871857
P20873_GAG_HV1JR,K479G,7.5384216
P20873_GAG_HV1JR,K479H,11.876373
P20873_GAG_HV1JR,K479I,9.451324
P20873_GAG_HV1JR,K479L,10.234619
P20873_GAG_HV1JR,K479M,9.591095
P20873_GAG_HV1JR,K479N,7.78302
P20873_GAG_HV1JR,K479P,9.371307
P20873_GAG_HV1JR,K479Q,7.6376953
P20873_GAG_HV1JR,K479R,4.315613
P20873_GAG_HV1JR,K479S,7.0046997
P20873_GAG_HV1JR,K479T,8.397461
P20873_GAG_HV1JR,K479V,9.488617
P20873_GAG_HV1JR,K479W,11.84137
P20873_GAG_HV1JR,K479Y,10.328857
P20873_GAG_HV1JR,Q480A,9.551147
P20873_GAG_HV1JR,Q480C,11.994507
P20873_GAG_HV1JR,Q480D,11.279297
P20873_GAG_HV1JR,Q480E,8.027222
P20873_GAG_HV1JR,Q480F,11.91452
P20873_GAG_HV1JR,Q480G,9.670471
P20873_GAG_HV1JR,Q480H,9.01297
P20873_GAG_HV1JR,Q480I,10.332703
P20873_GAG_HV1JR,Q480K,5.5373535
P20873_GAG_HV1JR,Q480L,7.9468994
P20873_GAG_HV1JR,Q480M,10.830475
P20873_GAG_HV1JR,Q480N,11.223511
P20873_GAG_HV1JR,Q480P,4.955658
P20873_GAG_HV1JR,Q480R,5.594452
P20873_GAG_HV1JR,Q480S,8.733307
P20873_GAG_HV1JR,Q480T,10.234467
P20873_GAG_HV1JR,Q480V,9.793457
P20873_GAG_HV1JR,Q480W,10.760864
P20873_GAG_HV1JR,Q480Y,10.707916
P20873_GAG_HV1JR,E481A,8.726257
P20873_GAG_HV1JR,E481C,11.57962
P20873_GAG_HV1JR,E481D,4.3222046
P20873_GAG_HV1JR,E481F,10.813599
P20873_GAG_HV1JR,E481G,3.657959
P20873_GAG_HV1JR,E481H,9.691101
P20873_GAG_HV1JR,E481I,11.5802
P20873_GAG_HV1JR,E481K,7.0906982
P20873_GAG_HV1JR,E481L,9.438263
P20873_GAG_HV1JR,E481M,10.363098
P20873_GAG_HV1JR,E481N,9.201996
P20873_GAG_HV1JR,E481P,8.436249
P20873_GAG_HV1JR,E481Q,8.2751465
P20873_GAG_HV1JR,E481R,9.027313
P20873_GAG_HV1JR,E481S,8.579712
P20873_GAG_HV1JR,E481T,8.423157
P20873_GAG_HV1JR,E481V,9.311157
P20873_GAG_HV1JR,E481W,9.598053
P20873_GAG_HV1JR,E481Y,11.603058
P20873_GAG_HV1JR,P482A,5.364258
P20873_GAG_HV1JR,P482C,10.280151
P20873_GAG_HV1JR,P482D,7.034912
P20873_GAG_HV1JR,P482E,6.51062
P20873_GAG_HV1JR,P482F,9.31192
P20873_GAG_HV1JR,P482G,6.978058
P20873_GAG_HV1JR,P482H,8.707855
P20873_GAG_HV1JR,P482I,7.3374634
P20873_GAG_HV1JR,P482K,4.7911987
P20873_GAG_HV1JR,P482L,3.580902
P20873_GAG_HV1JR,P482M,6.0338745
P20873_GAG_HV1JR,P482N,10.277252
P20873_GAG_HV1JR,P482Q,2.311798
P20873_GAG_HV1JR,P482R,5.5406494
P20873_GAG_HV1JR,P482S,3.631256
P20873_GAG_HV1JR,P482T,2.3552246
P20873_GAG_HV1JR,P482V,6.6485596
P20873_GAG_HV1JR,P482W,8.479309
P20873_GAG_HV1JR,P482Y,9.2164
P20873_GAG_HV1JR,I483A,5.527313
P20873_GAG_HV1JR,I483C,9.063599
P20873_GAG_HV1JR,I483D,8.331848
P20873_GAG_HV1JR,I483E,5.8245544
P20873_GAG_HV1JR,I483F,9.312805
P20873_GAG_HV1JR,I483G,4.6361694
P20873_GAG_HV1JR,I483H,10.195465
P20873_GAG_HV1JR,I483K,3.4495544
P20873_GAG_HV1JR,I483L,5.126465
P20873_GAG_HV1JR,I483M,4.2156067
P20873_GAG_HV1JR,I483N,10.233002
P20873_GAG_HV1JR,I483P,5.667053
P20873_GAG_HV1JR,I483Q,6.986969
P20873_GAG_HV1JR,I483R,2.933197
P20873_GAG_HV1JR,I483S,7.358368
P20873_GAG_HV1JR,I483T,2.3285217
P20873_GAG_HV1JR,I483V,3.1130066
P20873_GAG_HV1JR,I483W,9.671722
P20873_GAG_HV1JR,I483Y,10.300598
P20873_GAG_HV1JR,D484A,8.596405
P20873_GAG_HV1JR,D484C,10.656067
P20873_GAG_HV1JR,D484E,5.5407715
P20873_GAG_HV1JR,D484F,10.781067
P20873_GAG_HV1JR,D484G,5.551819
P20873_GAG_HV1JR,D484H,9.5578
P20873_GAG_HV1JR,D484I,11.428558
P20873_GAG_HV1JR,D484K,7.248169
P20873_GAG_HV1JR,D484L,9.706848
P20873_GAG_HV1JR,D484M,11.878815
P20873_GAG_HV1JR,D484N,4.9543457
P20873_GAG_HV1JR,D484P,9.56781
P20873_GAG_HV1JR,D484Q,7.5403137
P20873_GAG_HV1JR,D484R,9.275665
P20873_GAG_HV1JR,D484S,8.509613
P20873_GAG_HV1JR,D484T,8.997162
P20873_GAG_HV1JR,D484V,9.151855
P20873_GAG_HV1JR,D484W,10.323914
P20873_GAG_HV1JR,D484Y,11.885864
P20873_GAG_HV1JR,K485A,8.60141
P20873_GAG_HV1JR,K485C,10.198761
P20873_GAG_HV1JR,K485D,9.203613
P20873_GAG_HV1JR,K485E,5.0880127
P20873_GAG_HV1JR,K485F,10.19696
P20873_GAG_HV1JR,K485G,8.267273
P20873_GAG_HV1JR,K485H,9.987213
P20873_GAG_HV1JR,K485I,9.580597
P20873_GAG_HV1JR,K485L,8.174652
P20873_GAG_HV1JR,K485M,11.487213
P20873_GAG_HV1JR,K485N,8.192871
P20873_GAG_HV1JR,K485P,7.7325134
P20873_GAG_HV1JR,K485Q,4.0298157
P20873_GAG_HV1JR,K485R,3.7196655
P20873_GAG_HV1JR,K485S,8.399597
P20873_GAG_HV1JR,K485T,7.0325623
P20873_GAG_HV1JR,K485V,9.482574
P20873_GAG_HV1JR,K485W,9.965851
P20873_GAG_HV1JR,K485Y,9.638123
P20873_GAG_HV1JR,E486A,8.087769
P20873_GAG_HV1JR,E486C,11.334747
P20873_GAG_HV1JR,E486D,2.446869
P20873_GAG_HV1JR,E486F,8.994019
P20873_GAG_HV1JR,E486G,4.3928223
P20873_GAG_HV1JR,E486H,11.192108
P20873_GAG_HV1JR,E486I,9.3298645
P20873_GAG_HV1JR,E486K,7.6757507
P20873_GAG_HV1JR,E486L,9.694275
P20873_GAG_HV1JR,E486M,11.2890625
P20873_GAG_HV1JR,E486N,7.3072205
P20873_GAG_HV1JR,E486P,9.825317
P20873_GAG_HV1JR,E486Q,7.5861206
P20873_GAG_HV1JR,E486R,9.023773
P20873_GAG_HV1JR,E486S,7.032898
P20873_GAG_HV1JR,E486T,9.204498
P20873_GAG_HV1JR,E486V,9.317963
P20873_GAG_HV1JR,E486W,10.033508
P20873_GAG_HV1JR,E486Y,10.576904
P20873_GAG_HV1JR,L487A,7.6289673
P20873_GAG_HV1JR,L487C,8.54187
P20873_GAG_HV1JR,L487D,9.994324
P20873_GAG_HV1JR,L487E,8.221924
P20873_GAG_HV1JR,L487F,7.981964
P20873_GAG_HV1JR,L487G,6.5266724
P20873_GAG_HV1JR,L487H,7.2664185
P20873_GAG_HV1JR,L487I,6.232971
P20873_GAG_HV1JR,L487K,4.1028137
P20873_GAG_HV1JR,L487M,2.2306213
P20873_GAG_HV1JR,L487N,8.255249
P20873_GAG_HV1JR,L487P,5.0244446
P20873_GAG_HV1JR,L487Q,3.5031738
P20873_GAG_HV1JR,L487R,3.96521
P20873_GAG_HV1JR,L487S,7.0120544
P20873_GAG_HV1JR,L487T,3.959198
P20873_GAG_HV1JR,L487V,4.1875
P20873_GAG_HV1JR,L487W,10.301056
P20873_GAG_HV1JR,L487Y,7.740753
P20873_GAG_HV1JR,Y488A,10.493774
P20873_GAG_HV1JR,Y488C,6.557373
P20873_GAG_HV1JR,Y488D,9.51535
P20873_GAG_HV1JR,Y488E,8.932648
P20873_GAG_HV1JR,Y488F,7.072174
P20873_GAG_HV1JR,Y488G,8.983246
P20873_GAG_HV1JR,Y488H,5.351166
P20873_GAG_HV1JR,Y488I,10.101257
P20873_GAG_HV1JR,Y488K,9.59436
P20873_GAG_HV1JR,Y488L,8.307251
P20873_GAG_HV1JR,Y488M,11.778564
P20873_GAG_HV1JR,Y488N,7.254059
P20873_GAG_HV1JR,Y488P,7.424652
P20873_GAG_HV1JR,Y488Q,10.550262
P20873_GAG_HV1JR,Y488R,8.454346
P20873_GAG_HV1JR,Y488S,5.7427673
P20873_GAG_HV1JR,Y488T,8.556824
P20873_GAG_HV1JR,Y488V,9.272949
P20873_GAG_HV1JR,Y488W,9.647949
P20873_GAG_HV1JR,P489A,9.992218
P20873_GAG_HV1JR,P489C,12.254608
P20873_GAG_HV1JR,P489D,13.5269165
P20873_GAG_HV1JR,P489E,10.011169
P20873_GAG_HV1JR,P489F,13.430908
P20873_GAG_HV1JR,P489G,9.900024
P20873_GAG_HV1JR,P489H,9.895905
P20873_GAG_HV1JR,P489I,13.533447
P20873_GAG_HV1JR,P489K,11.787018
P20873_GAG_HV1JR,P489L,9.979248
P20873_GAG_HV1JR,P489M,13.544006
P20873_GAG_HV1JR,P489N,10.664215
P20873_GAG_HV1JR,P489Q,10.067474
P20873_GAG_HV1JR,P489R,10.384125
P20873_GAG_HV1JR,P489S,9.280457
P20873_GAG_HV1JR,P489T,9.986359
P20873_GAG_HV1JR,P489V,11.309296
P20873_GAG_HV1JR,P489W,9.637451
P20873_GAG_HV1JR,P489Y,11.5364685
P20873_GAG_HV1JR,L490A,7.7700195
P20873_GAG_HV1JR,L490C,11.184296
P20873_GAG_HV1JR,L490D,9.70697
P20873_GAG_HV1JR,L490E,8.02655
P20873_GAG_HV1JR,L490F,5.020447
P20873_GAG_HV1JR,L490G,8.134247
P20873_GAG_HV1JR,L490H,9.860596
P20873_GAG_HV1JR,L490I,6.2551575
P20873_GAG_HV1JR,L490K,9.071655
P20873_GAG_HV1JR,L490M,5.913971
P20873_GAG_HV1JR,L490N,10.452698
P20873_GAG_HV1JR,L490P,8.114655
P20873_GAG_HV1JR,L490Q,7.873749
P20873_GAG_HV1JR,L490R,10.117065
P20873_GAG_HV1JR,L490S,3.1655579
P20873_GAG_HV1JR,L490T,5.867401
P20873_GAG_HV1JR,L490V,5.630249
P20873_GAG_HV1JR,L490W,6.382019
P20873_GAG_HV1JR,L490Y,10.9991455
P20873_GAG_HV1JR,T491A,-1.3225403
P20873_GAG_HV1JR,T491C,6.8424683
P20873_GAG_HV1JR,T491D,3.1632996
P20873_GAG_HV1JR,T491E,7.4626465
P20873_GAG_HV1JR,T491F,7.995758
P20873_GAG_HV1JR,T491G,6.7738037
P20873_GAG_HV1JR,T491H,7.0245056
P20873_GAG_HV1JR,T491I,5.084564
P20873_GAG_HV1JR,T491K,8.13736
P20873_GAG_HV1JR,T491L,5.894867
P20873_GAG_HV1JR,T491M,9.335266
P20873_GAG_HV1JR,T491N,5.0716248
P20873_GAG_HV1JR,T491P,5.5554504
P20873_GAG_HV1JR,T491Q,7.235565
P20873_GAG_HV1JR,T491R,7.8219604
P20873_GAG_HV1JR,T491S,3.1591187
P20873_GAG_HV1JR,T491V,2.754364
P20873_GAG_HV1JR,T491W,7.719513
P20873_GAG_HV1JR,T491Y,8.6910095
P20873_GAG_HV1JR,S492A,5.360565
P20873_GAG_HV1JR,S492C,9.248749
P20873_GAG_HV1JR,S492D,11.125
P20873_GAG_HV1JR,S492E,9.839203
P20873_GAG_HV1JR,S492F,9.701996
P20873_GAG_HV1JR,S492G,9.48526
P20873_GAG_HV1JR,S492H,10.761963
P20873_GAG_HV1JR,S492I,11.148315
P20873_GAG_HV1JR,S492K,10.313324
P20873_GAG_HV1JR,S492L,9.860107
P20873_GAG_HV1JR,S492M,12.767914
P20873_GAG_HV1JR,S492N,10.451752
P20873_GAG_HV1JR,S492P,9.622711
P20873_GAG_HV1JR,S492Q,10.650299
P20873_GAG_HV1JR,S492R,9.370422
P20873_GAG_HV1JR,S492T,8.21402
P20873_GAG_HV1JR,S492V,10.386475
P20873_GAG_HV1JR,S492W,12.668671
P20873_GAG_HV1JR,S492Y,9.544464
P20873_GAG_HV1JR,L493A,13.307465
P20873_GAG_HV1JR,L493C,11.594849
P20873_GAG_HV1JR,L493D,10.139374
P20873_GAG_HV1JR,L493E,10.683258
P20873_GAG_HV1JR,L493F,9.426422
P20873_GAG_HV1JR,L493G,11.872345
P20873_GAG_HV1JR,L493H,13.373871
P20873_GAG_HV1JR,L493I,8.831207
P20873_GAG_HV1JR,L493K,10.278961
P20873_GAG_HV1JR,L493M,10.7100525
P20873_GAG_HV1JR,L493N,12.052002
P20873_GAG_HV1JR,L493P,9.402374
P20873_GAG_HV1JR,L493Q,13.280853
P20873_GAG_HV1JR,L493R,10.054749
P20873_GAG_HV1JR,L493S,9.911072
P20873_GAG_HV1JR,L493T,11.337555
P20873_GAG_HV1JR,L493V,9.993622
P20873_GAG_HV1JR,L493W,10.580872
P20873_GAG_HV1JR,L493Y,10.53952
P20873_GAG_HV1JR,R494A,8.639313
P20873_GAG_HV1JR,R494C,9.898956
P20873_GAG_HV1JR,R494D,8.966553
P20873_GAG_HV1JR,R494E,7.674011
P20873_GAG_HV1JR,R494F,10.689148
P20873_GAG_HV1JR,R494G,8.344757
P20873_GAG_HV1JR,R494H,8.5338745
P20873_GAG_HV1JR,R494I,9.118469
P20873_GAG_HV1JR,R494K,0.31506348
P20873_GAG_HV1JR,R494L,7.8077087
P20873_GAG_HV1JR,R494M,9.095612
P20873_GAG_HV1JR,R494N,7.3584595
P20873_GAG_HV1JR,R494P,8.249664
P20873_GAG_HV1JR,R494Q,7.688568
P20873_GAG_HV1JR,R494S,7.776367
P20873_GAG_HV1JR,R494T,7.3413696
P20873_GAG_HV1JR,R494V,9.513947
P20873_GAG_HV1JR,R494W,8.469421
P20873_GAG_HV1JR,R494Y,9.03006
P20873_GAG_HV1JR,S495A,9.722473
P20873_GAG_HV1JR,S495C,10.67157
P20873_GAG_HV1JR,S495D,9.441559
P20873_GAG_HV1JR,S495E,9.2248535
P20873_GAG_HV1JR,S495F,12.864197
P20873_GAG_HV1JR,S495G,9.113251
P20873_GAG_HV1JR,S495H,10.163208
P20873_GAG_HV1JR,S495I,10.05896
P20873_GAG_HV1JR,S495K,11.522675
P20873_GAG_HV1JR,S495L,7.1166687
P20873_GAG_HV1JR,S495M,12.862061
P20873_GAG_HV1JR,S495N,10.513062
P20873_GAG_HV1JR,S495P,8.234863
P20873_GAG_HV1JR,S495Q,9.135895
P20873_GAG_HV1JR,S495R,11.267609
P20873_GAG_HV1JR,S495T,9.218903
P20873_GAG_HV1JR,S495V,10.243805
P20873_GAG_HV1JR,S495W,11.956116
P20873_GAG_HV1JR,S495Y,11.915253
P20873_GAG_HV1JR,L496A,10.35965
P20873_GAG_HV1JR,L496C,13.404266
P20873_GAG_HV1JR,L496D,11.097168
P20873_GAG_HV1JR,L496E,10.644562
P20873_GAG_HV1JR,L496F,11.118103
P20873_GAG_HV1JR,L496G,12.148865
P20873_GAG_HV1JR,L496H,10.721924
P20873_GAG_HV1JR,L496I,9.897614
P20873_GAG_HV1JR,L496K,10.011414
P20873_GAG_HV1JR,L496M,12.483398
P20873_GAG_HV1JR,L496N,13.510223
P20873_GAG_HV1JR,L496P,11.5989685
P20873_GAG_HV1JR,L496Q,11.828674
P20873_GAG_HV1JR,L496R,10.421661
P20873_GAG_HV1JR,L496S,9.422546
P20873_GAG_HV1JR,L496T,8.919861
P20873_GAG_HV1JR,L496V,10.941498
P20873_GAG_HV1JR,L496W,10.963745
P20873_GAG_HV1JR,L496Y,11.208801
P20873_GAG_HV1JR,F497A,10.412048
P20873_GAG_HV1JR,F497C,10.9670105
P20873_GAG_HV1JR,F497D,11.316864
P20873_GAG_HV1JR,F497E,10.477173
P20873_GAG_HV1JR,F497G,9.75531
P20873_GAG_HV1JR,F497H,9.956696
P20873_GAG_HV1JR,F497I,9.240753
P20873_GAG_HV1JR,F497K,11.264008
P20873_GAG_HV1JR,F497L,8.260498
P20873_GAG_HV1JR,F497M,11.570618
P20873_GAG_HV1JR,F497N,11.931549
P20873_GAG_HV1JR,F497P,13.154602
P20873_GAG_HV1JR,F497Q,10.902649
P20873_GAG_HV1JR,F497R,11.8776245
P20873_GAG_HV1JR,F497S,8.574463
P20873_GAG_HV1JR,F497T,11.578613
P20873_GAG_HV1JR,F497V,9.089355
P20873_GAG_HV1JR,F497W,10.150452
P20873_GAG_HV1JR,F497Y,9.842651
P20873_GAG_HV1JR,G498A,9.249756
P20873_GAG_HV1JR,G498C,11.533051
P20873_GAG_HV1JR,G498D,10.466614
P20873_GAG_HV1JR,G498E,11.466675
P20873_GAG_HV1JR,G498F,12.209961
P20873_GAG_HV1JR,G498H,11.10257
P20873_GAG_HV1JR,G498I,11.4086
P20873_GAG_HV1JR,G498K,9.589722
P20873_GAG_HV1JR,G498L,10.204224
P20873_GAG_HV1JR,G498M,11.707947
P20873_GAG_HV1JR,G498N,11.001099
P20873_GAG_HV1JR,G498P,10.736969
P20873_GAG_HV1JR,G498Q,12.064423
P20873_GAG_HV1JR,G498R,9.971649
P20873_GAG_HV1JR,G498S,9.97406
P20873_GAG_HV1JR,G498T,9.843048
P20873_GAG_HV1JR,G498V,11.919312
P20873_GAG_HV1JR,G498W,9.973816
P20873_GAG_HV1JR,G498Y,11.926697
P20873_GAG_HV1JR,N499A,9.343048
P20873_GAG_HV1JR,N499C,11.791321
P20873_GAG_HV1JR,N499D,8.682159
P20873_GAG_HV1JR,N499E,8.124298
P20873_GAG_HV1JR,N499F,11.783051
P20873_GAG_HV1JR,N499G,9.111603
P20873_GAG_HV1JR,N499H,9.340668
P20873_GAG_HV1JR,N499I,10.684967
P20873_GAG_HV1JR,N499K,10.857697
P20873_GAG_HV1JR,N499L,8.456696
P20873_GAG_HV1JR,N499M,10.23465
P20873_GAG_HV1JR,N499P,9.192169
P20873_GAG_HV1JR,N499Q,8.186951
P20873_GAG_HV1JR,N499R,8.064056
P20873_GAG_HV1JR,N499S,3.1049194
P20873_GAG_HV1JR,N499T,7.6448975
P20873_GAG_HV1JR,N499V,10.456512
P20873_GAG_HV1JR,N499W,8.8012085
P20873_GAG_HV1JR,N499Y,10.324554
P20873_GAG_HV1JR,D500A,10.469696
P20873_GAG_HV1JR,D500C,10.658173
P20873_GAG_HV1JR,D500E,8.929169
P20873_GAG_HV1JR,D500F,11.309448
P20873_GAG_HV1JR,D500G,8.410004
P20873_GAG_HV1JR,D500H,10.974121
P20873_GAG_HV1JR,D500I,9.699799
P20873_GAG_HV1JR,D500K,9.82782
P20873_GAG_HV1JR,D500L,12.909424
P20873_GAG_HV1JR,D500M,12.834045
P20873_GAG_HV1JR,D500N,10.433655
P20873_GAG_HV1JR,D500P,9.974121
P20873_GAG_HV1JR,D500Q,9.644165
P20873_GAG_HV1JR,D500R,8.951447
P20873_GAG_HV1JR,D500S,9.271851
P20873_GAG_HV1JR,D500T,9.195862
P20873_GAG_HV1JR,D500V,10.5034485
P20873_GAG_HV1JR,D500W,11.929199
P20873_GAG_HV1JR,D500Y,10.283447
P20873_GAG_HV1JR,P501A,9.368805
P20873_GAG_HV1JR,P501C,9.424561
P20873_GAG_HV1JR,P501D,9.696411
P20873_GAG_HV1JR,P501E,9.242249
P20873_GAG_HV1JR,P501F,9.005707
P20873_GAG_HV1JR,P501G,8.96402
P20873_GAG_HV1JR,P501H,7.8241577
P20873_GAG_HV1JR,P501I,11.247559
P20873_GAG_HV1JR,P501K,9.82312
P20873_GAG_HV1JR,P501L,5.601471
P20873_GAG_HV1JR,P501M,10.369263
P20873_GAG_HV1JR,P501N,10.845123
P20873_GAG_HV1JR,P501Q,8.453705
P20873_GAG_HV1JR,P501R,8.2222595
P20873_GAG_HV1JR,P501S,10.082245
P20873_GAG_HV1JR,P501T,8.926758
P20873_GAG_HV1JR,P501V,12.204254
P20873_GAG_HV1JR,P501W,10.463165
P20873_GAG_HV1JR,P501Y,12.170166
P20873_GAG_HV1JR,S502A,8.415924
P20873_GAG_HV1JR,S502C,9.876801
P20873_GAG_HV1JR,S502D,8.215607
P20873_GAG_HV1JR,S502E,8.87085
P20873_GAG_HV1JR,S502F,11.437073
P20873_GAG_HV1JR,S502G,7.9833984
P20873_GAG_HV1JR,S502H,11.334473
P20873_GAG_HV1JR,S502I,8.530518
P20873_GAG_HV1JR,S502K,8.932648
P20873_GAG_HV1JR,S502L,2.593872
P20873_GAG_HV1JR,S502M,10.030609
P20873_GAG_HV1JR,S502N,11.372772
P20873_GAG_HV1JR,S502P,9.3706665
P20873_GAG_HV1JR,S502Q,8.949768
P20873_GAG_HV1JR,S502R,7.6505737
P20873_GAG_HV1JR,S502T,8.720367
P20873_GAG_HV1JR,S502V,7.7593994
P20873_GAG_HV1JR,S502W,7.817749
P20873_GAG_HV1JR,S502Y,9.913361
